time,temp,tmin,tmax,rhum,prcp,snwd,wspd,wpgt,pres,tsun,cldc
1986-01-01,,5.6,9.4,,1.8,0,10.1,27.7,,0,
1986-01-02,,2.2,21.1,,0.0,0,8.3,31.3,,590,
1986-01-03,,7.8,17.8,,0.0,0,11.9,33.5,,400,
1986-01-04,,7.8,18.9,,0.0,0,19.4,61.2,,585,
1986-01-05,,1.7,11.7,,0.0,0,13.3,40.7,,611,
1986-01-06,,0.6,16.7,,0.0,0,11.2,48.2,,342,
1986-01-07,,2.8,11.7,,2.3,0,26.6,66.6,,0,
1986-01-08,,0.6,2.8,,4.3,0,22.7,50.0,,0,
1986-01-09,,0.6,8.3,,0.5,0,13.7,31.3,,28,
1986-01-10,,1.1,17.2,,0.0,0,13.3,29.5,,619,
1986-01-11,,4.4,18.9,,0.0,0,10.4,33.5,,620,
1986-01-12,,5.0,22.2,,0.0,0,15.1,37.1,,621,
1986-01-13,,6.1,19.4,,0.0,0,10.8,33.5,,623,
1986-01-14,,1.1,21.7,,0.0,0,6.8,37.1,,582,
1986-01-15,,5.0,21.7,,0.0,0,9.4,40.7,,472,
1986-01-16,,12.2,20.6,,1.8,0,6.1,40.7,,0,
1986-01-17,,12.2,21.1,,0.8,0,7.6,25.9,,198,
1986-01-18,,12.2,22.8,,0.0,0,10.8,37.1,,274,
1986-01-19,,8.3,22.8,,0.0,0,13.0,25.9,,629,
1986-01-20,,6.1,26.1,,0.0,0,10.8,37.1,,630,
1986-01-21,,10.6,25.0,,0.0,0,18.0,51.8,,444,
1986-01-22,,8.3,16.7,,0.0,0,23.8,50.0,,118,
1986-01-23,,7.8,17.2,,0.0,0,11.5,27.7,,542,
1986-01-24,,9.4,20.0,,0.0,0,13.3,44.3,,28,
1986-01-25,,10.0,19.4,,0.0,0,23.8,55.4,,636,
1986-01-26,,4.4,16.1,,0.0,0,21.2,51.8,,637,
1986-01-27,,1.7,10.6,,0.0,0,14.0,33.5,,639,
1986-01-28,,1.1,22.2,,0.0,0,16.2,55.4,,640,
1986-01-29,,7.8,22.2,,0.0,0,15.8,40.7,,589,
1986-01-30,,8.3,22.8,,0.0,0,13.7,35.3,,522,
1986-01-31,,15.0,23.9,,0.0,0,17.6,40.7,,131,
1986-02-01,,17.8,24.4,,0.0,0,19.4,40.7,,65,
1986-02-02,,17.8,23.3,,0.0,0,15.1,35.3,,4,
1986-02-03,,15.6,21.7,,24.1,0,14.0,44.3,,0,
1986-02-04,,13.9,25.6,,0.0,0,9.0,25.9,,540,
1986-02-05,,9.4,16.1,,0.0,0,10.8,48.2,,54,
1986-02-06,,7.2,18.3,,0.0,0,11.2,29.5,,627,
1986-02-07,,6.1,16.7,,0.0,0,12.6,37.1,,32,
1986-02-08,,3.3,12.2,,1.8,0,26.6,55.4,,0,
1986-02-09,,2.2,3.9,,2.8,0,24.1,44.3,,0,
1986-02-10,,-0.6,3.3,,0.0,0,27.4,44.3,,0,
1986-02-11,,-2.2,5.0,,0.0,0,18.4,42.5,,421,
1986-02-12,,-2.8,7.8,,0.0,0,16.6,35.3,,571,
1986-02-13,,2.2,10.0,,0.3,0,14.0,33.5,,0,
1986-02-14,,8.3,20.6,,0.0,0,19.1,42.5,,646,
1986-02-15,,3.9,21.7,,0.0,0,13.3,38.9,,668,
1986-02-16,,15.6,26.7,,0.0,0,15.1,42.5,,271,
1986-02-17,,12.8,28.3,,0.0,0,12.2,42.5,,625,
1986-02-18,,11.1,32.8,,0.0,0,10.8,50.0,,629,
1986-02-19,,18.3,33.9,,0.0,0,15.1,38.9,,674,
1986-02-20,,13.3,36.1,,0.0,0,13.7,57.2,,676,
1986-02-21,,3.3,13.3,,0.0,0,24.1,46.4,,558,
1986-02-22,,3.3,17.8,,0.0,0,18.4,46.4,,511,
1986-02-23,,1.7,23.3,,0.0,0,14.8,40.7,,681,
1986-02-24,,6.1,24.4,,0.0,0,14.8,40.7,,683,
1986-02-25,,10.6,29.4,,0.0,0,10.8,29.5,,685,
1986-02-26,,11.7,31.7,,0.0,0,13.0,35.3,,686,
1986-02-27,,12.2,22.2,,0.0,0,24.8,74.2,,534,
1986-02-28,,6.1,16.1,,0.0,0,24.5,53.6,,592,
1986-03-01,,1.7,21.1,,0.0,0,14.8,42.5,,693,
1986-03-02,,7.2,26.1,,0.0,0,15.8,42.5,,670,
1986-03-03,,11.7,23.9,,0.0,0,14.8,70.2,,231,
1986-03-04,,8.9,22.8,,0.0,0,13.3,33.5,,698,
1986-03-05,,8.3,25.6,,0.0,0,16.6,42.5,,679,
1986-03-06,,11.7,22.8,,0.0,0,15.1,42.5,,701,
1986-03-07,,6.7,24.4,,0.0,0,11.9,48.2,,640,
1986-03-08,,14.4,26.1,,0.0,0,15.5,40.7,,303,
1986-03-09,,15.6,26.1,,0.0,0,22.0,51.8,,333,
1986-03-10,,17.8,28.9,,0.0,0,13.0,44.3,,667,
1986-03-11,,16.1,24.4,,4.6,0,16.2,81.4,,29,
1986-03-12,,10.0,26.7,,0.0,0,13.0,48.2,,642,
1986-03-13,,8.3,23.9,,0.3,0,11.2,63.0,,306,
1986-03-14,,7.8,21.1,,0.0,0,10.4,25.9,,400,
1986-03-15,,11.7,26.1,,2.0,0,12.6,48.2,,600,
1986-03-16,,6.7,27.8,,0.0,0,10.1,38.9,,720,
1986-03-17,,11.7,25.6,,0.0,0,20.5,51.8,,263,
1986-03-18,,13.9,26.7,,3.6,0,21.2,53.6,,606,
1986-03-19,,8.9,18.3,,0.0,0,26.6,53.6,,685,
1986-03-20,,7.2,17.8,,0.0,0,20.2,42.5,,727,
1986-03-21,,5.6,21.1,,0.0,0,12.2,33.5,,729,
1986-03-22,,4.4,22.8,,0.0,0,13.0,38.9,,730,
1986-03-23,,6.7,23.3,,0.0,0,13.7,40.7,,733,
1986-03-24,,8.9,23.9,,0.0,0,12.6,40.7,,722,
1986-03-25,,10.0,25.0,,0.0,0,16.2,44.3,,704,
1986-03-26,,13.9,25.6,,0.0,0,9.0,29.5,,480,
1986-03-27,,15.0,26.7,,0.0,0,6.8,24.1,,535,
1986-03-28,,15.6,27.8,,0.0,0,11.2,33.5,,733,
1986-03-29,,11.7,26.1,,0.0,0,14.0,38.9,,674,
1986-03-30,,14.4,27.2,,0.0,0,13.3,38.9,,639,
1986-03-31,,14.4,27.8,,0.0,0,13.3,42.5,,480,
1986-04-01,,17.8,27.8,,0.0,0,16.2,33.5,,319,
1986-04-02,,18.3,27.2,,0.0,0,20.9,50.0,,270,
1986-04-03,,18.3,23.9,,0.8,0,17.6,42.5,,2,
1986-04-04,,19.4,28.9,,0.5,0,14.8,35.3,,152,
1986-04-05,,21.1,29.4,,0.0,0,15.1,33.5,,396,
1986-04-06,,20.6,24.4,,0.0,0,10.8,25.9,,0,
1986-04-07,,20.6,30.0,,0.0,0,11.9,27.7,,197,
1986-04-08,,20.6,33.9,,8.4,0,15.1,50.0,,331,
1986-04-09,,12.2,20.6,,0.0,0,22.7,48.2,,39,
1986-04-10,,10.6,13.3,,0.3,0,11.9,33.5,,0,
1986-04-11,,13.3,23.3,,0.3,0,10.8,33.5,,87,
1986-04-12,,20.0,31.7,,0.0,0,16.9,40.7,,577,
1986-04-13,,17.2,30.6,,0.0,0,15.1,42.5,,517,
1986-04-14,,15.6,25.6,,0.0,0,22.7,55.4,,500,
1986-04-15,,11.7,25.6,,0.0,0,13.3,33.5,,711,
1986-04-16,,12.2,26.7,,0.0,0,11.5,33.5,,674,
1986-04-17,,15.6,26.1,,0.5,0,16.6,38.9,,89,
1986-04-18,,20.6,23.3,,0.5,0,15.1,37.1,,0,
1986-04-19,,16.7,30.6,,1.0,0,16.9,46.4,,63,
1986-04-20,,12.8,26.7,,0.0,0,15.8,44.3,,765,
1986-04-21,,12.2,30.6,,0.0,0,14.4,40.7,,784,
1986-04-22,,12.2,28.3,,0.0,0,10.8,29.5,,787,
1986-04-23,,12.2,30.0,,0.0,0,15.8,44.3,,740,
1986-04-24,,16.7,30.0,,0.0,0,14.0,33.5,,520,
1986-04-25,,15.0,28.9,,0.0,0,11.9,31.3,,398,
1986-04-26,,20.6,30.6,,0.0,0,20.5,48.2,,164,
1986-04-27,,21.7,28.3,,0.0,0,15.1,50.0,,20,
1986-04-28,,15.6,31.7,,0.0,0,12.2,35.3,,444,
1986-04-29,,21.7,28.9,,0.3,0,15.8,40.7,,13,
1986-04-30,,17.2,30.0,,24.6,0,14.4,48.2,,123,
1986-05-01,,17.8,26.7,,49.8,0,14.8,37.1,,178,
1986-05-02,,17.2,22.8,,0.8,0,21.6,44.3,,12,
1986-05-03,,15.6,26.7,,0.0,0,13.3,31.3,,352,
1986-05-04,,14.4,23.9,,0.5,0,9.0,25.9,,75,
1986-05-05,,20.6,28.3,,0.3,0,18.4,46.4,,0,
1986-05-06,,22.2,31.1,,0.0,0,18.0,40.7,,139,
1986-05-07,,22.2,26.7,,0.0,0,18.7,46.4,,0,
1986-05-08,,21.7,28.9,,1.0,0,19.1,59.0,,69,
1986-05-09,,18.9,26.7,,55.9,0,17.3,57.2,,0,
1986-05-10,,17.8,25.6,,2.3,0,12.6,51.8,,326,
1986-05-11,,16.1,31.7,,0.0,0,9.0,24.1,,769,
1986-05-12,,18.9,30.6,,0.0,0,12.2,31.3,,562,
1986-05-13,,18.9,30.6,,0.0,0,13.0,37.1,,415,
1986-05-14,,20.0,25.6,,2.8,0,19.1,83.2,,0,
1986-05-15,,18.9,26.7,,35.3,0,16.6,50.0,,45,
1986-05-16,,22.2,25.6,,2.3,0,14.0,35.3,,0,
1986-05-17,,16.1,27.8,,21.8,0,16.6,72.0,,90,
1986-05-18,,12.8,21.7,,0.0,0,22.7,46.4,,271,
1986-05-19,,12.8,26.7,,0.0,0,14.4,37.1,,799,
1986-05-20,,15.0,28.3,,0.0,0,7.9,24.1,,827,
1986-05-21,,15.6,29.4,,0.0,0,16.6,42.5,,827,
1986-05-22,,17.8,31.7,,0.0,0,20.5,48.2,,623,
1986-05-23,,21.7,31.7,,0.0,0,18.0,38.9,,444,
1986-05-24,,22.2,32.2,,0.0,0,12.6,29.5,,450,
1986-05-25,,21.7,30.6,,1.3,0,13.7,38.9,,150,
1986-05-26,,20.0,26.1,,3.0,0,11.2,27.7,,264,
1986-05-27,,20.0,26.1,,0.3,0,13.0,35.3,,70,
1986-05-28,,17.2,29.4,,0.0,0,6.8,22.3,,703,
1986-05-29,,16.7,30.6,,0.0,0,9.0,35.3,,791,
1986-05-30,,21.1,26.1,,1.0,0,7.6,25.9,,38,
1986-05-31,,20.6,26.1,,8.6,0,7.6,29.5,,38,
1986-06-01,,21.7,28.9,,15.0,0,7.6,40.7,,75,
1986-06-02,,22.2,31.1,,8.9,0,7.2,40.7,,199,
1986-06-03,,21.7,30.6,,0.0,0,9.4,25.9,,256,
1986-06-04,,21.7,30.6,,6.4,0,10.1,24.1,,346,
1986-06-05,,23.9,32.2,,0.3,0,15.1,42.5,,424,
1986-06-06,,23.3,32.2,,0.0,0,11.2,29.5,,284,
1986-06-07,,22.2,32.2,,2.3,0,12.2,35.3,,201,
1986-06-08,,21.7,30.6,,0.0,0,8.3,25.9,,312,
1986-06-09,,23.3,31.7,,3.0,0,11.9,35.3,,285,
1986-06-10,,24.4,33.3,,0.0,0,16.6,35.3,,494,
1986-06-11,,20.6,30.6,,5.1,0,10.1,44.3,,383,
1986-06-12,,22.8,31.7,,0.0,0,7.6,38.9,,359,
1986-06-13,,19.4,32.2,,0.0,0,9.0,25.9,,787,
1986-06-14,,22.2,32.8,,0.0,0,9.7,27.7,,608,
1986-06-15,,22.8,32.8,,0.0,0,12.2,29.5,,691,
1986-06-16,,21.1,32.8,,7.1,0,16.2,59.0,,611,
1986-06-17,,20.6,30.6,,7.1,0,10.4,38.9,,228,
1986-06-18,,22.2,30.0,,0.5,0,7.6,40.7,,305,
1986-06-19,,22.2,31.7,,0.0,0,10.4,40.7,,590,
1986-06-20,,22.8,32.8,,0.3,0,9.4,51.8,,633,
1986-06-21,,22.8,32.8,,0.0,0,9.4,25.9,,690,
1986-06-22,,22.8,33.3,,0.0,0,9.4,31.3,,708,
1986-06-23,,22.8,32.8,,0.0,0,7.9,27.7,,604,
1986-06-24,,22.2,32.8,,0.0,0,8.3,29.5,,666,
1986-06-25,,23.9,33.3,,0.0,0,7.9,29.5,,65,
1986-06-26,,24.4,34.4,,0.0,0,11.2,31.3,,320,
1986-06-27,,24.4,35.0,,0.0,0,16.9,37.1,,682,
1986-06-28,,23.9,35.0,,0.0,0,15.5,38.9,,802,
1986-06-29,,23.3,35.6,,0.0,0,14.8,35.3,,810,
1986-06-30,,23.9,34.4,,0.0,0,16.6,40.7,,684,
1986-07-01,,23.9,35.6,,0.0,0,16.2,42.5,,600,
1986-07-02,,23.9,35.6,,0.0,0,11.5,33.5,,687,
1986-07-03,,25.0,35.6,,0.0,0,12.6,31.3,,571,
1986-07-04,,23.9,35.6,,0.0,0,18.4,42.5,,634,
1986-07-05,,24.4,35.6,,0.0,0,20.5,42.5,,580,
1986-07-06,,23.3,33.3,,0.0,0,14.0,33.5,,215,
1986-07-07,,22.8,35.6,,11.4,0,10.4,70.2,,460,
1986-07-08,,22.2,34.4,,0.0,0,8.3,33.5,,750,
1986-07-09,,22.8,35.0,,0.0,0,10.8,29.5,,730,
1986-07-10,,22.2,35.6,,0.0,0,15.1,38.9,,744,
1986-07-11,,24.4,35.6,,0.0,0,21.6,44.3,,500,
1986-07-12,,24.4,35.6,,0.0,0,20.2,53.6,,430,
1986-07-13,,23.9,35.6,,0.0,0,16.6,40.7,,483,
1986-07-14,,23.9,35.0,,0.0,0,12.2,33.5,,534,
1986-07-15,,22.8,36.1,,0.0,0,12.6,42.5,,555,
1986-07-16,,21.7,35.0,,0.0,0,14.8,40.7,,715,
1986-07-17,,22.2,35.6,,0.0,0,13.7,37.1,,775,
1986-07-18,,20.6,35.6,,0.0,0,10.8,24.1,,820,
1986-07-19,,22.8,36.7,,0.0,0,7.2,25.9,,777,
1986-07-20,,22.8,37.8,,0.0,0,9.0,31.3,,787,
1986-07-21,,23.3,36.7,,0.0,0,10.4,31.3,,746,
1986-07-22,,24.4,37.2,,0.0,0,10.1,29.5,,780,
1986-07-23,,23.9,37.2,,0.0,0,11.2,27.7,,777,
1986-07-24,,23.3,37.8,,0.0,0,13.0,29.5,,820,
1986-07-25,,23.3,38.3,,0.0,0,11.5,35.3,,824,
1986-07-26,,23.9,38.3,,0.0,0,12.2,35.3,,789,
1986-07-27,,23.9,38.9,,0.0,0,13.7,33.5,,794,
1986-07-28,,23.3,38.9,,0.0,0,13.3,35.3,,821,
1986-07-29,,23.3,38.9,,0.0,0,10.8,27.7,,820,
1986-07-30,,24.4,39.4,,0.0,0,11.5,25.9,,818,
1986-07-31,,23.9,39.4,,0.0,0,9.7,25.9,,817,
1986-08-01,,24.4,38.9,,0.0,0,10.8,29.5,,816,
1986-08-02,,24.4,38.9,,0.0,0,11.2,25.9,,726,
1986-08-03,,22.8,37.8,,4.3,0,13.3,53.6,,629,
1986-08-04,,22.8,36.1,,0.5,0,8.3,31.3,,366,
1986-08-05,,22.8,34.4,,2.5,0,11.2,50.0,,428,
1986-08-06,,22.8,34.4,,0.0,0,14.8,42.5,,344,
1986-08-07,,24.4,36.7,,0.0,0,16.2,37.1,,714,
1986-08-08,,24.4,36.7,,0.0,0,13.0,35.3,,530,
1986-08-09,,23.3,37.2,,0.0,0,14.8,46.4,,678,
1986-08-10,,24.4,37.2,,0.0,0,13.7,38.9,,450,
1986-08-11,,23.3,35.0,,3.3,0,9.7,38.9,,225,
1986-08-12,,22.2,35.0,,0.0,0,8.6,35.3,,463,
1986-08-13,,22.2,35.6,,0.0,0,11.2,37.1,,636,
1986-08-14,,23.3,36.7,,0.0,0,15.1,40.7,,484,
1986-08-15,,25.0,36.7,,0.0,0,16.6,57.2,,630,
1986-08-16,,24.4,37.2,,0.0,0,14.8,31.3,,248,
1986-08-17,,25.0,37.8,,0.0,0,9.7,27.7,,574,
1986-08-18,,24.4,39.4,,0.0,0,6.1,29.5,,742,
1986-08-19,,25.6,39.4,,0.0,0,9.7,38.9,,619,
1986-08-20,,25.0,37.8,,0.0,0,11.5,37.1,,503,
1986-08-21,,25.0,32.8,,0.0,0,11.5,27.7,,80,
1986-08-22,,22.2,31.7,,0.0,0,10.8,27.7,,34,
1986-08-23,,21.7,28.3,,2.3,0,11.9,31.3,,96,
1986-08-24,,22.2,30.0,,15.2,0,8.3,55.4,,186,
1986-08-25,,23.3,35.0,,0.0,0,9.4,37.1,,250,
1986-08-26,,24.4,36.1,,0.0,0,11.5,29.5,,450,
1986-08-27,,23.3,35.6,,0.0,0,8.6,24.1,,562,
1986-08-28,,21.7,29.4,,2.5,0,16.6,37.1,,37,
1986-08-29,,20.6,30.6,,0.0,0,13.7,33.5,,682,
1986-08-30,,17.2,31.7,,0.0,0,10.4,29.5,,531,
1986-08-31,,20.6,34.4,,0.0,0,12.2,35.3,,329,
1986-09-01,,21.1,26.7,,22.1,0,11.2,51.8,,6,
1986-09-02,,23.9,34.4,,0.0,0,10.1,37.1,,394,
1986-09-03,,24.4,35.0,,0.0,0,11.9,33.5,,529,
1986-09-04,,24.4,34.4,,0.3,0,9.7,46.4,,210,
1986-09-05,,23.9,34.4,,0.3,0,12.2,37.1,,71,
1986-09-06,,21.7,27.2,,64.0,0,9.0,44.3,,18,
1986-09-07,,22.2,28.3,,0.0,0,10.1,27.7,,37,
1986-09-08,,20.6,30.0,,0.0,0,13.7,29.5,,219,
1986-09-09,,21.7,31.1,,0.8,0,9.4,29.5,,303,
1986-09-10,,23.9,33.9,,0.0,0,15.5,38.9,,570,
1986-09-11,,24.4,33.9,,13.0,0,13.0,40.7,,334,
1986-09-12,,21.7,30.6,,0.0,0,11.2,29.5,,112,
1986-09-13,,23.9,32.2,,0.0,0,10.1,38.9,,400,
1986-09-14,,22.8,32.8,,0.0,0,8.3,27.7,,477,
1986-09-15,,23.9,32.2,,0.3,0,11.5,27.7,,320,
1986-09-16,,23.9,33.3,,0.0,0,10.8,44.3,,465,
1986-09-17,,24.4,32.8,,0.0,0,11.5,25.9,,296,
1986-09-18,,23.9,33.9,,0.0,0,12.2,35.3,,403,
1986-09-19,,22.8,31.1,,0.3,0,9.0,31.3,,147,
1986-09-20,,21.7,29.4,,6.1,0,6.8,40.7,,282,
1986-09-21,,23.3,31.7,,5.3,0,10.4,37.1,,256,
1986-09-22,,23.3,30.6,,4.8,0,8.6,38.9,,260,
1986-09-23,,23.3,32.2,,0.0,0,11.9,27.7,,444,
1986-09-24,,23.9,33.9,,0.0,0,18.4,50.0,,522,
1986-09-25,,23.3,33.9,,0.0,0,15.8,40.7,,298,
1986-09-26,,25.0,33.9,,2.5,0,15.1,37.1,,379,
1986-09-27,,23.9,33.3,,1.3,0,12.6,29.5,,354,
1986-09-28,,24.4,32.2,,0.0,0,14.0,42.5,,219,
1986-09-29,,25.6,32.2,,0.0,0,19.8,50.0,,427,
1986-09-30,,25.0,33.9,,0.3,0,18.0,40.7,,335,
1986-10-01,,25.6,33.3,,0.0,0,20.2,44.3,,315,
1986-10-02,,24.4,33.3,,2.5,0,22.7,55.4,,513,
1986-10-03,,24.4,33.9,,0.0,0,19.8,44.3,,200,
1986-10-04,,22.8,33.9,,1.3,0,17.3,42.5,,339,
1986-10-05,,18.3,26.1,,2.5,0,20.5,38.9,,58,
1986-10-06,,16.1,18.9,,14.0,0,19.4,40.7,,0,
1986-10-07,,16.1,18.9,,0.5,0,12.2,24.1,,0,
1986-10-08,,17.8,23.9,,0.0,0,9.4,20.5,,0,
1986-10-09,,20.0,28.9,,0.0,0,11.5,35.3,,320,
1986-10-10,,18.9,27.2,,0.0,0,9.0,25.9,,125,
1986-10-11,,18.9,26.7,,17.5,0,10.8,40.7,,27,
1986-10-12,,8.3,22.8,,92.2,0,24.5,66.6,,0,
1986-10-13,,8.3,17.8,,0.0,0,15.8,44.3,,310,
1986-10-14,,8.3,26.7,,0.0,0,6.5,35.3,,610,
1986-10-15,,12.2,25.6,,0.0,0,8.3,24.1,,687,
1986-10-16,,11.1,25.6,,0.0,0,7.6,22.3,,577,
1986-10-17,,11.1,26.1,,0.0,0,8.3,31.3,,631,
1986-10-18,,11.7,25.0,,0.0,0,8.6,27.7,,500,
1986-10-19,,12.8,25.0,,0.0,0,10.1,29.5,,420,
1986-10-20,,13.9,23.9,,0.0,0,11.2,25.9,,0,
1986-10-21,,14.4,21.7,,20.8,0,9.0,25.9,,0,
1986-10-22,,18.9,23.3,,15.0,0,10.8,24.1,,0,
1986-10-23,,17.8,23.9,,30.0,0,14.8,46.4,,0,
1986-10-24,,16.1,25.0,,0.0,0,20.9,46.4,,625,
1986-10-25,,13.3,25.0,,0.0,0,10.8,27.7,,298,
1986-10-26,,13.3,22.2,,6.4,0,8.6,37.1,,312,
1986-10-27,,10.6,25.6,,0.0,0,3.6,18.4,,630,
1986-10-28,,10.0,26.1,,0.0,0,7.2,25.9,,665,
1986-10-29,,11.7,27.2,,0.0,0,4.3,20.5,,526,
1986-10-30,,13.3,25.6,,0.0,0,5.8,24.1,,348,
1986-10-31,,11.1,25.6,,0.0,0,7.9,33.5,,428,
1986-11-01,,14.4,23.9,,0.0,0,7.6,27.7,,117,
1986-11-02,,15.6,24.4,,0.0,0,16.2,37.1,,187,
1986-11-03,,13.9,22.2,,0.3,0,14.0,25.9,,14,
1986-11-04,,14.4,23.9,,11.7,0,16.6,53.6,,184,
1986-11-05,,10.6,19.4,,0.0,0,14.4,46.4,,425,
1986-11-06,,8.3,19.4,,2.3,0,8.6,35.3,,275,
1986-11-07,,13.3,22.2,,0.0,0,9.0,40.7,,0,
1986-11-08,,17.2,25.6,,0.5,0,6.8,25.9,,55,
1986-11-09,,15.6,23.9,,0.0,0,20.5,42.5,,616,
1986-11-10,,13.9,23.9,,0.0,0,13.0,53.6,,45,
1986-11-11,,4.4,15.6,,0.0,0,21.6,53.6,,29,
1986-11-12,,3.3,13.3,,1.3,0,18.0,63.0,,0,
1986-11-13,,-0.6,3.3,,0.3,0,25.9,57.2,,0,
1986-11-14,,0.6,11.7,,0.0,0,11.9,29.5,,180,
1986-11-15,,9.4,20.0,,0.0,0,10.4,31.3,,0,
1986-11-16,,14.4,26.7,,0.0,0,12.2,42.5,,257,
1986-11-17,,15.6,27.8,,0.0,0,9.0,25.9,,50,
1986-11-18,,16.7,29.4,,0.0,0,13.0,33.5,,418,
1986-11-19,,14.4,22.8,,0.0,0,9.0,25.9,,91,
1986-11-20,,13.9,21.1,,0.0,0,21.2,50.0,,585,
1986-11-21,,10.0,21.1,,0.3,0,13.0,29.5,,213,
1986-11-22,,13.9,25.0,,1.3,0,9.0,35.3,,338,
1986-11-23,,8.9,17.8,,7.6,0,22.7,57.2,,2,
1986-11-24,,6.1,8.9,,20.1,0,28.1,57.2,,0,
1986-11-25,,6.7,16.1,,0.3,0,18.4,55.4,,202,
1986-11-26,,8.3,16.1,,0.0,0,18.4,46.4,,244,
1986-11-27,,6.1,13.3,,0.3,0,17.6,37.1,,130,
1986-11-28,,6.7,16.7,,0.0,0,16.9,35.3,,609,
1986-11-29,,3.3,18.9,,0.0,0,9.0,24.1,,622,
1986-11-30,,1.7,22.2,,0.0,0,7.9,33.5,,621,
1986-12-01,,7.8,16.7,,0.0,0,23.4,53.6,,620,
1986-12-02,,2.8,19.4,,0.0,0,7.2,20.5,,620,
1986-12-03,,4.4,15.0,,0.0,0,10.1,22.3,,574,
1986-12-04,,6.1,16.7,,0.0,0,12.6,25.9,,391,
1986-12-05,,7.2,16.7,,0.0,0,11.9,25.9,,433,
1986-12-06,,9.4,17.8,,2.3,0,13.7,35.3,,78,
1986-12-07,,13.9,20.6,,0.8,0,11.2,29.5,,0,
1986-12-08,,12.8,21.7,,9.4,0,12.6,38.9,,0,
1986-12-09,,6.7,13.3,,12.4,0,20.9,42.5,,0,
1986-12-10,,1.7,6.7,,17.3,0,25.2,55.4,,0,
1986-12-11,,2.2,3.9,,1.8,0,18.4,35.3,,0,
1986-12-12,,0.6,13.3,,0.0,0,9.4,24.1,,555,
1986-12-13,,4.4,14.4,,0.0,0,9.0,27.7,,365,
1986-12-14,,7.2,10.6,,24.1,0,10.4,20.5,,0,
1986-12-15,,10.0,14.4,,3.3,0,10.8,20.5,,0,
1986-12-16,,11.1,13.9,,0.0,0,7.6,18.4,,0,
1986-12-17,,11.7,15.6,,0.8,0,7.6,27.7,,0,
1986-12-18,,6.7,12.8,,13.0,0,22.3,44.3,,0,
1986-12-19,,5.6,11.7,,0.0,0,7.2,24.1,,230,
1986-12-20,,3.9,14.4,,0.0,0,3.6,16.6,,190,
1986-12-21,,7.2,12.2,,4.3,0,18.0,37.1,,0,
1986-12-22,,6.1,7.2,,56.6,0,27.0,55.4,,0,
1986-12-23,,6.1,12.8,,0.0,0,24.1,44.3,,78,
1986-12-24,,5.6,17.2,,0.0,0,9.0,22.3,,612,
1986-12-25,,5.0,20.6,,0.0,0,7.2,25.9,,360,
1986-12-26,,8.3,17.2,,0.5,0,14.8,29.5,,315,
1986-12-27,,4.4,16.1,,0.0,0,12.6,33.5,,612,
1986-12-28,,4.4,10.0,,0.0,0,12.2,24.1,,0,
1986-12-29,,6.1,14.4,,0.0,0,6.8,20.5,,127,
1986-12-30,,7.2,14.4,,0.0,0,11.2,25.9,,482,
1986-12-31,,2.2,17.2,,0.0,0,7.2,22.3,,603,
1987-01-01,,5.6,13.9,,0.0,0,18.7,42.5,,600,
1987-01-02,,1.1,16.7,,0.0,0,11.5,40.7,,504,
1987-01-03,,7.2,13.9,,0.0,0,26.3,68.4,,427,
1987-01-04,,2.2,15.6,,0.0,0,11.9,31.3,,616,
1987-01-05,,0.0,15.6,,0.0,0,10.8,37.1,,300,
1987-01-06,,9.4,20.0,,0.0,0,9.0,29.5,,393,
1987-01-07,,12.2,18.3,,0.0,0,13.7,33.5,,78,
1987-01-08,,9.4,13.3,,0.0,0,12.2,25.9,,0,
1987-01-09,,9.4,16.1,,6.1,0,18.4,55.4,,427,
1987-01-10,,5.0,12.8,,0.0,0,15.1,42.5,,174,
1987-01-11,,-0.6,12.8,,0.0,0,10.8,25.9,,570,
1987-01-12,,2.2,16.7,,0.0,0,7.6,25.9,,268,
1987-01-13,,8.3,13.3,,0.0,0,13.7,37.1,,9,
1987-01-14,,9.4,17.8,,0.0,0,13.0,35.3,,100,
1987-01-15,,8.3,15.6,,0.8,0,13.7,31.3,,384,
1987-01-16,,5.6,10.6,,0.0,0,16.9,31.3,,0,
1987-01-17,,2.2,5.6,,16.5,0,22.3,48.2,,0,
1987-01-18,,-0.6,6.1,,0.0,0,27.4,61.2,,397,
1987-01-19,,-1.7,12.8,,0.0,0,11.9,27.7,,610,
1987-01-20,,2.8,8.9,,0.0,0,18.4,37.1,,158,
1987-01-21,,3.3,9.4,,0.0,0,12.6,27.7,,42,
1987-01-22,,1.7,11.7,,0.0,0,18.7,50.0,,632,
1987-01-23,,-2.2,16.1,,0.0,0,14.0,50.0,,588,
1987-01-24,,6.1,24.4,,0.0,0,19.1,55.4,,599,
1987-01-25,,2.8,20.6,,0.0,0,14.4,44.3,,636,
1987-01-26,,5.0,21.7,,0.0,0,11.5,25.9,,637,
1987-01-27,,2.8,23.9,,0.0,0,11.2,42.5,,639,
1987-01-28,,7.2,25.6,,0.0,0,14.4,44.3,,412,
1987-01-29,,15.6,26.1,,0.0,0,18.4,42.5,,458,
1987-01-30,,8.9,21.1,,0.0,0,14.8,37.1,,525,
1987-01-31,,6.7,20.0,,0.0,0,16.2,46.4,,250,
1987-02-01,,13.3,23.9,,0.3,0,11.2,35.3,,471,
1987-02-02,,9.4,25.0,,0.0,0,11.5,25.9,,585,
1987-02-03,,7.2,23.3,,0.0,0,8.6,29.5,,429,
1987-02-04,,11.7,25.0,,0.0,0,8.6,25.9,,348,
1987-02-05,,11.1,16.7,,0.3,0,17.6,40.7,,0,
1987-02-06,,6.7,11.1,,0.3,0,31.0,57.2,,0,
1987-02-07,,5.6,20.0,,0.0,0,20.2,42.5,,655,
1987-02-08,,6.1,27.2,,0.0,0,18.0,42.5,,656,
1987-02-09,,5.6,17.8,,0.0,0,15.1,44.3,,658,
1987-02-10,,4.4,21.7,,0.0,0,12.2,37.1,,309,
1987-02-11,,13.9,23.3,,0.0,0,14.4,38.9,,345,
1987-02-12,,13.3,25.0,,0.0,0,9.7,29.5,,351,
1987-02-13,,13.3,22.8,,0.0,0,13.0,31.3,,209,
1987-02-14,,12.8,21.1,,2.8,0,17.3,51.8,,51,
1987-02-15,,10.0,20.0,,0.5,0,24.1,64.8,,495,
1987-02-16,,6.7,12.8,,0.0,0,21.2,53.6,,102,
1987-02-17,,5.0,11.7,,0.0,0,20.5,42.5,,448,
1987-02-18,,0.6,13.3,,0.0,0,12.2,29.5,,672,
1987-02-19,,5.0,8.3,,8.4,0,17.6,42.5,,0,
1987-02-20,,4.4,7.2,,4.8,0,25.2,48.2,,0,
1987-02-21,,5.6,10.0,,0.0,0,20.9,40.7,,23,
1987-02-22,,7.2,16.1,,0.0,0,17.6,46.4,,455,
1987-02-23,,4.4,16.7,,6.6,0,12.6,40.7,,384,
1987-02-24,,8.3,11.1,,9.7,0,15.8,31.3,,0,
1987-02-25,,10.0,12.2,,22.1,0,13.3,27.7,,0,
1987-02-26,,11.7,15.6,,10.9,0,9.0,22.3,,0,
1987-02-27,,11.1,17.8,,6.4,0,11.9,68.4,,5,
1987-02-28,,8.3,18.9,,0.0,0,23.8,61.2,,691,
1987-03-01,,4.4,19.4,,0.0,0,11.9,37.1,,649,
1987-03-02,,4.4,18.3,,0.0,0,11.2,29.5,,658,
1987-03-03,,5.0,18.9,,0.0,0,13.0,35.3,,581,
1987-03-04,,8.3,21.1,,0.0,0,15.8,33.5,,698,
1987-03-05,,7.2,22.8,,0.0,0,9.0,22.3,,699,
1987-03-06,,6.1,23.3,,0.0,0,5.8,25.9,,701,
1987-03-07,,6.7,22.2,,0.0,0,7.9,25.9,,703,
1987-03-08,,8.9,22.8,,0.0,0,6.5,22.3,,681,
1987-03-09,,7.8,22.8,,0.0,0,9.4,38.9,,587,
1987-03-10,,7.2,13.9,,5.1,0,22.0,40.7,,171,
1987-03-11,,5.0,12.2,,3.8,0,12.2,38.9,,178,
1987-03-12,,2.2,15.0,,0.0,0,5.8,22.3,,264,
1987-03-13,,4.4,18.3,,0.0,0,9.4,31.3,,654,
1987-03-14,,6.7,21.1,,0.0,0,18.4,48.2,,185,
1987-03-15,,16.7,22.2,,0.0,0,17.6,37.1,,5,
1987-03-16,,17.2,23.3,,0.0,0,20.9,51.8,,96,
1987-03-17,,12.8,22.8,,15.0,0,18.4,61.2,,642,
1987-03-18,,6.7,25.6,,0.0,0,11.5,40.7,,650,
1987-03-19,,10.0,25.0,,0.0,0,9.4,33.5,,475,
1987-03-20,,11.1,26.7,,0.0,0,12.2,40.7,,580,
1987-03-21,,15.6,25.0,,0.0,0,10.4,27.7,,105,
1987-03-22,,17.2,25.6,,0.0,0,12.2,48.2,,242,
1987-03-23,,11.7,22.8,,3.8,0,25.2,68.4,,590,
1987-03-24,,7.8,20.6,,0.0,0,13.0,37.1,,665,
1987-03-25,,8.9,16.7,,0.0,0,19.8,40.7,,272,
1987-03-26,,10.0,18.3,,0.3,0,21.2,51.8,,311,
1987-03-27,,7.2,26.1,,0.0,0,10.8,35.3,,679,
1987-03-28,,10.0,25.0,,6.4,0,16.2,48.2,,417,
1987-03-29,,1.1,10.6,,0.3,0,32.8,61.2,,0,
1987-03-30,,1.7,11.7,,0.0,0,25.9,61.2,,720,
1987-03-31,,-1.1,22.8,,0.0,0,10.4,42.5,,747,
1987-04-01,,4.4,25.0,,0.0,0,11.9,44.3,,729,
1987-04-02,,6.1,15.6,,0.0,0,22.7,61.2,,230,
1987-04-03,,2.8,17.2,,0.0,0,12.6,29.5,,753,
1987-04-04,,3.3,19.4,,0.0,0,13.3,37.1,,572,
1987-04-05,,8.3,12.8,,3.6,0,15.5,38.9,,0,
1987-04-06,,7.2,17.2,,0.0,0,16.6,38.9,,382,
1987-04-07,,8.9,21.1,,0.0,0,15.8,38.9,,622,
1987-04-08,,8.9,23.3,,0.0,0,13.3,38.9,,758,
1987-04-09,,8.3,26.1,,0.0,0,12.2,37.1,,744,
1987-04-10,,14.4,31.1,,0.0,0,16.9,46.4,,635,
1987-04-11,,13.9,31.7,,0.0,0,17.3,50.0,,559,
1987-04-12,,18.9,27.8,,0.0,0,20.9,44.3,,657,
1987-04-13,,15.6,24.4,,7.9,0,21.2,61.2,,383,
1987-04-14,,11.7,25.0,,0.0,0,21.6,64.8,,773,
1987-04-15,,10.0,31.1,,0.0,0,10.8,25.9,,774,
1987-04-16,,14.4,32.2,,0.0,0,10.8,29.5,,776,
1987-04-17,,13.9,33.9,,0.0,0,9.7,33.5,,762,
1987-04-18,,13.9,31.7,,0.0,0,12.6,33.5,,750,
1987-04-19,,16.1,31.7,,0.0,0,16.6,42.5,,610,
1987-04-20,,17.8,31.1,,0.0,0,15.1,40.7,,444,
1987-04-21,,14.4,23.3,,0.0,0,18.4,37.1,,130,
1987-04-22,,13.9,25.6,,0.0,0,14.8,33.5,,479,
1987-04-23,,16.1,29.4,,0.0,0,6.8,24.1,,556,
1987-04-24,,17.2,30.0,,0.0,0,10.8,35.3,,699,
1987-04-25,,16.7,28.9,,0.0,0,11.2,25.9,,750,
1987-04-26,,15.0,30.0,,0.0,0,9.7,25.9,,793,
1987-04-27,,15.6,31.7,,0.0,0,8.6,27.7,,757,
1987-04-28,,15.6,32.8,,0.0,0,7.6,25.9,,779,
1987-04-29,,15.6,31.7,,0.0,0,10.8,40.7,,717,
1987-04-30,,16.7,30.0,,0.0,0,15.1,44.3,,636,
1987-05-01,,17.2,28.3,,0.0,0,13.7,37.1,,454,
1987-05-02,,21.1,30.6,,0.0,0,16.9,37.1,,336,
1987-05-03,,20.6,27.8,,16.3,0,14.8,37.1,,0,
1987-05-04,,17.8,27.8,,6.9,0,12.2,64.8,,226,
1987-05-05,,18.9,29.4,,1.5,0,10.4,48.2,,278,
1987-05-06,,18.3,28.3,,0.0,0,10.8,35.3,,270,
1987-05-07,,17.2,27.2,,0.0,0,17.3,35.3,,490,
1987-05-08,,17.2,26.7,,1.3,0,14.4,37.1,,533,
1987-05-09,,16.1,28.3,,0.0,0,11.2,31.3,,545,
1987-05-10,,17.2,29.4,,0.0,0,7.2,24.1,,540,
1987-05-11,,19.4,27.2,,0.5,0,9.4,35.3,,204,
1987-05-12,,18.3,29.4,,0.0,0,8.6,29.5,,619,
1987-05-13,,20.0,30.0,,0.0,0,9.7,33.5,,465,
1987-05-14,,21.7,32.2,,0.0,0,11.2,33.5,,525,
1987-05-15,,21.7,31.1,,0.5,0,10.8,33.5,,350,
1987-05-16,,19.4,23.3,,5.1,0,8.3,37.1,,95,
1987-05-17,,17.8,30.6,,0.0,0,9.7,27.7,,310,
1987-05-18,,22.2,31.1,,0.0,0,13.7,37.1,,270,
1987-05-19,,17.2,29.4,,16.0,0,15.5,59.0,,64,
1987-05-20,,17.2,31.7,,0.0,0,10.8,25.9,,428,
1987-05-21,,20.6,31.7,,0.3,0,13.7,31.3,,502,
1987-05-22,,21.7,31.7,,0.0,0,11.2,25.9,,533,
1987-05-23,,22.2,31.7,,0.0,0,11.9,40.7,,621,
1987-05-24,,20.6,31.1,,17.3,0,10.1,35.3,,407,
1987-05-25,,21.7,31.7,,0.0,0,14.0,35.3,,546,
1987-05-26,,22.2,31.7,,0.0,0,20.5,48.2,,541,
1987-05-27,,22.2,30.6,,0.0,0,21.2,50.0,,301,
1987-05-28,,23.3,29.4,,1.3,0,19.8,51.8,,222,
1987-05-29,,17.8,23.9,,96.8,0,19.1,61.2,,86,
1987-05-30,,19.4,30.0,,2.0,0,11.5,53.6,,272,
1987-05-31,,19.4,28.3,,5.8,0,14.8,50.0,,169,
1987-06-01,,17.8,29.4,,0.0,0,13.3,35.3,,666,
1987-06-02,,19.4,25.6,,19.8,0,9.4,31.3,,71,
1987-06-03,,19.4,24.4,,18.8,0,14.0,37.1,,136,
1987-06-04,,20.0,26.1,,51.6,0,19.1,37.1,,99,
1987-06-05,,19.4,28.9,,0.0,0,16.2,33.5,,683,
1987-06-06,,21.7,30.0,,0.0,0,13.7,31.3,,694,
1987-06-07,,22.2,30.6,,1.8,0,10.1,61.2,,403,
1987-06-08,,21.7,27.2,,9.9,0,10.4,42.5,,23,
1987-06-09,,22.2,26.1,,29.7,0,12.2,33.5,,78,
1987-06-10,,22.8,28.3,,7.9,0,12.6,38.9,,230,
1987-06-11,,23.3,30.0,,13.0,0,15.1,35.3,,271,
1987-06-12,,22.2,33.3,,9.9,0,10.8,44.3,,470,
1987-06-13,,22.2,26.7,,58.9,0,6.5,33.5,,160,
1987-06-14,,21.7,33.3,,0.0,0,9.7,27.7,,799,
1987-06-15,,23.3,34.4,,0.0,0,6.5,25.9,,805,
1987-06-16,,23.3,33.9,,0.0,0,9.4,25.9,,830,
1987-06-17,,23.9,34.4,,0.0,0,14.4,48.2,,735,
1987-06-18,,20.6,33.3,,14.7,0,13.0,42.5,,710,
1987-06-19,,24.4,33.3,,0.0,0,14.4,37.1,,760,
1987-06-20,,25.6,32.8,,0.0,0,15.5,48.2,,690,
1987-06-21,,24.4,33.9,,0.0,0,14.8,37.1,,680,
1987-06-22,,23.3,33.9,,0.0,0,13.7,38.9,,787,
1987-06-23,,23.9,33.9,,0.0,0,9.0,22.3,,525,
1987-06-24,,24.4,34.4,,0.0,0,9.0,25.9,,813,
1987-06-25,,23.3,36.1,,39.6,0,9.7,83.2,,460,
1987-06-26,,23.3,33.3,,0.0,0,17.3,48.2,,812,
1987-06-27,,21.7,32.2,,0.0,0,10.8,31.3,,837,
1987-06-28,,20.6,31.7,,0.0,0,9.4,35.3,,777,
1987-06-29,,21.7,32.8,,0.0,0,9.7,31.3,,440,
1987-06-30,,22.2,34.4,,0.0,0,12.2,40.7,,747,
1987-07-01,,25.0,34.4,,5.3,0,8.3,57.2,,489,
1987-07-02,,25.0,33.9,,0.0,0,14.0,33.5,,621,
1987-07-03,,25.6,34.4,,0.0,0,15.8,38.9,,780,
1987-07-04,,25.0,35.0,,0.0,0,20.2,48.2,,721,
1987-07-05,,25.0,34.4,,0.0,0,18.0,46.4,,768,
1987-07-06,,25.6,34.4,,0.0,0,17.6,40.7,,694,
1987-07-07,,23.3,33.3,,0.0,0,15.1,44.3,,725,
1987-07-08,,22.8,32.8,,0.0,0,14.0,42.5,,500,
1987-07-09,,22.2,32.8,,14.7,0,13.7,64.8,,380,
1987-07-10,,22.8,33.3,,0.0,0,15.5,40.7,,616,
1987-07-11,,23.9,33.9,,0.0,0,16.2,37.1,,675,
1987-07-12,,23.3,34.4,,0.0,0,15.1,35.3,,727,
1987-07-13,,23.9,34.4,,0.0,0,11.5,35.3,,595,
1987-07-14,,23.3,31.7,,0.0,0,13.3,40.7,,369,
1987-07-15,,22.8,32.2,,0.0,0,9.0,31.3,,180,
1987-07-16,,24.4,31.7,,0.0,0,14.0,40.7,,166,
1987-07-17,,21.7,32.2,,34.5,0,15.5,44.3,,460,
1987-07-18,,24.4,33.9,,0.0,0,12.2,31.3,,707,
1987-07-19,,23.3,33.3,,0.0,0,9.7,31.3,,727,
1987-07-20,,22.2,33.3,,0.0,0,10.4,40.7,,771,
1987-07-21,,22.2,31.7,,7.1,0,7.6,38.9,,389,
1987-07-22,,22.8,33.9,,0.0,0,7.6,24.1,,768,
1987-07-23,,23.3,34.4,,0.0,0,11.2,31.3,,693,
1987-07-24,,22.8,34.4,,26.2,0,7.6,57.2,,495,
1987-07-25,,21.7,32.8,,0.0,0,8.3,31.3,,763,
1987-07-26,,22.8,33.3,,0.0,0,10.1,37.1,,675,
1987-07-27,,22.8,33.3,,0.0,0,10.4,38.9,,696,
1987-07-28,,21.7,33.9,,0.0,0,7.2,25.9,,814,
1987-07-29,,23.3,34.4,,0.0,0,9.0,25.9,,800,
1987-07-30,,23.9,35.0,,0.0,0,9.4,24.1,,790,
1987-07-31,,23.3,35.6,,0.0,0,10.1,24.1,,805,
1987-08-01,,22.8,35.6,,0.0,0,10.1,27.7,,816,
1987-08-02,,23.9,35.0,,0.0,0,13.0,31.3,,784,
1987-08-03,,23.3,35.0,,0.0,0,12.6,33.5,,795,
1987-08-04,,23.9,36.7,,0.0,0,11.5,29.5,,775,
1987-08-05,,24.4,36.7,,0.0,0,10.8,29.5,,777,
1987-08-06,,23.9,36.1,,0.0,0,12.2,29.5,,788,
1987-08-07,,24.4,35.6,,0.0,0,13.7,38.9,,777,
1987-08-08,,23.9,36.1,,0.0,0,14.0,35.3,,760,
1987-08-09,,25.0,35.6,,0.0,0,9.7,35.3,,660,
1987-08-10,,25.0,36.1,,0.0,0,8.6,27.7,,727,
1987-08-11,,25.0,37.2,,0.0,0,11.5,29.5,,780,
1987-08-12,,24.4,36.7,,0.0,0,14.8,31.3,,746,
1987-08-13,,24.4,37.2,,0.0,0,18.0,42.5,,624,
1987-08-14,,24.4,36.7,,0.0,0,16.6,40.7,,742,
1987-08-15,,26.7,36.7,,0.0,0,16.9,35.3,,731,
1987-08-16,,25.6,37.2,,0.0,0,18.7,42.5,,761,
1987-08-17,,25.6,37.2,,0.0,0,18.4,42.5,,777,
1987-08-18,,24.4,36.7,,0.0,0,15.5,51.8,,753,
1987-08-19,,24.4,36.1,,0.0,0,11.5,31.3,,747,
1987-08-20,,22.2,36.1,,0.0,0,11.2,33.5,,775,
1987-08-21,,22.8,36.1,,0.0,0,10.8,31.3,,710,
1987-08-22,,23.9,36.7,,0.0,0,10.1,37.1,,775,
1987-08-23,,23.3,36.1,,0.0,0,9.7,44.3,,599,
1987-08-24,,22.8,35.6,,0.0,0,10.8,35.3,,729,
1987-08-25,,24.4,36.1,,0.0,0,13.7,35.3,,560,
1987-08-26,,25.6,36.7,,0.0,0,15.8,42.5,,638,
1987-08-27,,25.0,33.9,,0.0,0,16.9,48.2,,592,
1987-08-28,,22.2,28.9,,0.8,0,16.2,33.5,,173,
1987-08-29,,22.8,30.0,,0.0,0,14.8,37.1,,110,
1987-08-30,,22.8,25.6,,6.1,0,9.0,25.9,,60,
1987-08-31,,22.2,30.0,,0.0,0,15.5,46.4,,262,
1987-09-01,,21.1,33.3,,0.0,0,17.6,40.7,,742,
1987-09-02,,21.7,33.3,,0.0,0,10.8,27.7,,765,
1987-09-03,,18.3,33.9,,0.0,0,7.6,29.5,,763,
1987-09-04,,19.4,33.3,,0.0,0,10.1,40.7,,761,
1987-09-05,,20.6,33.3,,0.0,0,9.4,27.7,,759,
1987-09-06,,20.6,33.9,,0.0,0,9.4,25.9,,569,
1987-09-07,,22.8,28.9,,9.7,0,7.6,33.5,,385,
1987-09-08,,21.1,35.0,,0.0,0,9.0,25.9,,719,
1987-09-09,,22.2,35.6,,0.0,0,7.2,24.1,,625,
1987-09-10,,20.6,36.1,,74.4,0,13.3,129.6,,553,
1987-09-11,,19.4,34.4,,0.0,0,10.8,35.3,,600,
1987-09-12,,18.9,32.2,,2.5,0,11.9,72.0,,525,
1987-09-13,,22.2,35.0,,0.0,0,13.0,35.3,,605,
1987-09-14,,23.9,34.4,,0.0,0,14.8,31.3,,600,
1987-09-15,,24.4,34.4,,0.0,0,14.4,42.5,,400,
1987-09-16,,22.8,34.4,,0.5,0,16.6,48.2,,555,
1987-09-17,,22.2,34.4,,0.0,0,14.4,29.5,,647,
1987-09-18,,21.1,30.0,,23.4,0,13.0,57.2,,182,
1987-09-19,,20.0,26.1,,0.0,0,16.6,37.1,,342,
1987-09-20,,18.9,27.8,,0.0,0,11.2,27.7,,464,
1987-09-21,,20.0,30.6,,0.0,0,13.3,35.3,,584,
1987-09-22,,19.4,27.8,,0.0,0,21.2,48.2,,677,
1987-09-23,,16.1,28.3,,0.0,0,12.2,37.1,,727,
1987-09-24,,15.0,31.1,,0.0,0,9.0,25.9,,725,
1987-09-25,,15.6,30.0,,0.0,0,9.0,31.3,,723,
1987-09-26,,16.1,29.4,,0.0,0,6.8,27.7,,500,
1987-09-27,,19.4,30.0,,17.3,0,10.4,76.0,,204,
1987-09-28,,21.7,30.6,,0.0,0,10.4,33.5,,248,
1987-09-29,,21.1,29.4,,0.0,0,23.0,51.8,,368,
1987-09-30,,17.2,28.3,,0.0,0,22.0,46.4,,715,
1987-10-01,,15.6,28.9,,0.0,0,8.3,24.1,,689,
1987-10-02,,11.7,32.8,,0.0,0,9.0,46.4,,710,
1987-10-03,,14.4,24.4,,0.0,0,20.9,50.0,,709,
1987-10-04,,10.6,26.1,,0.0,0,7.2,18.4,,707,
1987-10-05,,10.6,31.1,,0.0,0,9.4,29.5,,706,
1987-10-06,,17.2,27.8,,0.0,0,19.1,42.5,,703,
1987-10-07,,12.8,28.9,,0.0,0,8.6,24.1,,701,
1987-10-08,,11.1,31.1,,0.0,0,14.4,48.2,,700,
1987-10-09,,17.2,30.6,,0.0,0,16.2,46.4,,591,
1987-10-10,,15.6,29.4,,0.0,0,7.9,25.9,,694,
1987-10-11,,15.0,26.1,,0.0,0,15.8,33.5,,695,
1987-10-12,,11.7,24.4,,0.0,0,16.2,37.1,,692,
1987-10-13,,11.1,25.6,,0.0,0,10.8,27.7,,562,
1987-10-14,,10.6,27.2,,0.0,0,10.8,35.3,,408,
1987-10-15,,13.9,28.3,,0.0,0,11.2,31.3,,381,
1987-10-16,,18.3,30.0,,0.0,0,10.4,38.9,,481,
1987-10-17,,19.4,30.0,,0.0,0,10.4,24.1,,365,
1987-10-18,,18.9,30.6,,0.0,0,11.2,35.3,,521,
1987-10-19,,15.6,29.4,,0.0,0,9.7,33.5,,432,
1987-10-20,,14.4,22.8,,0.0,0,21.6,46.4,,500,
1987-10-21,,10.6,22.8,,0.0,0,13.7,37.1,,510,
1987-10-22,,10.6,17.2,,4.3,0,7.2,18.4,,9,
1987-10-23,,17.2,21.7,,3.6,0,7.9,25.9,,0,
1987-10-24,,17.8,27.2,,0.0,0,6.8,22.3,,100,
1987-10-25,,20.0,27.8,,0.0,0,7.2,24.1,,110,
1987-10-26,,19.4,32.2,,0.0,0,18.0,42.5,,555,
1987-10-27,,13.9,26.1,,0.0,0,17.3,38.9,,667,
1987-10-28,,10.0,26.1,,0.0,0,10.4,33.5,,665,
1987-10-29,,12.2,28.9,,0.0,0,15.8,48.2,,625,
1987-10-30,,18.3,28.9,,0.0,0,18.4,44.3,,181,
1987-10-31,,16.7,28.9,,0.0,0,13.0,46.4,,522,
1987-11-01,,16.1,27.8,,0.0,0,7.9,31.3,,420,
1987-11-02,,16.1,26.1,,0.0,0,8.3,25.9,,220,
1987-11-03,,13.9,28.3,,0.0,0,5.4,24.1,,561,
1987-11-04,,13.9,30.6,,0.0,0,6.8,24.1,,654,
1987-11-05,,16.7,29.4,,0.0,0,15.8,37.1,,542,
1987-11-06,,12.2,25.0,,0.0,0,11.9,31.3,,597,
1987-11-07,,10.0,25.6,,0.0,0,13.7,40.7,,71,
1987-11-08,,15.0,22.8,,35.8,0,14.8,44.3,,0,
1987-11-09,,8.9,15.0,,0.3,0,28.8,51.8,,0,
1987-11-10,,6.7,15.6,,0.3,0,23.4,59.0,,540,
1987-11-11,,2.8,16.1,,0.0,0,10.4,25.9,,643,
1987-11-12,,1.1,18.9,,0.0,0,4.3,18.4,,503,
1987-11-13,,3.9,20.6,,0.0,0,9.0,33.5,,431,
1987-11-14,,10.6,23.9,,0.0,0,11.9,35.3,,36,
1987-11-15,,14.4,27.8,,0.0,0,17.3,44.3,,70,
1987-11-16,,9.4,20.0,,15.2,0,18.7,66.6,,315,
1987-11-17,,4.4,21.7,,0.0,0,9.7,33.5,,635,
1987-11-18,,8.3,23.9,,0.5,0,14.8,63.0,,316,
1987-11-19,,4.4,16.1,,0.0,0,21.2,53.6,,534,
1987-11-20,,3.9,20.6,,0.0,0,7.6,20.5,,632,
1987-11-21,,2.8,21.1,,0.0,0,10.4,40.7,,600,
1987-11-22,,11.1,25.0,,0.0,0,13.7,46.4,,140,
1987-11-23,,20.0,28.3,,0.0,0,18.0,40.7,,247,
1987-11-24,,20.6,23.9,,0.0,0,16.6,42.5,,0,
1987-11-25,,7.8,21.1,,8.1,0,19.8,51.8,,0,
1987-11-26,,5.6,14.4,,0.5,0,15.8,31.3,,400,
1987-11-27,,5.0,13.3,,17.3,0,19.1,40.7,,142,
1987-11-28,,2.8,16.1,,0.0,0,11.2,29.5,,623,
1987-11-29,,5.0,16.1,,0.3,0,7.6,29.5,,3,
1987-11-30,,6.7,17.8,,0.0,0,11.9,24.1,,339,
1987-12-01,,5.6,17.8,,0.0,0,10.8,24.1,,476,
1987-12-02,,3.3,21.7,,0.0,0,9.4,44.3,,620,
1987-12-03,,8.9,26.7,,0.0,0,4.7,18.4,,516,
1987-12-04,,10.6,23.3,,0.0,0,9.7,25.9,,465,
1987-12-05,,17.2,25.6,,0.0,0,19.1,46.4,,0,
1987-12-06,,16.7,27.8,,0.0,0,18.7,40.7,,422,
1987-12-07,,11.1,22.8,,0.0,0,15.5,31.3,,616,
1987-12-08,,7.8,25.0,,0.0,0,11.5,40.7,,388,
1987-12-09,,9.4,20.6,,0.0,0,10.8,33.5,,425,
1987-12-10,,6.7,25.0,,0.0,0,10.8,29.5,,555,
1987-12-11,,10.0,27.8,,0.0,0,14.8,35.3,,613,
1987-12-12,,10.6,17.8,,0.0,0,23.8,44.3,,56,
1987-12-13,,6.7,13.3,,1.0,0,21.2,40.7,,0,
1987-12-14,,2.2,9.4,,0.3,0,29.9,101.9,,99,
1987-12-15,,-1.1,9.4,,0.0,0,18.0,66.6,,535,
1987-12-16,,-1.7,11.1,,0.0,0,8.3,25.9,,612,
1987-12-17,,1.7,8.3,,0.8,0,12.2,35.3,,0,
1987-12-18,,5.0,15.6,,5.8,0,13.3,33.5,,0,
1987-12-19,,11.1,23.9,,18.0,0,15.1,70.2,,284,
1987-12-20,,8.3,13.3,,0.0,0,17.6,38.9,,0,
1987-12-21,,7.2,15.6,,1.8,0,11.9,31.3,,285,
1987-12-22,,5.6,21.1,,0.0,0,9.0,25.9,,612,
1987-12-23,,10.6,21.1,,0.3,0,17.3,42.5,,0,
1987-12-24,,9.4,24.4,,0.5,0,16.9,40.7,,0,
1987-12-25,,4.4,9.4,,2.5,0,23.0,42.5,,0,
1987-12-26,,2.2,5.0,,0.5,0,28.1,55.4,,0,
1987-12-27,,1.1,6.7,,0.0,0,15.1,46.4,,25,
1987-12-28,,-0.6,12.8,,0.0,0,19.4,44.3,,567,
1987-12-29,,0.0,7.8,,0.0,0,16.6,37.1,,475,
1987-12-30,,-1.7,10.0,,1.8,0,10.1,33.5,,0,
1987-12-31,,5.0,18.3,,0.0,0,15.5,55.4,,95,
1988-01-01,,-1.1,7.2,,0.0,0,27.4,55.4,,59,
1988-01-02,,3.3,8.9,,2.0,0,22.7,44.3,,47,
1988-01-03,,2.8,12.2,,0.0,0,10.1,24.1,,402,
1988-01-04,,1.7,10.0,,0.0,0,14.8,38.9,,179,
1988-01-05,,0.6,9.4,,0.0,0,13.7,31.3,,6,
1988-01-06,,0.6,7.2,,4.6,0,19.1,37.1,,0,
1988-01-07,,-2.2,3.9,,0.0,0,24.1,44.3,,8,
1988-01-08,,-3.3,1.1,,0.0,0,14.4,27.7,,75,
1988-01-09,,-3.9,5.0,,0.0,0,18.4,37.1,,425,
1988-01-10,,-5.0,5.6,,0.0,0,12.6,33.5,,619,
1988-01-11,,-5.0,11.1,,0.0,0,13.0,46.4,,434,
1988-01-12,,6.7,20.0,,0.0,0,16.9,51.8,,148,
1988-01-13,,-0.6,9.4,,0.0,0,21.6,59.0,,605,
1988-01-14,,0.0,12.8,,0.0,0,11.2,27.7,,236,
1988-01-15,,-0.6,17.2,,0.0,0,12.6,40.7,,564,
1988-01-16,,12.2,16.7,,0.3,0,9.7,25.9,,0,
1988-01-17,,11.1,23.9,,0.0,0,10.4,29.5,,265,
1988-01-18,,8.9,22.2,,0.0,0,11.9,48.2,,85,
1988-01-19,,10.0,21.1,,0.0,0,16.2,46.4,,520,
1988-01-20,,3.3,11.1,,0.0,0,22.3,51.8,,403,
1988-01-21,,0.0,15.0,,0.0,0,10.4,27.7,,631,
1988-01-22,,0.0,13.9,,0.0,0,11.2,25.9,,483,
1988-01-23,,-1.1,15.6,,0.0,0,14.4,42.5,,301,
1988-01-24,,3.9,14.4,,0.0,0,22.0,59.0,,634,
1988-01-25,,1.7,13.3,,0.0,0,16.9,50.0,,636,
1988-01-26,,0.6,18.9,,0.0,0,10.8,33.5,,637,
1988-01-27,,2.2,18.9,,0.0,0,11.9,33.5,,616,
1988-01-28,,3.3,20.6,,0.0,0,13.0,48.2,,402,
1988-01-29,,6.7,22.8,,0.0,0,15.8,50.0,,299,
1988-01-30,,14.4,23.9,,0.0,0,20.5,51.8,,42,
1988-01-31,,17.2,25.0,,0.0,0,18.4,44.3,,128,
1988-02-01,,17.8,26.1,,0.3,0,11.2,37.1,,28,
1988-02-02,,3.3,19.4,,0.0,0,21.6,40.7,,0,
1988-02-03,,3.9,8.9,,0.0,0,14.8,44.3,,0,
1988-02-04,,2.2,5.6,,0.8,0,29.9,57.2,,0,
1988-02-05,,0.6,3.3,,0.3,0,25.2,50.0,,0,
1988-02-06,,-2.8,6.1,,0.0,0,18.7,44.3,,609,
1988-02-07,,1.1,7.8,,0.0,0,12.6,31.3,,145,
1988-02-08,,3.3,11.1,,0.0,0,10.8,24.1,,0,
1988-02-09,,5.6,12.2,,0.0,0,12.6,33.5,,0,
1988-02-10,,3.9,19.4,,0.0,0,11.9,53.6,,245,
1988-02-11,,-2.8,6.1,,0.0,0,29.5,70.2,,566,
1988-02-12,,-5.0,18.3,,0.0,0,11.9,37.1,,663,
1988-02-13,,1.7,21.1,,0.0,0,16.2,48.2,,580,
1988-02-14,,11.7,24.4,,0.0,0,21.6,51.8,,352,
1988-02-15,,5.6,17.2,,0.0,0,16.9,46.4,,668,
1988-02-16,,2.2,24.4,,0.0,0,18.0,55.4,,415,
1988-02-17,,12.8,20.0,,0.0,0,15.1,38.9,,0,
1988-02-18,,8.9,13.9,,6.1,0,21.6,42.5,,68,
1988-02-19,,5.0,14.4,,0.0,0,17.3,40.7,,165,
1988-02-20,,6.7,20.0,,0.0,0,16.2,38.9,,480,
1988-02-21,,5.6,25.0,,0.0,0,13.0,29.5,,678,
1988-02-22,,6.7,24.4,,0.0,0,22.0,63.0,,615,
1988-02-23,,10.6,18.9,,0.0,0,23.8,50.0,,611,
1988-02-24,,5.6,18.3,,0.0,0,16.6,37.1,,214,
1988-02-25,,5.0,20.6,,0.0,0,9.4,33.5,,615,
1988-02-26,,10.0,20.6,,0.0,0,11.2,29.5,,83,
1988-02-27,,15.6,27.2,,0.0,0,9.4,33.5,,330,
1988-02-28,,11.7,29.4,,0.8,0,9.7,25.9,,672,
1988-02-29,,15.6,27.2,,0.0,0,9.0,27.7,,225,
1988-03-01,,17.8,26.7,,2.5,0,21.2,48.2,,360,
1988-03-02,,14.4,23.3,,10.4,0,19.1,48.2,,136,
1988-03-03,,6.1,14.4,,0.0,0,24.5,51.8,,429,
1988-03-04,,3.9,16.7,,0.0,0,12.6,27.7,,298,
1988-03-05,,4.4,24.4,,0.0,0,11.5,38.9,,659,
1988-03-06,,6.1,23.3,,0.0,0,9.7,25.9,,690,
1988-03-07,,8.9,23.9,,0.0,0,18.7,50.0,,164,
1988-03-08,,12.2,20.0,,1.3,0,20.5,50.0,,45,
1988-03-09,,8.9,23.3,,0.0,0,18.0,53.6,,699,
1988-03-10,,3.3,30.0,,0.0,0,15.5,50.0,,709,
1988-03-11,,12.2,28.9,,0.0,0,21.2,53.6,,665,
1988-03-12,,10.6,22.2,,0.0,0,21.2,42.5,,696,
1988-03-13,,4.4,17.8,,0.0,0,22.7,61.2,,716,
1988-03-14,,0.6,14.4,,0.0,0,15.1,44.3,,642,
1988-03-15,,0.6,18.9,,0.0,0,13.7,42.5,,629,
1988-03-16,,11.1,13.9,,0.0,0,19.8,46.4,,7,
1988-03-17,,5.0,15.6,,49.3,0,27.7,72.0,,0,
1988-03-18,,2.2,12.2,,0.0,0,33.1,63.0,,723,
1988-03-19,,2.2,20.6,,0.0,0,12.2,31.3,,725,
1988-03-20,,5.0,25.0,,0.0,0,15.8,46.4,,727,
1988-03-21,,6.1,26.1,,0.0,0,16.6,44.3,,729,
1988-03-22,,11.7,23.9,,0.0,0,18.4,48.2,,120,
1988-03-23,,17.2,25.0,,0.0,0,18.0,42.5,,238,
1988-03-24,,18.9,30.0,,0.0,0,21.2,46.4,,454,
1988-03-25,,18.9,28.3,,0.0,0,10.1,31.3,,369,
1988-03-26,,17.2,23.9,,0.0,0,13.7,29.5,,0,
1988-03-27,,17.2,26.1,,0.0,0,18.0,53.6,,380,
1988-03-28,,20.0,26.7,,0.0,0,24.5,64.8,,94,
1988-03-29,,8.3,22.2,,2.8,0,25.2,70.2,,25,
1988-03-30,,5.6,16.1,,0.0,0,16.9,38.9,,380,
1988-03-31,,10.6,22.8,,1.3,0,13.0,35.3,,9,
1988-04-01,,16.7,28.3,,3.6,0,15.1,33.5,,92,
1988-04-02,,7.2,28.9,,0.0,0,13.3,44.3,,662,
1988-04-03,,10.6,30.6,,0.0,0,9.4,29.5,,726,
1988-04-04,,14.4,28.9,,0.0,0,13.0,37.1,,455,
1988-04-05,,19.4,28.3,,0.5,0,14.4,50.0,,169,
1988-04-06,,13.3,24.4,,0.0,0,15.1,40.7,,673,
1988-04-07,,10.0,28.3,,0.0,0,8.6,29.5,,686,
1988-04-08,,12.2,23.3,,0.0,0,11.2,31.3,,36,
1988-04-09,,13.9,16.1,,18.5,0,9.7,50.0,,0,
1988-04-10,,8.9,15.6,,0.3,0,26.6,57.2,,215,
1988-04-11,,6.7,21.1,,0.0,0,22.3,64.8,,767,
1988-04-12,,7.8,24.4,,0.0,0,15.8,38.9,,769,
1988-04-13,,8.9,27.2,,0.0,0,9.0,24.1,,719,
1988-04-14,,9.4,28.9,,0.0,0,13.7,35.3,,633,
1988-04-15,,15.0,27.8,,0.0,0,11.2,33.5,,606,
1988-04-16,,17.2,22.8,,0.3,0,14.4,33.5,,30,
1988-04-17,,17.2,29.4,,3.0,0,11.9,38.9,,312,
1988-04-18,,11.1,28.3,,0.0,0,21.2,59.0,,616,
1988-04-19,,7.8,23.9,,0.0,0,10.1,27.7,,781,
1988-04-20,,11.7,30.6,,0.0,0,16.6,44.3,,782,
1988-04-21,,17.2,28.9,,0.0,0,21.6,42.5,,380,
1988-04-22,,21.1,31.7,,0.0,0,11.5,37.1,,181,
1988-04-23,,20.0,32.8,,0.0,0,14.8,42.5,,663,
1988-04-24,,14.4,32.2,,1.0,0,18.4,51.8,,760,
1988-04-25,,18.3,30.0,,0.0,0,20.9,57.2,,726,
1988-04-26,,12.8,36.1,,0.0,0,16.2,51.8,,707,
1988-04-27,,13.9,27.2,,0.0,0,19.4,40.7,,740,
1988-04-28,,14.4,29.4,,0.0,0,15.5,37.1,,538,
1988-04-29,,17.8,23.3,,23.6,0,14.4,72.0,,152,
1988-04-30,,16.7,21.7,,0.5,0,14.0,29.5,,160,
1988-05-01,,12.8,26.1,,0.0,0,12.2,37.1,,726,
1988-05-02,,15.0,21.7,,0.3,0,10.8,27.7,,12,
1988-05-03,,15.6,28.3,,0.0,0,7.9,42.5,,764,
1988-05-04,,12.8,28.9,,0.0,0,12.2,29.5,,805,
1988-05-05,,13.3,30.0,,0.0,0,10.1,27.7,,707,
1988-05-06,,16.1,29.4,,0.0,0,14.4,46.4,,492,
1988-05-07,,18.9,26.1,,0.3,0,15.8,38.9,,0,
1988-05-08,,22.2,35.6,,0.8,0,14.4,37.1,,476,
1988-05-09,,23.3,33.9,,0.0,0,11.9,31.3,,457,
1988-05-10,,20.6,32.2,,0.0,0,10.8,33.5,,330,
1988-05-11,,18.3,25.0,,20.8,0,16.2,53.6,,0,
1988-05-12,,16.7,26.7,,0.0,0,12.6,33.5,,515,
1988-05-13,,16.7,28.3,,0.0,0,8.3,25.9,,705,
1988-05-14,,16.7,29.4,,0.0,0,13.7,31.3,,515,
1988-05-15,,19.4,30.6,,0.0,0,15.5,33.5,,475,
1988-05-16,,19.4,28.9,,0.3,0,10.1,31.3,,296,
1988-05-17,,18.3,31.7,,0.0,0,9.4,24.1,,725,
1988-05-18,,15.6,31.1,,0.0,0,13.7,38.9,,772,
1988-05-19,,17.2,30.6,,0.0,0,11.5,37.1,,490,
1988-05-20,,17.2,29.4,,33.8,0,11.2,66.6,,55,
1988-05-21,,17.2,28.9,,4.3,0,14.0,37.1,,265,
1988-05-22,,16.1,29.4,,0.0,0,20.5,68.4,,829,
1988-05-23,,16.7,33.3,,0.0,0,15.1,37.1,,830,
1988-05-24,,20.0,32.2,,0.0,0,16.9,35.3,,807,
1988-05-25,,18.9,30.0,,0.0,0,13.3,33.5,,832,
1988-05-26,,18.9,28.9,,0.0,0,11.2,29.5,,515,
1988-05-27,,16.7,29.4,,0.0,0,10.4,29.5,,834,
1988-05-28,,16.7,30.0,,0.0,0,14.0,40.7,,484,
1988-05-29,,20.6,29.4,,20.8,0,16.6,74.2,,110,
1988-05-30,,22.8,29.4,,1.3,0,19.4,44.3,,69,
1988-05-31,,22.8,31.1,,2.0,0,19.8,38.9,,100,
1988-06-01,,18.3,30.0,,3.3,0,14.8,59.0,,420,
1988-06-02,,18.9,29.4,,31.5,0,13.7,87.1,,215,
1988-06-03,,18.9,26.7,,9.1,0,16.6,55.4,,300,
1988-06-04,,18.9,28.3,,0.0,0,18.0,44.3,,285,
1988-06-05,,18.9,29.4,,0.0,0,13.3,33.5,,798,
1988-06-06,,19.4,32.2,,0.0,0,7.6,20.5,,800,
1988-06-07,,20.6,32.8,,0.0,0,9.4,25.9,,699,
1988-06-08,,20.6,35.0,,0.0,0,12.6,33.5,,843,
1988-06-09,,21.1,36.1,,0.0,0,14.8,42.5,,805,
1988-06-10,,22.2,31.1,,0.0,0,16.6,38.9,,588,
1988-06-11,,19.4,31.1,,0.0,0,10.8,25.9,,720,
1988-06-12,,18.3,30.6,,0.0,0,11.2,31.3,,825,
1988-06-13,,17.8,31.7,,0.0,0,13.0,37.1,,529,
1988-06-14,,22.2,32.8,,0.0,0,11.9,29.5,,621,
1988-06-15,,20.6,32.2,,0.0,0,6.5,29.5,,725,
1988-06-16,,21.1,32.8,,0.0,0,7.9,27.7,,734,
1988-06-17,,20.0,33.3,,0.0,0,10.1,38.9,,836,
1988-06-18,,20.6,33.3,,0.0,0,9.4,35.3,,699,
1988-06-19,,20.6,33.3,,0.0,0,10.4,29.5,,846,
1988-06-20,,22.2,33.9,,0.0,0,9.7,44.3,,771,
1988-06-21,,20.6,33.9,,0.0,0,8.3,35.3,,800,
1988-06-22,,21.1,34.4,,0.0,0,7.9,51.8,,699,
1988-06-23,,21.7,33.9,,0.0,0,7.9,29.5,,759,
1988-06-24,,21.7,33.9,,1.8,0,9.0,55.4,,735,
1988-06-25,,22.8,34.4,,3.8,0,13.3,59.0,,584,
1988-06-26,,21.1,33.9,,16.5,0,9.0,51.8,,586,
1988-06-27,,23.3,34.4,,0.0,0,6.8,29.5,,500,
1988-06-28,,24.4,34.4,,0.0,0,9.7,25.9,,565,
1988-06-29,,23.3,35.6,,0.0,0,14.8,37.1,,797,
1988-06-30,,23.9,35.6,,0.0,0,15.5,35.3,,712,
1988-07-01,,23.3,36.7,,0.0,0,13.0,29.5,,715,
1988-07-02,,23.9,36.1,,0.0,0,10.8,29.5,,606,
1988-07-03,,24.4,37.2,,0.0,0,11.2,53.6,,415,
1988-07-04,,23.3,36.7,,12.2,0,10.8,55.4,,251,
1988-07-05,,23.9,35.6,,0.0,0,9.0,59.0,,305,
1988-07-06,,23.9,32.8,,2.8,0,7.6,44.3,,145,
1988-07-07,,23.3,32.8,,0.0,0,12.6,38.9,,333,
1988-07-08,,22.2,32.2,,0.3,0,15.5,42.5,,181,
1988-07-09,,22.8,33.3,,0.0,0,11.5,38.9,,370,
1988-07-10,,22.8,33.9,,1.3,0,5.8,38.9,,216,
1988-07-11,,22.2,30.0,,18.0,0,13.3,70.2,,0,
1988-07-12,,24.4,33.9,,4.8,0,14.4,37.1,,27,
1988-07-13,,24.4,35.6,,0.0,0,18.0,40.7,,669,
1988-07-14,,24.4,36.7,,0.0,0,16.6,37.1,,545,
1988-07-15,,25.0,36.1,,2.0,0,14.0,46.4,,558,
1988-07-16,,25.0,36.1,,0.0,0,16.2,35.3,,521,
1988-07-17,,24.4,36.7,,0.0,0,14.4,35.3,,669,
1988-07-18,,23.9,36.7,,0.0,0,13.0,29.5,,786,
1988-07-19,,23.9,37.2,,0.0,0,13.7,38.9,,610,
1988-07-20,,24.4,31.7,,14.2,0,11.9,37.1,,71,
1988-07-21,,22.2,32.8,,1.8,0,14.8,35.3,,260,
1988-07-22,,22.2,34.4,,0.0,0,9.4,27.7,,828,
1988-07-23,,20.0,36.1,,0.0,0,7.2,31.3,,827,
1988-07-24,,21.1,37.2,,0.0,0,11.9,31.3,,820,
1988-07-25,,22.8,36.7,,0.0,0,12.2,29.5,,669,
1988-07-26,,24.4,37.2,,0.0,0,13.7,37.1,,728,
1988-07-27,,23.3,37.8,,11.2,0,11.9,66.6,,768,
1988-07-28,,22.8,36.1,,0.0,0,13.7,44.3,,549,
1988-07-29,,23.3,35.6,,0.0,0,10.8,37.1,,385,
1988-07-30,,22.2,33.3,,1.3,0,7.2,55.4,,268,
1988-07-31,,22.8,33.9,,0.5,0,6.1,37.1,,107,
1988-08-01,,23.9,33.9,,0.0,0,11.9,40.7,,212,
1988-08-02,,24.4,35.0,,2.0,0,12.2,53.6,,238,
1988-08-03,,24.4,35.6,,0.0,0,11.5,50.0,,299,
1988-08-04,,23.3,35.0,,0.0,0,8.6,29.5,,244,
1988-08-05,,24.4,36.7,,0.0,0,7.6,27.7,,554,
1988-08-06,,24.4,37.8,,0.0,0,11.5,29.5,,776,
1988-08-07,,23.9,38.9,,0.0,0,11.2,29.5,,763,
1988-08-08,,24.4,40.6,,0.0,0,9.4,37.1,,480,
1988-08-09,,25.0,38.3,,0.5,0,7.9,76.0,,334,
1988-08-10,,24.4,38.9,,0.0,0,12.2,37.1,,710,
1988-08-11,,23.9,40.6,,26.7,0,14.0,55.4,,531,
1988-08-12,,25.0,37.2,,0.0,0,14.0,42.5,,374,
1988-08-13,,23.9,36.1,,0.0,0,12.2,29.5,,587,
1988-08-14,,25.0,36.1,,0.0,0,8.6,29.5,,340,
1988-08-15,,23.9,36.1,,0.0,0,9.0,31.3,,614,
1988-08-16,,24.4,36.1,,13.2,0,9.0,76.0,,341,
1988-08-17,,23.9,35.0,,0.0,0,7.2,40.7,,200,
1988-08-18,,23.9,35.0,,0.0,0,11.2,51.8,,401,
1988-08-19,,22.8,35.6,,0.0,0,11.5,35.3,,431,
1988-08-20,,23.9,36.7,,0.0,0,12.6,31.3,,658,
1988-08-21,,24.4,37.2,,0.0,0,12.6,35.3,,531,
1988-08-22,,25.0,37.2,,0.0,0,12.2,31.3,,640,
1988-08-23,,24.4,37.2,,0.0,0,10.1,27.7,,748,
1988-08-24,,25.0,40.0,,0.0,0,10.1,37.1,,475,
1988-08-25,,25.0,37.8,,0.0,0,10.4,31.3,,690,
1988-08-26,,22.8,38.9,,0.0,0,8.6,33.5,,716,
1988-08-27,,22.8,37.2,,0.0,0,14.8,37.1,,602,
1988-08-28,,21.7,35.6,,0.0,0,7.6,35.3,,663,
1988-08-29,,23.9,34.4,,0.0,0,15.8,42.5,,275,
1988-08-30,,23.3,33.9,,0.0,0,15.1,33.5,,335,
1988-08-31,,22.8,33.3,,0.0,0,11.5,35.3,,290,
1988-09-01,,22.8,35.0,,0.0,0,11.9,40.7,,505,
1988-09-02,,23.3,33.3,,0.0,0,13.3,37.1,,185,
1988-09-03,,23.3,33.3,,0.0,0,14.4,48.2,,328,
1988-09-04,,22.2,31.1,,0.0,0,24.1,57.2,,761,
1988-09-05,,18.3,33.3,,0.0,0,14.4,38.9,,759,
1988-09-06,,20.0,32.8,,0.0,0,7.9,31.3,,652,
1988-09-07,,16.7,34.4,,0.0,0,9.0,27.7,,600,
1988-09-08,,17.8,35.6,,0.0,0,9.0,25.9,,550,
1988-09-09,,18.3,35.0,,0.0,0,10.4,37.1,,484,
1988-09-10,,20.0,34.4,,0.0,0,10.1,35.3,,549,
1988-09-11,,17.8,36.1,,0.0,0,10.8,29.5,,673,
1988-09-12,,21.7,35.6,,0.0,0,10.8,35.3,,233,
1988-09-13,,23.9,35.6,,0.0,0,10.8,35.3,,513,
1988-09-14,,22.2,35.0,,0.0,0,10.4,35.3,,717,
1988-09-15,,23.3,36.1,,0.0,0,14.8,53.6,,637,
1988-09-16,,23.9,32.2,,0.0,0,16.2,46.4,,44,
1988-09-17,,25.6,31.7,,6.6,0,20.9,59.0,,192,
1988-09-18,,25.6,33.9,,0.0,0,23.0,55.4,,216,
1988-09-19,,24.4,31.7,,0.5,0,15.1,38.9,,222,
1988-09-20,,24.4,35.0,,0.0,0,15.8,37.1,,505,
1988-09-21,,22.8,35.6,,0.0,0,14.8,38.9,,515,
1988-09-22,,22.2,34.4,,0.0,0,14.0,40.7,,560,
1988-09-23,,23.9,33.9,,0.0,0,13.3,35.3,,403,
1988-09-24,,23.3,34.4,,0.0,0,14.0,35.3,,369,
1988-09-25,,18.3,34.4,,0.0,0,10.4,24.1,,723,
1988-09-26,,18.9,35.6,,0.0,0,8.3,24.1,,722,
1988-09-27,,18.3,36.1,,0.0,0,8.6,25.9,,719,
1988-09-28,,20.0,34.4,,0.0,0,15.5,38.9,,629,
1988-09-29,,17.8,33.3,,0.0,0,18.4,55.4,,200,
1988-09-30,,16.7,19.4,,29.2,0,15.1,37.1,,0,
1988-10-01,,18.3,30.6,,8.1,0,8.6,74.2,,559,
1988-10-02,,16.1,27.2,,0.0,0,24.5,50.0,,623,
1988-10-03,,16.1,27.8,,0.0,0,19.1,35.3,,707,
1988-10-04,,15.0,27.8,,0.0,0,13.3,33.5,,707,
1988-10-05,,14.4,27.8,,0.0,0,10.1,25.9,,706,
1988-10-06,,13.9,27.2,,0.0,0,10.8,27.7,,703,
1988-10-07,,12.8,28.3,,0.0,0,7.6,20.5,,701,
1988-10-08,,12.8,29.4,,0.0,0,9.0,29.5,,606,
1988-10-09,,16.1,31.1,,0.0,0,15.1,38.9,,400,
1988-10-10,,13.3,26.7,,0.0,0,15.8,38.9,,697,
1988-10-11,,12.8,31.7,,0.0,0,13.0,33.5,,695,
1988-10-12,,15.0,26.1,,0.0,0,15.8,31.3,,452,
1988-10-13,,11.7,27.8,,0.0,0,10.4,29.5,,691,
1988-10-14,,11.1,28.3,,0.0,0,12.2,37.1,,689,
1988-10-15,,15.0,30.0,,0.0,0,11.5,38.9,,459,
1988-10-16,,17.2,31.1,,0.0,0,11.5,33.5,,672,
1988-10-17,,17.8,31.7,,0.0,0,17.6,46.4,,624,
1988-10-18,,18.9,31.7,,0.0,0,12.6,37.1,,518,
1988-10-19,,18.9,30.6,,0.0,0,10.4,24.1,,323,
1988-10-20,,17.2,31.7,,0.0,0,11.5,44.3,,550,
1988-10-21,,17.8,28.9,,0.0,0,13.3,37.1,,422,
1988-10-22,,17.8,30.6,,0.0,0,13.0,35.3,,369,
1988-10-23,,19.4,33.9,,0.0,0,18.7,53.6,,504,
1988-10-24,,16.1,28.3,,0.0,0,13.7,31.3,,379,
1988-10-25,,21.1,32.8,,0.0,0,13.7,35.3,,362,
1988-10-26,,20.0,30.6,,0.0,0,11.2,37.1,,269,
1988-10-27,,19.4,31.7,,0.0,0,18.4,46.4,,399,
1988-10-28,,16.7,30.6,,0.0,0,16.9,44.3,,103,
1988-10-29,,15.0,18.9,,1.5,0,12.2,29.5,,0,
1988-10-30,,17.8,22.8,,1.0,0,11.2,25.9,,0,
1988-10-31,,14.4,21.1,,6.1,0,15.1,53.6,,7,
1988-11-01,,13.3,23.3,,0.0,0,9.7,22.3,,472,
1988-11-02,,12.2,23.9,,0.0,0,17.6,42.5,,210,
1988-11-03,,16.1,29.4,,0.0,0,15.1,35.3,,475,
1988-11-04,,15.6,31.7,,0.0,0,18.0,48.2,,654,
1988-11-05,,15.0,27.2,,0.0,0,19.8,53.6,,652,
1988-11-06,,10.0,26.1,,0.0,0,14.8,38.9,,651,
1988-11-07,,15.6,31.7,,0.0,0,16.2,40.7,,426,
1988-11-08,,15.0,28.3,,0.0,0,13.3,33.5,,251,
1988-11-09,,22.2,31.1,,0.0,0,20.2,50.0,,383,
1988-11-10,,16.7,25.6,,0.0,0,18.0,46.4,,565,
1988-11-11,,17.2,28.3,,0.0,0,15.1,40.7,,50,
1988-11-12,,14.4,31.7,,0.0,0,16.6,33.5,,377,
1988-11-13,,12.2,29.4,,0.0,0,9.7,29.5,,548,
1988-11-14,,19.4,30.0,,0.0,0,19.1,42.5,,131,
1988-11-15,,17.8,30.0,,4.6,0,25.6,68.4,,199,
1988-11-16,,8.9,18.3,,0.0,0,22.7,46.4,,234,
1988-11-17,,5.6,18.9,,0.0,0,13.7,31.3,,433,
1988-11-18,,14.4,25.0,,4.1,0,11.2,42.5,,60,
1988-11-19,,10.0,27.2,,0.0,0,21.2,79.6,,344,
1988-11-20,,6.7,16.1,,0.0,0,22.3,59.0,,632,
1988-11-21,,4.4,13.9,,0.0,0,15.1,33.5,,410,
1988-11-22,,3.9,17.8,,0.0,0,9.7,24.1,,630,
1988-11-23,,1.7,22.2,,0.0,0,8.3,27.7,,628,
1988-11-24,,6.7,25.0,,0.0,0,10.4,38.9,,155,
1988-11-25,,18.9,26.7,,0.0,0,19.8,48.2,,20,
1988-11-26,,15.0,30.0,,0.0,0,15.5,51.8,,587,
1988-11-27,,7.8,18.9,,0.0,0,20.9,55.4,,506,
1988-11-28,,3.3,17.2,,0.0,0,11.2,29.5,,623,
1988-11-29,,3.3,23.9,,0.0,0,14.8,44.3,,513,
1988-11-30,,6.7,18.3,,0.0,0,15.5,35.3,,604,
1988-12-01,,5.6,22.2,,0.0,0,10.8,33.5,,620,
1988-12-02,,5.6,22.8,,0.0,0,6.8,24.1,,580,
1988-12-03,,3.9,23.3,,0.0,0,6.1,25.9,,592,
1988-12-04,,7.8,23.9,,0.0,0,10.4,27.7,,65,
1988-12-05,,11.1,20.6,,0.0,0,9.0,27.7,,91,
1988-12-06,,10.6,20.6,,0.0,0,11.2,25.9,,32,
1988-12-07,,13.9,26.1,,1.8,0,13.0,44.3,,183,
1988-12-08,,3.9,13.9,,8.9,0,27.7,51.8,,0,
1988-12-09,,2.8,8.3,,4.1,0,18.7,40.7,,0,
1988-12-10,,5.6,7.8,,10.7,0,13.0,27.7,,0,
1988-12-11,,6.7,11.1,,0.0,0,15.1,33.5,,0,
1988-12-12,,5.6,12.8,,0.0,0,12.2,35.3,,231,
1988-12-13,,1.1,21.7,,0.0,0,10.4,33.5,,613,
1988-12-14,,4.4,22.2,,0.0,0,14.4,57.2,,482,
1988-12-15,,7.2,13.9,,0.0,0,23.4,48.2,,0,
1988-12-16,,3.9,12.2,,0.0,0,16.9,40.7,,380,
1988-12-17,,2.2,16.1,,0.0,0,15.1,40.7,,612,
1988-12-18,,0.6,18.9,,0.0,0,9.7,31.3,,561,
1988-12-19,,6.1,22.2,,0.0,0,23.4,63.0,,114,
1988-12-20,,17.8,22.8,,0.0,0,9.0,37.1,,35,
1988-12-21,,13.3,24.4,,0.0,0,14.4,37.1,,214,
1988-12-22,,15.0,25.6,,0.5,0,17.6,40.7,,0,
1988-12-23,,11.7,20.6,,0.0,0,12.2,29.5,,14,
1988-12-24,,11.7,20.0,,0.0,0,19.8,38.9,,535,
1988-12-25,,8.9,17.8,,0.0,0,14.0,33.5,,0,
1988-12-26,,17.8,26.7,,0.0,0,27.4,63.0,,44,
1988-12-27,,7.2,23.3,,0.0,0,26.3,55.4,,0,
1988-12-28,,1.1,10.0,,0.0,0,19.4,44.3,,612,
1988-12-29,,0.6,12.8,,0.0,0,10.8,25.9,,138,
1988-12-30,,8.3,11.1,,2.0,0,12.2,25.9,,0,
1988-12-31,,9.4,21.7,,1.0,0,10.4,29.5,,590,
1989-01-01,,4.4,22.2,,0.0,0,7.6,25.9,,283,
1989-01-02,,15.0,20.0,,0.0,0,6.5,29.5,,0,
1989-01-03,,11.7,25.6,,0.0,0,18.4,38.9,,433,
1989-01-04,,8.9,20.0,,0.0,0,13.0,27.7,,189,
1989-01-05,,15.0,27.2,,0.0,0,12.6,35.3,,190,
1989-01-06,,8.3,28.9,,0.0,0,13.0,37.1,,571,
1989-01-07,,15.6,26.1,,0.0,0,19.8,38.9,,22,
1989-01-08,,6.1,15.6,,0.0,0,24.1,42.5,,0,
1989-01-09,,3.9,7.2,,1.8,0,13.7,40.7,,0,
1989-01-10,,1.7,15.6,,0.0,0,6.8,22.3,,159,
1989-01-11,,11.7,17.8,,0.5,0,9.4,25.9,,0,
1989-01-12,,3.9,16.7,,7.4,0,23.4,57.2,,0,
1989-01-13,,2.2,5.0,,11.4,0,25.2,61.2,,0,
1989-01-14,,1.7,14.4,,0.0,0,12.2,29.5,,463,
1989-01-15,,0.0,23.3,,0.0,0,13.7,55.4,,590,
1989-01-16,,2.8,12.8,,0.0,0,13.7,37.1,,441,
1989-01-17,,4.4,16.1,,0.0,0,7.9,25.9,,31,
1989-01-18,,10.6,16.1,,0.0,0,10.8,29.5,,0,
1989-01-19,,13.3,15.0,,12.4,0,16.6,37.1,,0,
1989-01-20,,6.1,14.4,,1.8,0,27.7,59.0,,437,
1989-01-21,,2.2,13.3,,0.0,0,13.0,33.5,,631,
1989-01-22,,0.6,16.1,,0.0,0,9.0,27.7,,540,
1989-01-23,,6.7,18.9,,0.0,0,10.8,40.7,,33,
1989-01-24,,12.8,23.3,,5.3,0,10.8,37.1,,12,
1989-01-25,,18.3,22.2,,0.8,0,19.8,46.4,,0,
1989-01-26,,9.4,20.0,,26.2,0,19.8,46.4,,0,
1989-01-27,,7.8,13.9,,0.8,0,16.6,37.1,,0,
1989-01-28,,11.7,19.4,,4.6,0,15.5,35.3,,0,
1989-01-29,,8.9,11.7,,23.4,0,21.2,44.3,,0,
1989-01-30,,7.2,20.6,,0.0,0,9.7,25.9,,414,
1989-01-31,,6.1,24.4,,0.0,0,11.2,40.7,,488,
1989-02-01,,13.3,22.2,,0.0,0,13.0,37.1,,0,
1989-02-02,,3.9,25.0,,10.4,0,19.8,61.2,,0,
1989-02-03,,-5.0,3.9,,0.0,0,33.5,59.0,,306,
1989-02-04,,-7.2,-4.4,,0.0,0,25.9,46.4,,0,
1989-02-05,,-6.7,-4.4,,0.0,0,22.0,46.4,,0,
1989-02-06,,-6.7,-3.3,,0.0,0,25.9,51.8,,18,
1989-02-07,,-5.0,5.6,,0.0,0,18.7,40.7,,391,
1989-02-08,,-2.8,10.6,,0.0,0,19.4,44.3,,531,
1989-02-09,,-0.6,11.1,,0.0,0,14.0,37.1,,609,
1989-02-10,,0.0,14.4,,0.0,0,11.5,35.3,,315,
1989-02-11,,10.0,13.3,,0.3,0,7.6,25.9,,0,
1989-02-12,,12.2,23.3,,3.0,0,16.6,55.4,,7,
1989-02-13,,18.9,25.0,,0.0,0,19.1,59.0,,0,
1989-02-14,,10.6,20.0,,0.3,0,15.8,33.5,,0,
1989-02-15,,8.3,13.9,,0.0,0,20.9,40.7,,0,
1989-02-16,,7.2,8.9,,0.3,0,22.3,40.7,,0,
1989-02-17,,6.7,10.0,,6.4,0,16.6,31.3,,0,
1989-02-18,,6.1,8.3,,0.0,0,18.4,37.1,,0,
1989-02-19,,6.1,11.7,,0.3,0,12.2,31.3,,0,
1989-02-20,,10.0,23.9,,0.5,0,12.2,48.2,,166,
1989-02-21,,7.8,16.1,,0.0,0,24.5,61.2,,420,
1989-02-22,,5.0,16.7,,0.0,0,14.0,29.5,,642,
1989-02-23,,0.0,12.2,,0.0,0,14.8,27.7,,681,
1989-02-24,,2.2,15.6,,0.0,0,13.3,33.5,,6,
1989-02-25,,10.6,23.9,,0.0,0,16.6,50.0,,437,
1989-02-26,,11.1,28.9,,0.0,0,19.1,48.2,,655,
1989-02-27,,8.3,22.2,,0.0,0,18.4,48.2,,272,
1989-02-28,,7.8,9.4,,0.3,0,20.9,42.5,,0,
1989-03-01,,8.3,12.2,,6.9,0,15.1,25.9,,0,
1989-03-02,,10.0,17.2,,0.0,0,12.2,29.5,,19,
1989-03-03,,13.9,21.7,,0.0,0,15.8,37.1,,20,
1989-03-04,,-1.7,20.6,,3.3,0,33.1,70.2,,0,
1989-03-05,,-2.8,4.4,,0.0,0,34.6,68.4,,580,
1989-03-06,,-2.8,10.0,,0.0,0,21.6,48.2,,696,
1989-03-07,,-2.8,15.0,,0.0,0,15.1,33.5,,703,
1989-03-08,,0.0,17.2,,0.0,0,9.4,25.9,,705,
1989-03-09,,1.7,22.2,,0.0,0,6.8,22.3,,707,
1989-03-10,,5.0,26.1,,0.0,0,11.2,37.1,,709,
1989-03-11,,7.8,28.3,,0.0,0,14.8,42.5,,710,
1989-03-12,,9.4,29.4,,0.0,0,16.6,44.3,,712,
1989-03-13,,12.2,31.7,,0.0,0,19.8,42.5,,525,
1989-03-14,,17.8,32.2,,0.0,0,18.7,42.5,,488,
1989-03-15,,13.9,21.1,,0.0,0,21.6,50.0,,307,
1989-03-16,,14.4,22.8,,0.0,0,13.7,35.3,,100,
1989-03-17,,17.8,28.9,,0.0,0,18.7,44.3,,570,
1989-03-18,,13.9,25.6,,0.0,0,15.5,40.7,,305,
1989-03-19,,13.3,24.4,,0.0,0,16.2,40.7,,320,
1989-03-20,,11.1,29.4,,7.9,0,23.4,68.4,,382,
1989-03-21,,3.3,11.1,,11.4,0,28.8,61.2,,0,
1989-03-22,,5.0,17.8,,0.0,0,18.0,38.9,,555,
1989-03-23,,5.6,22.2,,0.0,0,11.9,29.5,,710,
1989-03-24,,9.4,25.0,,0.0,0,12.2,42.5,,463,
1989-03-25,,15.6,23.9,,0.0,0,12.2,37.1,,0,
1989-03-26,,18.3,25.0,,1.8,0,14.0,63.0,,275,
1989-03-27,,20.6,25.0,,0.3,0,20.9,46.4,,43,
1989-03-28,,15.6,26.7,,22.4,0,17.6,63.0,,367,
1989-03-29,,14.4,28.3,,0.0,0,12.6,37.1,,708,
1989-03-30,,15.6,31.1,,0.0,0,22.7,59.0,,745,
1989-03-31,,10.6,21.1,,0.0,0,19.4,50.0,,747,
1989-04-01,,9.4,25.6,,0.0,0,18.0,53.6,,750,
1989-04-02,,17.8,29.4,,0.0,0,16.9,40.7,,425,
1989-04-03,,19.4,32.2,,0.0,0,19.1,42.5,,623,
1989-04-04,,16.7,26.1,,0.0,0,22.3,57.2,,651,
1989-04-05,,11.1,25.0,,0.0,0,14.8,44.3,,756,
1989-04-06,,11.7,30.0,,0.0,0,18.4,55.4,,759,
1989-04-07,,12.8,31.7,,0.0,0,12.2,46.4,,760,
1989-04-08,,17.2,32.8,,0.0,0,25.2,68.4,,534,
1989-04-09,,12.2,17.2,,0.0,0,24.1,44.3,,0,
1989-04-10,,8.3,13.9,,0.0,0,27.0,57.2,,27,
1989-04-11,,5.0,16.7,,0.0,0,15.5,29.5,,349,
1989-04-12,,10.6,13.3,,3.6,0,13.7,31.3,,0,
1989-04-13,,10.6,13.3,,6.4,0,16.6,35.3,,0,
1989-04-14,,10.6,18.3,,13.0,0,14.0,35.3,,38,
1989-04-15,,9.4,24.4,,0.0,0,7.2,25.9,,727,
1989-04-16,,12.2,27.8,,0.0,0,14.8,37.1,,710,
1989-04-17,,17.8,28.9,,0.0,0,17.3,38.9,,363,
1989-04-18,,20.0,29.4,,0.0,0,12.6,40.7,,390,
1989-04-19,,17.2,28.3,,31.8,0,11.9,44.3,,319,
1989-04-20,,15.6,28.3,,0.0,0,9.0,22.3,,566,
1989-04-21,,18.3,29.4,,0.0,0,13.7,31.3,,540,
1989-04-22,,17.8,30.0,,0.0,0,16.9,40.7,,671,
1989-04-23,,18.3,29.4,,0.0,0,19.1,44.3,,695,
1989-04-24,,17.2,28.9,,0.0,0,16.6,46.4,,530,
1989-04-25,,18.9,30.0,,0.0,0,15.8,37.1,,146,
1989-04-26,,21.7,30.0,,0.0,0,16.6,38.9,,232,
1989-04-27,,20.6,30.0,,0.0,0,14.4,35.3,,335,
1989-04-28,,20.0,29.4,,0.0,0,12.2,44.3,,206,
1989-04-29,,15.0,30.6,,7.1,0,13.0,81.4,,370,
1989-04-30,,16.7,27.8,,0.0,0,14.8,33.5,,694,
1989-05-01,,18.3,28.3,,0.0,0,13.7,33.5,,490,
1989-05-02,,16.1,29.4,,0.0,0,13.7,40.7,,606,
1989-05-03,,20.6,27.2,,0.8,0,17.3,38.9,,150,
1989-05-04,,22.2,31.7,,0.3,0,19.1,38.9,,415,
1989-05-05,,17.2,28.9,,36.3,0,16.6,59.0,,427,
1989-05-06,,16.7,30.6,,0.0,0,8.3,24.1,,779,
1989-05-07,,19.4,29.4,,0.0,0,13.7,37.1,,399,
1989-05-08,,20.0,32.2,,0.0,0,20.5,48.2,,665,
1989-05-09,,21.7,32.2,,0.0,0,15.8,38.9,,435,
1989-05-10,,15.6,25.0,,27.4,0,18.0,53.6,,190,
1989-05-11,,16.1,23.9,,0.0,0,14.8,29.5,,0,
1989-05-12,,17.8,26.7,,1.3,0,13.0,31.3,,220,
1989-05-13,,16.7,28.9,,36.3,0,14.8,66.6,,160,
1989-05-14,,16.7,28.9,,0.0,0,9.7,27.7,,275,
1989-05-15,,18.3,29.4,,27.2,0,14.8,77.8,,410,
1989-05-16,,23.3,28.9,,0.0,0,18.4,42.5,,46,
1989-05-17,,20.6,31.7,,44.5,0,12.2,55.4,,413,
1989-05-18,,21.1,35.0,,0.0,0,10.8,31.3,,766,
1989-05-19,,21.7,33.9,,0.0,0,16.2,35.3,,586,
1989-05-20,,21.1,33.9,,1.3,0,17.6,74.2,,477,
1989-05-21,,18.9,33.3,,0.0,0,13.7,35.3,,667,
1989-05-22,,22.8,32.8,,0.0,0,19.1,46.4,,614,
1989-05-23,,23.3,32.8,,0.0,0,14.4,31.3,,676,
1989-05-24,,22.8,34.4,,0.0,0,21.6,44.3,,614,
1989-05-25,,23.3,34.4,,0.0,0,23.0,51.8,,748,
1989-05-26,,23.9,33.9,,0.0,0,19.8,48.2,,755,
1989-05-27,,23.3,33.9,,0.0,0,14.4,33.5,,613,
1989-05-28,,22.2,33.9,,0.0,0,16.2,44.3,,701,
1989-05-29,,20.6,33.9,,0.0,0,17.6,40.7,,506,
1989-05-30,,22.8,32.8,,0.0,0,18.0,44.3,,568,
1989-05-31,,22.2,33.9,,0.0,0,18.4,44.3,,658,
1989-06-01,,23.3,33.9,,0.0,0,13.0,27.7,,629,
1989-06-02,,22.8,34.4,,0.0,0,14.8,31.3,,660,
1989-06-03,,23.9,35.0,,0.0,0,18.4,44.3,,540,
1989-06-04,,23.9,33.3,,0.0,0,16.2,37.1,,375,
1989-06-05,,23.3,35.0,,0.0,0,11.2,29.5,,660,
1989-06-06,,21.1,35.0,,0.0,0,13.7,31.3,,653,
1989-06-07,,22.2,37.2,,0.0,0,22.3,72.0,,415,
1989-06-08,,20.6,33.9,,0.0,0,16.2,37.1,,822,
1989-06-09,,20.0,32.2,,0.0,0,14.0,35.3,,333,
1989-06-10,,23.9,35.6,,1.3,0,17.3,59.0,,337,
1989-06-11,,20.0,34.4,,27.2,0,18.7,51.8,,616,
1989-06-12,,25.0,33.3,,0.0,0,19.4,40.7,,384,
1989-06-13,,19.4,33.9,,30.2,0,18.4,61.2,,653,
1989-06-14,,18.9,26.7,,17.0,0,13.0,44.3,,166,
1989-06-15,,18.3,29.4,,0.0,0,17.3,50.0,,846,
1989-06-16,,15.6,29.4,,0.0,0,9.0,24.1,,846,
1989-06-17,,17.2,31.1,,0.0,0,15.5,35.3,,846,
1989-06-18,,22.2,33.9,,0.0,0,11.9,29.5,,543,
1989-06-19,,23.9,34.4,,0.0,0,9.7,24.1,,706,
1989-06-20,,22.2,35.6,,0.0,0,7.2,22.3,,846,
1989-06-21,,22.2,33.9,,0.0,0,17.3,40.7,,664,
1989-06-22,,23.3,32.8,,0.0,0,15.1,38.9,,499,
1989-06-23,,22.2,31.7,,0.0,0,15.5,37.1,,392,
1989-06-24,,22.8,28.3,,1.3,0,17.3,44.3,,110,
1989-06-25,,22.8,29.4,,0.0,0,18.4,38.9,,85,
1989-06-26,,23.3,28.9,,1.8,0,20.9,44.3,,228,
1989-06-27,,23.3,33.9,,0.0,0,18.4,42.5,,502,
1989-06-28,,22.8,33.3,,0.0,0,17.3,40.7,,602,
1989-06-29,,23.9,32.8,,0.0,0,24.8,51.8,,471,
1989-06-30,,23.9,32.8,,0.0,0,15.1,35.3,,275,
1989-07-01,,23.9,36.1,,0.0,0,11.9,27.7,,736,
1989-07-02,,24.4,36.7,,0.0,0,18.4,38.9,,691,
1989-07-03,,21.7,35.0,,0.5,0,14.0,44.3,,696,
1989-07-04,,25.0,36.1,,0.0,0,11.9,33.5,,749,
1989-07-05,,24.4,36.7,,0.0,0,11.2,31.3,,647,
1989-07-06,,23.9,37.2,,0.0,0,13.0,27.7,,717,
1989-07-07,,22.8,36.7,,1.5,0,12.2,40.7,,582,
1989-07-08,,22.8,36.1,,0.0,0,12.6,33.5,,747,
1989-07-09,,23.9,35.6,,0.0,0,15.8,40.7,,640,
1989-07-10,,23.9,35.6,,0.0,0,13.7,37.1,,549,
1989-07-11,,23.9,35.0,,0.0,0,14.0,42.5,,673,
1989-07-12,,23.9,36.7,,0.0,0,15.8,37.1,,788,
1989-07-13,,24.4,37.8,,0.0,0,11.2,25.9,,389,
1989-07-14,,24.4,38.9,,0.0,0,12.6,33.5,,343,
1989-07-15,,25.0,38.9,,0.0,0,16.6,37.1,,656,
1989-07-16,,23.3,39.4,,0.0,0,14.8,37.1,,772,
1989-07-17,,24.4,38.3,,0.0,0,18.4,40.7,,697,
1989-07-18,,24.4,38.9,,0.0,0,19.1,44.3,,735,
1989-07-19,,25.0,38.9,,0.0,0,16.9,50.0,,674,
1989-07-20,,23.3,36.1,,0.0,0,13.7,46.4,,779,
1989-07-21,,22.2,36.1,,0.0,0,8.3,38.9,,695,
1989-07-22,,20.6,36.7,,0.0,0,11.5,35.3,,691,
1989-07-23,,21.7,35.6,,0.0,0,10.1,38.9,,485,
1989-07-24,,21.1,34.4,,0.0,0,10.8,44.3,,364,
1989-07-25,,19.4,32.8,,0.3,0,9.4,42.5,,534,
1989-07-26,,21.7,32.8,,0.0,0,12.6,33.5,,192,
1989-07-27,,23.3,32.8,,0.0,0,9.7,29.5,,314,
1989-07-28,,21.7,35.6,,0.0,0,9.4,29.5,,731,
1989-07-29,,22.8,36.7,,0.0,0,13.7,37.1,,743,
1989-07-30,,23.9,37.2,,0.0,0,12.2,33.5,,760,
1989-07-31,,23.9,37.8,,0.0,0,10.4,31.3,,666,
1989-08-01,,25.0,30.6,,4.6,0,16.9,44.3,,0,
1989-08-02,,22.8,35.6,,10.4,0,18.4,44.3,,355,
1989-08-03,,25.0,36.1,,0.0,0,18.4,42.5,,554,
1989-08-04,,23.9,36.7,,0.0,0,17.6,40.7,,664,
1989-08-05,,24.4,37.2,,0.0,0,17.6,42.5,,700,
1989-08-06,,23.9,37.2,,0.0,0,14.8,42.5,,717,
1989-08-07,,22.8,30.0,,0.0,0,15.8,42.5,,132,
1989-08-08,,21.7,32.2,,0.0,0,18.4,37.1,,508,
1989-08-09,,19.4,32.2,,0.0,0,12.2,27.7,,745,
1989-08-10,,18.3,31.7,,0.0,0,7.9,37.1,,666,
1989-08-11,,19.4,33.9,,0.0,0,10.1,27.7,,628,
1989-08-12,,20.6,34.4,,0.0,0,9.7,33.5,,676,
1989-08-13,,18.9,33.9,,0.0,0,11.2,33.5,,639,
1989-08-14,,21.1,34.4,,0.0,0,9.4,31.3,,201,
1989-08-15,,23.3,35.6,,7.6,0,10.8,53.6,,550,
1989-08-16,,21.7,36.1,,0.0,0,11.9,31.3,,527,
1989-08-17,,22.2,36.1,,0.0,0,10.1,40.7,,630,
1989-08-18,,23.3,36.1,,0.0,0,9.4,37.1,,545,
1989-08-19,,22.8,36.7,,0.0,0,15.8,42.5,,680,
1989-08-20,,23.9,37.8,,0.0,0,16.9,37.1,,660,
1989-08-21,,23.3,37.2,,0.0,0,14.4,33.5,,608,
1989-08-22,,23.9,37.8,,0.0,0,14.0,38.9,,700,
1989-08-23,,23.3,38.3,,0.0,0,14.0,33.5,,710,
1989-08-24,,23.3,37.8,,46.5,0,12.2,64.8,,481,
1989-08-25,,23.3,37.2,,0.0,0,14.0,40.7,,618,
1989-08-26,,23.9,37.8,,0.0,0,11.5,27.7,,645,
1989-08-27,,24.4,37.2,,0.0,0,11.2,37.1,,647,
1989-08-28,,23.9,37.2,,0.0,0,12.2,37.1,,700,
1989-08-29,,24.4,36.7,,0.0,0,11.9,31.3,,639,
1989-08-30,,24.4,37.2,,0.0,0,12.6,42.5,,702,
1989-08-31,,26.1,37.2,,0.0,0,15.5,37.1,,637,
1989-09-01,,24.4,37.2,,0.0,0,14.4,48.2,,720,
1989-09-02,,25.0,38.9,,0.0,0,13.0,29.5,,740,
1989-09-03,,24.4,38.9,,0.0,0,11.2,37.1,,763,
1989-09-04,,25.0,38.3,,0.0,0,9.7,38.9,,636,
1989-09-05,,25.0,38.3,,0.0,0,10.8,33.5,,730,
1989-09-06,,25.0,36.1,,0.0,0,12.2,40.7,,385,
1989-09-07,,23.9,36.1,,0.5,0,12.6,37.1,,362,
1989-09-08,,23.9,36.7,,0.0,0,16.2,42.5,,576,
1989-09-09,,23.9,37.2,,0.0,0,15.8,46.4,,667,
1989-09-10,,25.6,36.7,,0.0,0,11.2,42.5,,491,
1989-09-11,,24.4,35.6,,0.0,0,11.5,44.3,,355,
1989-09-12,,22.8,36.1,,0.0,0,13.3,31.3,,451,
1989-09-13,,16.7,32.2,,6.4,0,18.0,66.6,,252,
1989-09-14,,16.1,25.6,,0.0,0,21.2,46.4,,429,
1989-09-15,,15.0,30.0,,0.0,0,11.9,37.1,,699,
1989-09-16,,14.4,31.7,,0.0,0,5.8,25.9,,739,
1989-09-17,,15.0,32.8,,0.0,0,7.6,27.7,,738,
1989-09-18,,15.6,33.9,,0.0,0,9.7,25.9,,736,
1989-09-19,,17.2,33.3,,0.0,0,9.7,27.7,,735,
1989-09-20,,17.8,33.3,,0.0,0,10.1,29.5,,650,
1989-09-21,,18.9,33.3,,0.0,0,10.8,35.3,,712,
1989-09-22,,20.0,32.8,,0.0,0,15.5,46.4,,604,
1989-09-23,,16.1,25.6,,0.0,0,25.2,59.0,,693,
1989-09-24,,12.8,25.6,,0.0,0,18.4,35.3,,725,
1989-09-25,,11.7,27.8,,0.0,0,15.1,44.3,,723,
1989-09-26,,14.4,28.9,,0.0,0,16.9,38.9,,722,
1989-09-27,,15.6,30.0,,0.0,0,15.5,40.7,,719,
1989-09-28,,15.6,30.6,,0.0,0,13.0,38.9,,718,
1989-09-29,,15.6,31.1,,0.0,0,11.5,33.5,,716,
1989-09-30,,17.8,31.7,,0.0,0,10.8,37.1,,527,
1989-10-01,,15.0,36.7,,0.0,0,8.6,31.3,,713,
1989-10-02,,16.7,36.7,,0.0,0,11.9,37.1,,711,
1989-10-03,,17.8,32.8,,0.0,0,9.0,25.9,,574,
1989-10-04,,22.8,30.6,,0.5,0,10.8,33.5,,181,
1989-10-05,,20.6,32.2,,0.0,0,11.9,27.7,,241,
1989-10-06,,22.8,35.6,,0.0,0,13.3,40.7,,392,
1989-10-07,,16.7,26.1,,20.3,0,15.5,40.7,,110,
1989-10-08,,15.0,27.8,,0.0,0,13.3,37.1,,689,
1989-10-09,,13.3,29.4,,0.0,0,7.2,20.5,,681,
1989-10-10,,13.3,32.2,,0.0,0,7.9,20.5,,697,
1989-10-11,,15.0,33.9,,0.0,0,10.4,33.5,,695,
1989-10-12,,15.0,32.8,,0.0,0,9.7,27.7,,693,
1989-10-13,,16.1,31.7,,0.0,0,6.5,25.9,,678,
1989-10-14,,18.9,32.8,,0.0,0,6.5,22.3,,656,
1989-10-15,,17.2,32.8,,0.0,0,7.2,24.1,,687,
1989-10-16,,18.3,33.3,,0.0,0,9.0,44.3,,672,
1989-10-17,,12.8,21.1,,0.0,0,24.5,48.2,,630,
1989-10-18,,10.0,18.9,,0.0,0,25.9,51.8,,306,
1989-10-19,,5.6,17.8,,0.0,0,17.3,46.4,,680,
1989-10-20,,5.0,26.1,,0.0,0,11.5,33.5,,652,
1989-10-21,,12.8,26.7,,0.0,0,19.1,50.0,,640,
1989-10-22,,13.9,30.6,,0.0,0,16.6,48.2,,674,
1989-10-23,,16.1,30.0,,0.0,0,13.7,33.5,,371,
1989-10-24,,16.1,30.0,,0.0,0,11.2,31.3,,283,
1989-10-25,,17.8,28.3,,0.0,0,10.8,27.7,,249,
1989-10-26,,19.4,29.4,,3.3,0,13.3,38.9,,151,
1989-10-27,,17.8,28.9,,0.0,0,13.0,29.5,,226,
1989-10-28,,18.9,28.3,,4.6,0,13.7,40.7,,147,
1989-10-29,,17.8,26.7,,1.5,0,13.3,33.5,,163,
1989-10-30,,11.1,21.7,,25.7,0,16.6,51.8,,0,
1989-10-31,,6.1,19.4,,0.0,0,9.7,27.7,,500,
1989-11-01,,10.6,24.4,,0.0,0,10.1,48.2,,475,
1989-11-02,,7.2,18.3,,0.0,0,19.8,46.4,,657,
1989-11-03,,5.0,19.4,,0.0,0,8.3,24.1,,624,
1989-11-04,,7.8,25.6,,0.0,0,11.2,42.5,,537,
1989-11-05,,20.6,27.2,,0.0,0,14.8,35.3,,2,
1989-11-06,,20.0,30.6,,0.0,0,13.7,38.9,,372,
1989-11-07,,21.7,30.0,,0.0,0,11.5,29.5,,109,
1989-11-08,,16.7,31.1,,0.0,0,16.6,46.4,,583,
1989-11-09,,11.1,26.1,,0.0,0,10.8,31.3,,646,
1989-11-10,,8.3,27.8,,0.0,0,7.9,22.3,,645,
1989-11-11,,9.4,27.2,,0.0,0,7.6,25.9,,369,
1989-11-12,,13.9,28.3,,0.0,0,8.6,27.7,,315,
1989-11-13,,18.3,25.0,,3.3,0,13.3,42.5,,197,
1989-11-14,,20.6,30.6,,0.0,0,14.8,33.5,,415,
1989-11-15,,11.1,23.3,,0.0,0,22.3,59.0,,540,
1989-11-16,,6.1,15.6,,0.0,0,13.7,37.1,,595,
1989-11-17,,5.6,14.4,,0.0,0,11.9,37.1,,0,
1989-11-18,,8.9,12.8,,0.5,0,12.6,25.9,,0,
1989-11-19,,11.1,16.1,,1.5,0,10.8,24.1,,0,
1989-11-20,,15.0,25.6,,1.5,0,6.1,14.8,,124,
1989-11-21,,13.9,26.1,,0.0,0,10.8,31.3,,525,
1989-11-22,,9.4,23.9,,21.8,0,20.9,74.2,,122,
1989-11-23,,3.3,13.9,,0.0,0,12.6,42.5,,628,
1989-11-24,,2.2,18.9,,0.0,0,12.2,37.1,,371,
1989-11-25,,12.8,22.8,,0.0,0,10.8,40.7,,1,
1989-11-26,,14.4,28.3,,0.0,0,10.1,25.9,,608,
1989-11-27,,16.7,28.3,,0.0,0,15.5,48.2,,344,
1989-11-28,,7.2,16.7,,0.0,0,26.6,51.8,,359,
1989-11-29,,7.2,12.8,,0.0,0,19.8,44.3,,101,
1989-11-30,,5.6,8.9,,3.3,0,8.3,18.4,,0,
1989-12-01,,5.0,8.9,,0.0,0,2.9,18.4,,0,
1989-12-02,,7.2,12.8,,0.8,0,12.6,31.3,,0,
1989-12-03,,4.4,15.0,,0.0,0,16.9,40.7,,552,
1989-12-04,,0.0,20.6,,0.0,0,10.4,31.3,,594,
1989-12-05,,4.4,21.7,,0.0,0,12.2,33.5,,608,
1989-12-06,,11.1,27.2,,0.0,0,10.4,27.7,,520,
1989-12-07,,5.6,16.7,,0.8,0,24.1,55.4,,196,
1989-12-08,,2.8,11.7,,0.0,0,25.2,57.2,,298,
1989-12-09,,-1.1,16.7,,0.0,0,12.6,38.9,,615,
1989-12-10,,3.9,23.3,,0.0,0,15.1,44.3,,535,
1989-12-11,,-0.6,12.8,,0.0,0,28.1,55.4,,434,
1989-12-12,,-2.8,7.8,,0.0,0,18.4,53.6,,583,
1989-12-13,,-5.6,16.1,,0.0,0,7.9,20.5,,613,
1989-12-14,,-1.7,18.3,,0.0,0,11.2,44.3,,609,
1989-12-15,,-6.1,12.8,,0.0,0,23.4,63.0,,612,
1989-12-16,,-8.9,0.6,,0.0,0,18.7,40.7,,195,
1989-12-17,,-2.2,2.2,,0.0,0,13.0,25.9,,0,
1989-12-18,,0.0,3.9,,0.0,0,7.9,20.5,,0,
1989-12-19,,-0.6,7.2,,0.5,0,20.2,42.5,,175,
1989-12-20,,-2.8,10.6,,0.0,0,9.7,24.1,,422,
1989-12-21,,-5.0,5.0,,0.0,0,24.8,55.4,,68,
1989-12-22,,-11.1,-5.0,,0.0,0,29.2,57.2,,170,
1989-12-23,,-15.6,-1.7,,0.0,0,13.0,33.5,,612,
1989-12-24,,-10.0,8.3,,0.0,0,11.5,33.5,,612,
1989-12-25,,-2.2,19.4,,0.0,0,10.1,25.9,,612,
1989-12-26,,6.1,23.3,,0.0,0,13.0,33.5,,612,
1989-12-27,,3.9,22.8,,0.0,0,6.5,22.3,,251,
1989-12-28,,5.0,18.3,,0.8,0,6.1,29.5,,0,
1989-12-29,,14.4,21.1,,0.0,0,9.7,29.5,,39,
1989-12-30,,7.2,18.3,,0.8,0,18.0,35.3,,0,
1989-12-31,,5.0,14.4,,0.0,0,20.2,44.3,,372,
1990-01-01,,6.1,13.9,,0.0,0,11.5,22.3,,36,
1990-01-02,,7.8,12.8,,0.0,0,10.1,31.3,,0,
1990-01-03,,10.6,23.3,,0.8,0,13.7,44.3,,121,
1990-01-04,,10.0,17.8,,0.0,0,16.9,38.9,,0,
1990-01-05,,7.8,10.6,,0.0,0,14.4,29.5,,0,
1990-01-06,,6.7,8.9,,9.1,0,14.0,27.7,,0,
1990-01-07,,6.1,17.8,,0.0,0,10.4,31.3,,572,
1990-01-08,,0.6,23.3,,0.0,0,11.5,38.9,,619,
1990-01-09,,5.0,25.0,,0.0,0,9.4,27.7,,597,
1990-01-10,,8.3,25.0,,0.0,0,11.9,24.1,,621,
1990-01-11,,12.8,29.4,,0.0,0,14.4,50.0,,553,
1990-01-12,,6.1,17.2,,0.0,0,25.6,57.2,,622,
1990-01-13,,1.1,15.0,,0.0,0,13.3,29.5,,372,
1990-01-14,,11.1,16.7,,0.0,0,11.2,24.1,,0,
1990-01-15,,15.6,25.0,,0.0,0,18.4,40.7,,122,
1990-01-16,,17.8,23.9,,1.3,0,18.4,40.7,,21,
1990-01-17,,19.4,24.4,,0.3,0,13.3,40.7,,29,
1990-01-18,,20.0,24.4,,6.6,0,16.6,42.5,,4,
1990-01-19,,12.8,21.7,,0.8,0,21.2,48.2,,0,
1990-01-20,,11.1,18.9,,0.0,0,11.2,27.7,,240,
1990-01-21,,6.7,20.6,,0.0,0,10.8,25.9,,631,
1990-01-22,,4.4,22.8,,0.0,0,11.5,35.3,,588,
1990-01-23,,8.9,25.6,,0.0,0,10.8,37.1,,189,
1990-01-24,,12.2,23.3,,0.3,0,12.6,61.2,,121,
1990-01-25,,3.9,15.6,,0.0,0,20.2,59.0,,636,
1990-01-26,,0.6,20.0,,0.0,0,18.0,55.4,,637,
1990-01-27,,10.0,26.1,,0.0,0,15.8,44.3,,512,
1990-01-28,,6.7,19.4,,9.1,0,19.8,37.1,,0,
1990-01-29,,2.2,17.8,,0.0,0,13.0,24.1,,641,
1990-01-30,,2.8,23.3,,0.0,0,10.8,24.1,,586,
1990-01-31,,7.2,21.1,,4.3,0,8.3,37.1,,0,
1990-02-01,,11.1,21.7,,23.6,0,14.0,85.0,,43,
1990-02-02,,8.9,21.1,,0.0,0,5.8,18.4,,228,
1990-02-03,,8.9,20.0,,1.8,0,21.6,50.0,,444,
1990-02-04,,4.4,18.9,,0.0,0,10.8,31.3,,649,
1990-02-05,,1.7,17.8,,0.0,0,13.0,38.9,,580,
1990-02-06,,11.7,22.8,,0.3,0,10.4,31.3,,395,
1990-02-07,,9.4,23.9,,0.0,0,9.0,29.5,,434,
1990-02-08,,16.1,27.8,,0.0,0,17.3,46.4,,444,
1990-02-09,,11.7,25.6,,10.4,0,18.4,57.2,,67,
1990-02-10,,8.9,21.1,,0.0,0,10.8,24.1,,659,
1990-02-11,,8.3,25.6,,0.0,0,9.7,27.7,,660,
1990-02-12,,7.8,25.6,,0.0,0,16.2,46.4,,493,
1990-02-13,,13.9,26.1,,0.0,0,20.2,48.2,,388,
1990-02-14,,15.6,25.0,,0.3,0,18.7,38.9,,9,
1990-02-15,,10.6,27.2,,0.8,0,15.5,42.5,,388,
1990-02-16,,7.8,17.8,,0.0,0,17.6,46.4,,489,
1990-02-17,,5.6,12.2,,0.0,0,12.2,27.7,,0,
1990-02-18,,6.1,10.6,,17.5,0,7.6,18.4,,0,
1990-02-19,,10.6,16.7,,0.0,0,11.5,27.7,,81,
1990-02-20,,9.4,16.7,,0.0,0,13.7,29.5,,44,
1990-02-21,,8.9,16.1,,22.4,0,13.0,42.5,,73,
1990-02-22,,7.8,16.1,,0.0,0,22.3,70.2,,633,
1990-02-23,,6.1,22.8,,0.0,0,14.0,35.3,,681,
1990-02-24,,7.2,25.6,,0.0,0,9.4,24.1,,683,
1990-02-25,,6.7,23.9,,0.0,0,13.3,42.5,,685,
1990-02-26,,10.0,23.9,,0.0,0,15.8,48.2,,367,
1990-02-27,,13.3,23.3,,0.0,0,15.5,37.1,,64,
1990-02-28,,6.1,17.2,,13.2,0,19.8,50.0,,0,
1990-03-01,,4.4,7.2,,6.1,0,21.2,46.4,,0,
1990-03-02,,3.9,17.2,,0.0,0,11.2,24.1,,452,
1990-03-03,,4.4,21.1,,0.0,0,7.6,25.9,,675,
1990-03-04,,11.1,21.7,,0.0,0,15.1,38.9,,361,
1990-03-05,,13.3,22.8,,0.0,0,19.4,44.3,,97,
1990-03-06,,17.2,20.6,,1.5,0,18.7,38.9,,0,
1990-03-07,,15.6,21.1,,5.3,0,11.2,31.3,,0,
1990-03-08,,16.1,23.3,,0.3,0,8.3,24.1,,0,
1990-03-09,,19.4,27.2,,0.0,0,16.2,38.9,,247,
1990-03-10,,20.0,27.2,,0.3,0,19.1,46.4,,123,
1990-03-11,,20.6,23.3,,0.5,0,20.2,57.2,,54,
1990-03-12,,18.3,26.1,,0.5,0,20.2,53.6,,106,
1990-03-13,,18.9,23.9,,0.3,0,25.2,66.6,,0,
1990-03-14,,10.6,22.2,,25.4,0,17.3,72.0,,157,
1990-03-15,,8.9,21.1,,0.0,0,8.6,25.9,,676,
1990-03-16,,8.9,22.8,,0.0,0,10.4,40.7,,339,
1990-03-17,,7.2,26.1,,0.0,0,10.1,31.3,,678,
1990-03-18,,10.0,25.0,,0.0,0,14.8,50.0,,706,
1990-03-19,,9.4,19.4,,0.0,0,20.2,57.2,,530,
1990-03-20,,5.6,20.0,,0.0,0,10.8,22.3,,725,
1990-03-21,,6.7,25.0,,0.0,0,15.1,42.5,,656,
1990-03-22,,15.0,26.7,,0.0,0,18.4,37.1,,338,
1990-03-23,,14.4,26.1,,0.0,0,14.0,38.9,,299,
1990-03-24,,5.6,19.4,,0.0,0,18.4,42.5,,8,
1990-03-25,,3.9,8.3,,0.0,0,19.1,31.3,,0,
1990-03-26,,6.1,8.3,,1.3,0,16.9,29.5,,0,
1990-03-27,,7.2,18.3,,3.0,0,12.2,25.9,,6,
1990-03-28,,15.6,25.6,,0.8,0,18.4,61.2,,145,
1990-03-29,,15.6,21.7,,3.8,0,13.7,33.5,,150,
1990-03-30,,12.8,20.6,,3.8,0,17.6,40.7,,22,
1990-03-31,,12.8,21.1,,0.0,0,13.7,25.9,,0,
1990-04-01,,14.4,25.6,,0.0,0,8.3,27.7,,103,
1990-04-02,,13.9,24.4,,0.0,0,18.4,37.1,,273,
1990-04-03,,11.1,25.0,,0.0,0,11.2,27.7,,707,
1990-04-04,,12.2,27.2,,0.0,0,11.5,33.5,,689,
1990-04-05,,14.4,27.8,,0.0,0,16.6,38.9,,190,
1990-04-06,,9.4,21.7,,9.4,0,23.4,55.4,,247,
1990-04-07,,7.2,19.4,,0.0,0,11.9,24.1,,707,
1990-04-08,,11.7,16.1,,0.0,0,10.8,29.5,,0,
1990-04-09,,15.6,22.8,,1.5,0,14.4,33.5,,0,
1990-04-10,,15.6,27.2,,0.0,0,17.6,55.4,,429,
1990-04-11,,10.6,23.3,,0.0,0,18.4,42.5,,767,
1990-04-12,,9.4,24.4,,0.0,0,15.5,37.1,,475,
1990-04-13,,13.9,23.9,,1.5,0,14.4,42.5,,60,
1990-04-14,,17.2,26.7,,2.8,0,11.9,29.5,,352,
1990-04-15,,14.4,26.1,,0.0,0,11.2,37.1,,128,
1990-04-16,,17.8,26.7,,0.0,0,16.2,33.5,,1,
1990-04-17,,16.7,27.2,,3.3,0,16.6,44.3,,66,
1990-04-18,,15.0,23.3,,0.0,0,15.8,31.3,,0,
1990-04-19,,17.8,27.2,,0.0,0,16.2,42.5,,97,
1990-04-20,,20.6,30.0,,0.0,0,17.3,42.5,,315,
1990-04-21,,20.6,30.6,,0.0,0,12.2,31.3,,475,
1990-04-22,,20.0,30.6,,0.0,0,14.8,31.3,,512,
1990-04-23,,20.6,29.4,,0.0,0,16.9,38.9,,326,
1990-04-24,,21.1,29.4,,2.3,0,20.9,48.2,,242,
1990-04-25,,21.7,27.2,,1.8,0,20.9,48.2,,22,
1990-04-26,,16.1,22.2,,56.6,0,15.5,59.0,,23,
1990-04-27,,15.6,32.2,,0.0,0,16.6,50.0,,531,
1990-04-28,,12.8,28.9,,0.0,0,13.3,35.3,,765,
1990-04-29,,21.1,33.9,,0.0,0,18.7,38.9,,636,
1990-04-30,,18.3,31.1,,0.0,0,15.8,37.1,,424,
1990-05-01,,16.7,28.9,,0.0,0,15.1,33.5,,182,
1990-05-02,,17.8,27.8,,0.0,0,18.4,59.0,,25,
1990-05-03,,15.6,28.3,,56.4,0,16.9,51.8,,519,
1990-05-04,,14.4,23.3,,0.0,0,20.9,48.2,,544,
1990-05-05,,12.8,24.4,,0.0,0,16.6,40.7,,730,
1990-05-06,,15.0,27.8,,0.0,0,10.8,25.9,,690,
1990-05-07,,13.9,26.7,,0.0,0,13.3,35.3,,515,
1990-05-08,,18.3,28.3,,0.0,0,13.7,29.5,,616,
1990-05-09,,18.9,35.6,,0.0,0,19.1,46.4,,633,
1990-05-10,,14.4,26.7,,0.0,0,18.4,35.3,,729,
1990-05-11,,19.4,28.9,,3.8,0,20.2,44.3,,347,
1990-05-12,,21.7,36.7,,0.0,0,16.2,37.1,,616,
1990-05-13,,19.4,33.9,,0.0,0,10.4,27.7,,716,
1990-05-14,,23.3,32.8,,0.0,0,16.2,37.1,,520,
1990-05-15,,23.3,32.8,,0.0,0,21.2,50.0,,621,
1990-05-16,,24.4,33.3,,0.0,0,17.3,40.7,,316,
1990-05-17,,22.2,31.7,,0.0,0,16.6,37.1,,333,
1990-05-18,,21.7,27.8,,17.5,0,12.2,44.3,,67,
1990-05-19,,23.9,31.7,,0.0,0,19.4,42.5,,325,
1990-05-20,,23.9,32.2,,0.0,0,15.5,33.5,,318,
1990-05-21,,23.9,33.9,,1.5,0,11.9,50.0,,372,
1990-05-22,,21.1,32.8,,0.0,0,16.2,33.5,,584,
1990-05-23,,19.4,31.1,,0.0,0,10.1,22.3,,734,
1990-05-24,,23.3,33.3,,0.0,0,15.5,33.5,,455,
1990-05-25,,23.3,32.8,,0.0,0,18.0,40.7,,618,
1990-05-26,,23.3,33.9,,0.0,0,17.6,37.1,,524,
1990-05-27,,25.0,35.0,,0.0,0,16.9,88.9,,449,
1990-05-28,,20.6,31.7,,13.5,0,15.5,72.0,,258,
1990-05-29,,20.0,32.8,,0.0,0,16.6,33.5,,278,
1990-05-30,,24.4,33.9,,0.0,0,15.1,37.1,,416,
1990-05-31,,26.7,36.7,,0.0,0,18.4,44.3,,421,
1990-06-01,,24.4,35.0,,0.0,0,21.6,50.0,,416,
1990-06-02,,26.1,36.1,,0.0,0,18.4,38.9,,491,
1990-06-03,,22.2,36.7,,0.3,0,18.4,87.1,,742,
1990-06-04,,19.4,32.2,,38.6,0,13.3,81.4,,636,
1990-06-05,,21.7,35.6,,0.0,0,15.5,37.1,,828,
1990-06-06,,24.4,35.0,,0.0,0,18.0,40.7,,723,
1990-06-07,,24.4,34.4,,0.0,0,18.0,40.7,,587,
1990-06-08,,23.9,34.4,,0.0,0,16.6,38.9,,689,
1990-06-09,,23.3,34.4,,0.0,0,11.5,29.5,,595,
1990-06-10,,22.2,34.4,,0.0,0,9.7,31.3,,616,
1990-06-11,,22.2,34.4,,0.5,0,9.7,29.5,,708,
1990-06-12,,23.3,35.0,,0.0,0,15.8,42.5,,723,
1990-06-13,,24.4,35.6,,0.0,0,19.8,44.3,,537,
1990-06-14,,25.6,36.7,,0.0,0,18.4,38.9,,699,
1990-06-15,,24.4,36.1,,0.0,0,16.6,38.9,,583,
1990-06-16,,23.9,36.7,,0.0,0,16.6,37.1,,692,
1990-06-17,,23.9,36.1,,0.0,0,13.7,31.3,,781,
1990-06-18,,25.0,36.7,,0.0,0,11.2,24.1,,825,
1990-06-19,,23.3,36.7,,0.0,0,13.0,33.5,,829,
1990-06-20,,22.2,37.2,,0.0,0,16.2,35.3,,840,
1990-06-21,,23.3,36.1,,0.0,0,13.7,31.3,,782,
1990-06-22,,23.9,38.9,,0.0,0,10.1,35.3,,802,
1990-06-23,,24.4,38.9,,0.0,0,7.6,24.1,,826,
1990-06-24,,25.0,37.8,,0.0,0,13.0,33.5,,592,
1990-06-25,,23.9,38.3,,0.0,0,16.2,40.7,,688,
1990-06-26,,24.4,37.8,,0.0,0,15.8,42.5,,841,
1990-06-27,,23.9,38.3,,0.0,0,13.0,31.3,,783,
1990-06-28,,23.9,37.2,,0.0,0,14.8,42.5,,724,
1990-06-29,,23.3,37.2,,0.0,0,12.6,37.1,,601,
1990-06-30,,23.3,36.1,,0.0,0,13.0,40.7,,515,
1990-07-01,,22.2,36.7,,0.0,0,10.8,27.7,,639,
1990-07-02,,23.9,37.2,,0.0,0,12.2,25.9,,811,
1990-07-03,,23.3,38.3,,0.0,0,13.0,29.5,,839,
1990-07-04,,23.3,38.3,,0.0,0,13.0,31.3,,832,
1990-07-05,,24.4,37.2,,0.0,0,14.8,42.5,,556,
1990-07-06,,24.4,36.7,,1.3,0,14.8,46.4,,434,
1990-07-07,,22.8,32.2,,3.3,0,11.9,59.0,,450,
1990-07-08,,21.7,37.2,,0.0,0,13.0,38.9,,581,
1990-07-09,,23.3,37.8,,0.0,0,12.2,31.3,,755,
1990-07-10,,23.3,37.8,,0.0,0,13.0,44.3,,620,
1990-07-11,,23.3,37.2,,0.0,0,11.5,37.1,,734,
1990-07-12,,23.9,34.4,,0.0,0,13.0,37.1,,316,
1990-07-13,,24.4,33.9,,0.0,0,20.9,50.0,,706,
1990-07-14,,21.1,35.0,,0.0,0,11.2,35.3,,767,
1990-07-15,,19.4,25.0,,44.5,0,13.7,31.3,,0,
1990-07-16,,20.0,25.6,,1.8,0,14.8,38.9,,19,
1990-07-17,,21.7,32.2,,2.5,0,14.8,44.3,,90,
1990-07-18,,22.8,30.0,,1.0,0,10.8,38.9,,220,
1990-07-19,,21.1,29.4,,6.9,0,7.2,37.1,,37,
1990-07-20,,21.1,32.2,,0.0,0,7.6,27.7,,356,
1990-07-21,,22.8,33.9,,0.0,0,13.0,31.3,,633,
1990-07-22,,23.3,33.9,,0.0,0,14.8,33.5,,716,
1990-07-23,,23.3,32.2,,14.5,0,10.4,38.9,,369,
1990-07-24,,23.9,31.1,,0.0,0,12.6,42.5,,347,
1990-07-25,,23.9,33.9,,3.6,0,16.9,40.7,,663,
1990-07-26,,22.8,34.4,,0.0,0,14.0,29.5,,628,
1990-07-27,,23.9,34.4,,0.0,0,10.4,25.9,,635,
1990-07-28,,24.4,35.6,,0.0,0,9.4,24.1,,668,
1990-07-29,,23.9,36.7,,0.0,0,7.6,22.3,,742,
1990-07-30,,24.4,35.0,,0.0,0,10.1,48.2,,277,
1990-07-31,,22.2,33.9,,0.5,0,8.6,37.1,,244,
1990-08-01,,22.2,33.9,,0.0,0,6.8,35.3,,333,
1990-08-02,,23.3,35.6,,0.5,0,11.2,57.2,,505,
1990-08-03,,23.3,33.9,,0.0,0,13.7,37.1,,200,
1990-08-04,,23.9,35.6,,0.0,0,13.3,31.3,,714,
1990-08-05,,23.3,35.6,,0.0,0,9.7,35.3,,569,
1990-08-06,,22.2,34.4,,0.0,0,18.4,38.9,,777,
1990-08-07,,22.2,34.4,,0.0,0,14.8,29.5,,636,
1990-08-08,,20.6,33.9,,0.0,0,9.0,25.9,,518,
1990-08-09,,21.1,36.1,,0.0,0,11.9,57.2,,494,
1990-08-10,,21.7,35.6,,0.0,0,9.4,48.2,,567,
1990-08-11,,21.1,36.1,,0.0,0,8.6,31.3,,733,
1990-08-12,,23.9,36.1,,0.0,0,14.4,31.3,,707,
1990-08-13,,22.2,36.7,,0.0,0,10.1,25.9,,727,
1990-08-14,,23.3,35.6,,0.3,0,11.2,42.5,,498,
1990-08-15,,24.4,37.2,,6.6,0,11.9,42.5,,476,
1990-08-16,,23.9,36.1,,0.0,0,13.7,31.3,,653,
1990-08-17,,23.9,36.1,,0.0,0,13.3,35.3,,514,
1990-08-18,,25.0,36.1,,0.0,0,15.1,31.3,,662,
1990-08-19,,24.4,37.2,,0.0,0,14.0,35.3,,541,
1990-08-20,,24.4,38.3,,0.0,0,12.2,27.7,,749,
1990-08-21,,23.9,38.9,,0.0,0,10.8,59.0,,714,
1990-08-22,,24.4,36.1,,0.0,0,9.7,37.1,,200,
1990-08-23,,23.9,36.7,,0.0,0,14.0,35.3,,707,
1990-08-24,,23.9,36.7,,0.0,0,13.7,35.3,,739,
1990-08-25,,23.9,37.8,,0.0,0,14.0,33.5,,675,
1990-08-26,,22.8,38.3,,0.0,0,10.1,25.9,,778,
1990-08-27,,25.0,41.1,,0.0,0,11.5,37.1,,702,
1990-08-28,,23.9,40.0,,0.8,0,11.5,53.6,,564,
1990-08-29,,23.3,37.8,,0.0,0,9.7,25.9,,688,
1990-08-30,,24.4,38.9,,0.0,0,10.1,25.9,,717,
1990-08-31,,25.6,40.6,,0.3,0,12.2,40.7,,639,
1990-09-01,,21.1,38.9,,1.0,0,12.6,66.6,,511,
1990-09-02,,21.1,30.6,,1.8,0,10.1,31.3,,367,
1990-09-03,,22.2,35.0,,0.3,0,8.6,35.3,,344,
1990-09-04,,21.7,36.7,,0.0,0,9.0,29.5,,602,
1990-09-05,,24.4,37.2,,0.0,0,11.2,29.5,,478,
1990-09-06,,22.8,38.9,,0.0,0,11.2,29.5,,494,
1990-09-07,,22.2,36.1,,0.0,0,11.5,31.3,,656,
1990-09-08,,22.8,36.7,,0.3,0,14.4,40.7,,707,
1990-09-09,,22.2,31.7,,14.2,0,10.1,37.1,,209,
1990-09-10,,21.7,28.3,,1.0,0,10.4,27.7,,153,
1990-09-11,,21.7,32.2,,0.0,0,10.8,27.7,,229,
1990-09-12,,21.7,31.7,,0.0,0,12.2,33.5,,235,
1990-09-13,,22.8,30.6,,4.6,0,9.4,27.7,,187,
1990-09-14,,21.7,35.0,,0.0,0,6.1,22.3,,476,
1990-09-15,,23.3,36.1,,4.8,0,7.6,25.9,,482,
1990-09-16,,22.2,32.8,,14.5,0,6.5,37.1,,344,
1990-09-17,,22.2,33.9,,0.0,0,11.2,31.3,,373,
1990-09-18,,23.9,33.9,,0.0,0,12.2,37.1,,394,
1990-09-19,,23.3,33.3,,2.3,0,10.1,40.7,,242,
1990-09-20,,23.3,33.3,,0.0,0,13.3,38.9,,339,
1990-09-21,,24.4,33.9,,0.0,0,13.7,37.1,,554,
1990-09-22,,22.8,30.6,,0.0,0,15.8,37.1,,278,
1990-09-23,,17.8,24.4,,0.0,0,21.6,48.2,,41,
1990-09-24,,15.6,27.8,,0.0,0,9.0,20.5,,536,
1990-09-25,,15.6,30.6,,0.0,0,11.9,31.3,,657,
1990-09-26,,18.9,32.8,,0.0,0,10.1,24.1,,503,
1990-09-27,,20.6,33.3,,0.0,0,9.0,22.3,,433,
1990-09-28,,19.4,33.3,,0.0,0,7.6,27.7,,544,
1990-09-29,,20.0,33.3,,0.0,0,8.6,24.1,,591,
1990-09-30,,19.4,34.4,,0.0,0,9.4,31.3,,631,
1990-10-01,,20.0,33.3,,0.0,0,10.4,27.7,,564,
1990-10-02,,20.0,32.2,,0.0,0,11.5,37.1,,419,
1990-10-03,,23.3,28.9,,0.3,0,13.7,51.8,,40,
1990-10-04,,21.7,33.9,,0.0,0,10.4,29.5,,248,
1990-10-05,,21.7,33.3,,0.0,0,9.4,24.1,,346,
1990-10-06,,23.3,35.0,,0.0,0,15.1,37.1,,493,
1990-10-07,,25.0,34.4,,0.0,0,15.1,38.9,,517,
1990-10-08,,22.8,34.4,,0.0,0,14.4,38.9,,400,
1990-10-09,,10.0,23.3,,50.8,0,26.6,66.6,,262,
1990-10-10,,7.2,21.1,,0.0,0,14.8,37.1,,697,
1990-10-11,,7.2,23.3,,0.0,0,5.8,16.6,,696,
1990-10-12,,8.9,25.6,,0.0,0,8.3,31.3,,693,
1990-10-13,,10.6,27.2,,0.0,0,10.8,27.7,,691,
1990-10-14,,15.6,32.2,,0.0,0,15.5,44.3,,689,
1990-10-15,,21.1,31.7,,0.0,0,13.0,33.5,,411,
1990-10-16,,18.3,30.6,,0.0,0,12.6,40.7,,526,
1990-10-17,,20.0,32.2,,8.6,0,16.6,66.6,,359,
1990-10-18,,12.2,23.3,,0.0,0,20.2,53.6,,682,
1990-10-19,,7.8,25.0,,0.0,0,9.7,27.7,,680,
1990-10-20,,12.8,29.4,,0.0,0,13.7,46.4,,414,
1990-10-21,,10.0,23.9,,26.4,0,20.5,63.0,,0,
1990-10-22,,7.2,20.6,,0.0,0,14.4,35.3,,614,
1990-10-23,,6.1,22.8,,0.0,0,6.5,20.5,,650,
1990-10-24,,10.0,24.4,,0.0,0,11.2,33.5,,665,
1990-10-25,,11.7,23.9,,0.0,0,11.2,29.5,,670,
1990-10-26,,8.3,25.0,,0.0,0,8.3,31.3,,668,
1990-10-27,,10.0,26.7,,0.0,0,5.4,22.3,,667,
1990-10-28,,11.7,27.8,,0.0,0,6.1,20.5,,665,
1990-10-29,,12.8,26.7,,0.0,0,8.3,25.9,,663,
1990-10-30,,11.7,26.7,,0.0,0,7.6,27.7,,375,
1990-10-31,,12.8,27.2,,0.0,0,10.4,29.5,,351,
1990-11-01,,12.8,27.2,,0.0,0,10.1,33.5,,659,
1990-11-02,,13.9,28.3,,0.0,0,11.5,37.1,,419,
1990-11-03,,18.9,28.3,,0.0,0,16.6,42.5,,172,
1990-11-04,,6.1,21.1,,12.7,0,21.2,51.8,,0,
1990-11-05,,2.8,18.3,,0.0,0,9.0,25.9,,652,
1990-11-06,,5.0,22.8,,0.0,0,9.7,35.3,,560,
1990-11-07,,12.8,18.3,,0.3,0,20.2,42.5,,8,
1990-11-08,,9.4,13.9,,73.9,0,21.2,46.4,,0,
1990-11-09,,8.9,18.9,,0.3,0,25.9,66.6,,397,
1990-11-10,,7.2,23.9,,0.0,0,11.2,24.1,,645,
1990-11-11,,5.6,24.4,,0.0,0,6.1,22.3,,642,
1990-11-12,,6.7,25.0,,0.0,0,6.8,20.5,,623,
1990-11-13,,8.3,23.9,,0.0,0,5.8,20.5,,640,
1990-11-14,,6.7,22.8,,0.0,0,5.0,18.4,,244,
1990-11-15,,11.7,25.0,,0.0,0,7.9,27.7,,382,
1990-11-16,,16.7,26.7,,0.0,0,9.7,29.5,,297,
1990-11-17,,15.6,23.3,,0.0,0,10.1,25.9,,190,
1990-11-18,,14.4,25.6,,0.0,0,10.4,37.1,,365,
1990-11-19,,15.0,26.7,,0.0,0,10.8,33.5,,119,
1990-11-20,,20.0,27.2,,0.0,0,20.5,44.3,,163,
1990-11-21,,20.6,27.8,,6.1,0,15.1,33.5,,90,
1990-11-22,,17.8,26.1,,4.6,0,9.7,40.7,,44,
1990-11-23,,11.7,23.3,,0.0,0,7.9,20.5,,288,
1990-11-24,,7.2,25.0,,0.0,0,11.2,37.1,,608,
1990-11-25,,17.8,25.0,,0.0,0,17.3,38.9,,13,
1990-11-26,,22.2,26.1,,0.0,0,21.2,50.0,,0,
1990-11-27,,15.6,28.3,,0.5,0,14.4,50.0,,166,
1990-11-28,,7.8,16.7,,0.0,0,23.0,42.5,,379,
1990-11-29,,6.7,17.2,,0.0,0,18.4,46.4,,511,
1990-11-30,,3.3,17.2,,0.0,0,10.1,27.7,,540,
1990-12-01,,8.3,23.3,,0.0,0,9.4,33.5,,530,
1990-12-02,,16.7,23.3,,0.3,0,9.4,37.1,,3,
1990-12-03,,6.7,20.6,,0.0,0,28.1,64.8,,522,
1990-12-04,,1.7,13.3,,0.0,0,13.3,31.3,,618,
1990-12-05,,-1.7,15.0,,0.0,0,9.4,31.3,,617,
1990-12-06,,3.9,21.7,,0.0,0,15.8,61.2,,370,
1990-12-07,,2.2,14.4,,0.0,0,20.9,66.6,,616,
1990-12-08,,0.0,19.4,,0.0,0,8.6,20.5,,616,
1990-12-09,,0.6,20.0,,0.0,0,10.1,31.3,,615,
1990-12-10,,2.8,20.6,,0.0,0,8.6,31.3,,550,
1990-12-11,,8.3,23.3,,0.0,0,14.8,51.8,,489,
1990-12-12,,13.3,25.0,,0.0,0,16.2,38.9,,472,
1990-12-13,,10.6,22.8,,0.0,0,10.8,31.3,,348,
1990-12-14,,11.7,23.9,,0.0,0,11.9,31.3,,6,
1990-12-15,,13.9,23.9,,0.0,0,11.2,46.4,,30,
1990-12-16,,11.7,21.7,,0.0,0,10.8,20.5,,0,
1990-12-17,,14.4,27.8,,5.3,0,19.1,55.4,,82,
1990-12-18,,7.8,18.9,,0.0,0,14.8,46.4,,418,
1990-12-19,,3.3,21.1,,0.0,0,8.6,29.5,,116,
1990-12-20,,12.2,22.2,,0.0,0,6.1,22.3,,1,
1990-12-21,,-5.6,22.2,,0.0,0,22.3,55.4,,0,
1990-12-22,,-7.8,-5.0,,0.0,0,28.1,53.6,,0,
1990-12-23,,-9.4,2.2,,0.0,0,27.7,55.4,,570,
1990-12-24,,-6.7,5.6,,0.0,0,10.4,38.9,,375,
1990-12-25,,-3.9,6.7,,0.0,0,8.3,22.3,,0,
1990-12-26,,2.8,4.4,,11.2,0,16.6,33.5,,0,
1990-12-27,,3.3,9.4,,0.3,0,12.2,33.5,,10,
1990-12-28,,4.4,15.6,,0.3,0,5.0,18.4,,0,
1990-12-29,,15.0,21.7,,0.8,0,11.9,53.6,,0,
1990-12-30,,-3.3,20.6,,0.3,0,25.9,57.2,,94,
1990-12-31,,-6.1,7.2,,0.0,0,16.9,40.7,,482,
1991-01-01,,-0.6,7.8,,0.0,0,7.6,16.6,,0,
1991-01-02,,5.6,9.4,,40.6,0,11.5,35.3,,0,
1991-01-03,,1.1,7.8,,2.5,0,24.1,46.4,,0,
1991-01-04,,1.1,4.4,,2.0,0,14.4,31.3,,0,
1991-01-05,,4.4,11.1,,3.0,0,5.8,18.4,,0,
1991-01-06,,5.6,11.7,,2.5,0,16.6,38.9,,0,
1991-01-07,,3.3,7.8,,0.0,0,19.8,42.5,,0,
1991-01-08,,3.3,8.9,,0.3,0,10.1,24.1,,0,
1991-01-09,,7.2,11.1,,112.0,0,15.1,37.1,,0,
1991-01-10,,5.6,11.1,,7.4,0,17.3,35.3,,0,
1991-01-11,,3.9,10.0,,0.0,0,16.6,35.3,,0,
1991-01-12,,2.2,16.7,,0.0,0,9.0,24.1,,615,
1991-01-13,,0.0,17.8,,0.0,0,10.8,44.3,,622,
1991-01-14,,5.0,21.1,,0.0,0,10.1,40.7,,45,
1991-01-15,,6.7,18.9,,0.0,0,19.8,55.4,,622,
1991-01-16,,2.8,20.0,,0.0,0,7.6,25.9,,625,
1991-01-17,,6.7,18.9,,2.0,0,12.6,37.1,,165,
1991-01-18,,7.8,11.1,,37.1,0,20.5,59.0,,0,
1991-01-19,,7.8,18.3,,0.0,0,13.3,29.5,,525,
1991-01-20,,5.0,11.1,,0.0,0,20.5,55.4,,133,
1991-01-21,,2.8,6.7,,0.0,0,18.7,48.2,,16,
1991-01-22,,2.2,10.6,,0.0,0,13.3,37.1,,408,
1991-01-23,,4.4,10.0,,13.7,0,7.9,24.1,,0,
1991-01-24,,4.4,13.9,,6.1,0,14.4,33.5,,225,
1991-01-25,,0.6,14.4,,0.0,0,7.6,24.1,,341,
1991-01-26,,3.9,11.7,,0.0,0,11.5,24.1,,168,
1991-01-27,,6.1,23.3,,0.0,0,8.3,37.1,,295,
1991-01-28,,8.9,17.8,,0.0,0,11.5,29.5,,6,
1991-01-29,,3.3,24.4,,0.0,0,13.7,53.6,,272,
1991-01-30,,1.1,4.4,,4.6,0,23.0,55.4,,22,
1991-01-31,,0.6,13.3,,0.0,0,12.2,22.3,,644,
1991-02-01,,0.0,17.2,,0.0,0,5.0,16.6,,644,
1991-02-02,,1.1,18.9,,0.0,0,7.2,25.9,,506,
1991-02-03,,8.9,15.0,,0.8,0,6.8,18.4,,0,
1991-02-04,,14.4,17.8,,28.7,0,11.2,24.1,,0,
1991-02-05,,13.3,21.1,,0.0,0,15.1,35.3,,210,
1991-02-06,,9.4,20.6,,0.0,0,13.7,33.5,,200,
1991-02-07,,7.8,21.7,,0.0,0,17.6,42.5,,654,
1991-02-08,,6.7,21.7,,0.0,0,10.8,24.1,,655,
1991-02-09,,4.4,21.1,,0.0,0,9.4,31.3,,574,
1991-02-10,,7.8,24.4,,0.0,0,12.2,29.5,,450,
1991-02-11,,13.3,20.6,,0.0,0,10.8,29.5,,20,
1991-02-12,,11.7,23.9,,0.0,0,14.8,42.5,,254,
1991-02-13,,15.6,27.8,,0.0,0,18.0,46.4,,256,
1991-02-14,,10.6,23.9,,0.0,0,17.6,38.9,,665,
1991-02-15,,5.0,13.3,,0.0,0,20.2,50.0,,624,
1991-02-16,,4.4,9.4,,1.5,0,7.9,22.3,,0,
1991-02-17,,9.4,22.2,,0.0,0,14.8,42.5,,41,
1991-02-18,,14.4,27.2,,13.7,0,12.2,46.4,,182,
1991-02-19,,10.0,16.1,,3.0,0,24.5,51.8,,255,
1991-02-20,,6.7,14.4,,0.0,0,17.6,37.1,,129,
1991-02-21,,7.2,10.6,,21.8,0,16.2,38.9,,14,
1991-02-22,,7.2,21.7,,0.0,0,15.8,42.5,,353,
1991-02-23,,5.6,19.4,,0.0,0,11.9,31.3,,618,
1991-02-24,,7.2,19.4,,0.0,0,10.8,27.7,,103,
1991-02-25,,6.1,16.1,,0.8,0,20.9,51.8,,73,
1991-02-26,,4.4,14.4,,0.0,0,8.3,18.4,,156,
1991-02-27,,8.3,15.0,,0.0,0,13.7,37.1,,9,
1991-02-28,,11.1,16.7,,5.6,0,10.1,24.1,,0,
1991-03-01,,13.3,27.8,,1.3,0,18.0,68.4,,690,
1991-03-02,,13.3,27.8,,0.0,0,20.2,66.6,,313,
1991-03-03,,6.7,20.0,,0.0,0,26.6,63.0,,634,
1991-03-04,,6.7,32.8,,0.0,0,13.3,44.3,,697,
1991-03-05,,10.0,32.8,,0.0,0,16.6,48.2,,698,
1991-03-06,,11.1,35.6,,0.0,0,16.6,53.6,,656,
1991-03-07,,10.6,20.0,,0.0,0,25.2,51.8,,308,
1991-03-08,,7.8,21.1,,0.0,0,18.0,37.1,,705,
1991-03-09,,8.9,21.7,,0.0,0,15.5,38.9,,706,
1991-03-10,,4.4,21.7,,0.0,0,15.1,44.3,,671,
1991-03-11,,10.0,25.0,,0.0,0,19.8,55.4,,202,
1991-03-12,,15.0,27.2,,0.0,0,16.6,50.0,,479,
1991-03-13,,11.7,23.3,,0.0,0,15.5,40.7,,628,
1991-03-14,,8.3,13.3,,0.0,0,15.1,53.6,,27,
1991-03-15,,7.8,10.0,,5.8,0,12.2,27.7,,0,
1991-03-16,,7.8,16.1,,11.2,0,11.2,31.3,,0,
1991-03-17,,13.9,25.6,,0.3,0,16.9,42.5,,612,
1991-03-18,,10.0,19.4,,0.0,0,10.1,27.7,,50,
1991-03-19,,8.9,25.0,,0.0,0,11.5,31.3,,428,
1991-03-20,,13.9,22.2,,0.0,0,14.4,42.5,,0,
1991-03-21,,19.4,26.7,,0.3,0,18.7,46.4,,24,
1991-03-22,,13.9,23.9,,0.0,0,16.6,55.4,,17,
1991-03-23,,10.6,24.4,,0.0,0,10.8,33.5,,234,
1991-03-24,,11.1,26.7,,0.0,0,9.0,27.7,,492,
1991-03-25,,16.7,27.2,,0.0,0,15.5,37.1,,81,
1991-03-26,,21.1,26.1,,0.0,0,22.3,50.0,,3,
1991-03-27,,15.0,26.7,,0.0,0,16.6,48.2,,412,
1991-03-28,,14.4,27.2,,4.1,0,14.0,61.2,,228,
1991-03-29,,10.6,20.0,,0.0,0,25.9,63.0,,707,
1991-03-30,,6.7,18.9,,0.0,0,18.0,44.3,,599,
1991-03-31,,7.2,20.6,,0.0,0,10.8,24.1,,746,
1991-04-01,,5.0,23.9,,0.0,0,12.2,33.5,,716,
1991-04-02,,11.7,23.3,,0.0,0,18.0,51.8,,92,
1991-04-03,,15.6,26.7,,0.0,0,12.6,29.5,,314,
1991-04-04,,16.1,27.8,,45.0,0,10.8,55.4,,101,
1991-04-05,,15.6,21.1,,32.5,0,17.6,50.0,,2,
1991-04-06,,16.1,22.2,,6.4,0,9.0,25.9,,89,
1991-04-07,,16.7,26.1,,1.3,0,14.0,35.3,,207,
1991-04-08,,20.0,29.4,,0.0,0,18.0,37.1,,585,
1991-04-09,,18.3,27.8,,0.0,0,18.7,44.3,,484,
1991-04-10,,17.2,26.1,,0.0,0,15.1,33.5,,217,
1991-04-11,,19.4,26.1,,0.8,0,16.2,42.5,,73,
1991-04-12,,22.8,29.4,,0.0,0,17.3,42.5,,217,
1991-04-13,,21.1,30.0,,2.5,0,15.5,48.2,,232,
1991-04-14,,13.9,28.9,,29.2,0,12.6,59.0,,508,
1991-04-15,,10.0,27.8,,0.0,0,9.4,29.5,,760,
1991-04-16,,16.1,28.9,,0.0,0,12.2,35.3,,226,
1991-04-17,,19.4,26.7,,0.5,0,11.2,27.7,,7,
1991-04-18,,19.4,29.4,,5.1,0,12.2,37.1,,183,
1991-04-19,,18.3,29.4,,0.3,0,16.6,42.5,,196,
1991-04-20,,12.8,24.4,,0.0,0,18.4,42.5,,778,
1991-04-21,,12.2,25.6,,0.0,0,15.1,38.9,,220,
1991-04-22,,15.0,30.0,,0.0,0,18.4,46.4,,485,
1991-04-23,,11.7,26.7,,0.0,0,10.4,24.1,,561,
1991-04-24,,19.4,25.6,,0.0,0,11.5,29.5,,33,
1991-04-25,,19.4,31.1,,0.0,0,12.2,29.5,,478,
1991-04-26,,22.8,30.6,,0.0,0,13.7,37.1,,122,
1991-04-27,,21.1,28.9,,0.0,0,13.7,44.3,,116,
1991-04-28,,17.8,28.9,,1.3,0,9.7,53.6,,372,
1991-04-29,,15.0,27.2,,0.0,0,12.2,31.3,,636,
1991-04-30,,13.3,29.4,,0.0,0,9.0,27.7,,762,
1991-05-01,,17.8,30.0,,0.0,0,15.1,40.7,,636,
1991-05-02,,20.6,26.1,,6.6,0,16.2,38.9,,47,
1991-05-03,,18.9,28.3,,1.8,0,15.8,57.2,,31,
1991-05-04,,17.8,27.8,,6.9,0,9.4,44.3,,28,
1991-05-05,,15.6,23.9,,0.0,0,19.4,44.3,,278,
1991-05-06,,11.1,24.4,,0.0,0,13.7,33.5,,793,
1991-05-07,,13.9,27.2,,0.0,0,14.8,33.5,,195,
1991-05-08,,15.6,22.8,,44.5,0,11.9,61.2,,117,
1991-05-09,,16.7,28.9,,0.0,0,9.4,29.5,,717,
1991-05-10,,19.4,28.9,,0.0,0,12.6,27.7,,48,
1991-05-11,,23.3,30.6,,0.0,0,15.8,35.3,,321,
1991-05-12,,23.3,31.1,,0.0,0,16.6,35.3,,400,
1991-05-13,,19.4,29.4,,20.1,0,13.7,59.0,,242,
1991-05-14,,19.4,28.3,,0.0,0,13.3,29.5,,164,
1991-05-15,,21.1,30.6,,0.8,0,13.7,31.3,,223,
1991-05-16,,19.4,28.9,,0.8,0,13.0,46.4,,47,
1991-05-17,,18.9,26.7,,0.0,0,8.3,18.4,,17,
1991-05-18,,18.9,31.7,,0.5,0,11.5,40.7,,548,
1991-05-19,,21.1,28.3,,1.5,0,17.3,40.7,,353,
1991-05-20,,21.1,30.6,,0.0,0,16.6,35.3,,416,
1991-05-21,,20.6,30.0,,0.0,0,12.2,27.7,,355,
1991-05-22,,22.2,30.6,,1.0,0,10.4,29.5,,329,
1991-05-23,,22.8,31.1,,0.0,0,10.1,31.3,,423,
1991-05-24,,23.9,32.8,,13.5,0,9.7,33.5,,470,
1991-05-25,,19.4,31.7,,0.3,0,10.4,33.5,,659,
1991-05-26,,22.2,33.9,,0.0,0,11.2,25.9,,832,
1991-05-27,,21.7,32.8,,0.0,0,13.3,27.7,,756,
1991-05-28,,22.2,32.8,,0.0,0,11.5,29.5,,565,
1991-05-29,,23.9,32.2,,3.0,0,13.7,40.7,,454,
1991-05-30,,23.9,33.3,,0.0,0,18.0,40.7,,483,
1991-05-31,,24.4,32.8,,0.0,0,21.2,50.0,,538,
1991-06-01,,25.6,33.3,,0.0,0,19.1,38.9,,456,
1991-06-02,,25.0,34.4,,0.0,0,16.2,38.9,,460,
1991-06-03,,18.9,31.7,,21.6,0,16.6,74.2,,147,
1991-06-04,,19.4,33.9,,0.0,0,12.2,29.5,,681,
1991-06-05,,24.4,33.3,,0.0,0,12.6,29.5,,606,
1991-06-06,,23.3,33.9,,0.0,0,11.2,37.1,,587,
1991-06-07,,20.0,28.3,,16.0,0,11.9,40.7,,97,
1991-06-08,,21.1,29.4,,0.0,0,11.2,37.1,,401,
1991-06-09,,21.1,28.9,,3.0,0,13.0,37.1,,141,
1991-06-10,,21.7,28.3,,0.0,0,13.3,33.5,,188,
1991-06-11,,20.6,32.2,,12.2,0,9.4,50.0,,512,
1991-06-12,,20.6,32.8,,1.3,0,11.2,25.9,,777,
1991-06-13,,23.3,33.9,,0.0,0,14.4,31.3,,648,
1991-06-14,,24.4,33.9,,0.0,0,15.1,38.9,,422,
1991-06-15,,20.6,31.7,,0.3,0,14.4,53.6,,593,
1991-06-16,,21.7,35.0,,30.2,0,15.1,63.0,,431,
1991-06-17,,20.6,32.8,,0.0,0,8.6,27.7,,800,
1991-06-18,,21.7,35.6,,0.0,0,8.6,25.9,,810,
1991-06-19,,23.9,35.0,,0.0,0,9.7,24.1,,539,
1991-06-20,,22.8,33.9,,0.0,0,8.3,22.3,,834,
1991-06-21,,23.3,34.4,,0.0,0,11.9,31.3,,724,
1991-06-22,,21.7,35.6,,0.8,0,16.6,44.3,,666,
1991-06-23,,21.1,34.4,,0.3,0,11.9,48.2,,795,
1991-06-24,,21.1,33.3,,0.0,0,11.2,37.1,,789,
1991-06-25,,22.2,33.9,,0.0,0,11.9,42.5,,799,
1991-06-26,,23.3,35.0,,0.0,0,13.0,29.5,,580,
1991-06-27,,23.3,35.0,,0.0,0,14.0,27.7,,707,
1991-06-28,,22.8,33.9,,0.0,0,16.6,48.2,,482,
1991-06-29,,20.6,27.2,,26.2,0,10.1,38.9,,183,
1991-06-30,,22.2,32.2,,0.0,0,11.5,33.5,,126,
1991-07-01,,22.2,33.9,,0.0,0,7.2,22.3,,654,
1991-07-02,,23.3,33.9,,0.0,0,10.1,25.9,,806,
1991-07-03,,22.8,33.9,,0.0,0,8.6,42.5,,414,
1991-07-04,,21.1,31.7,,7.1,0,9.7,40.7,,209,
1991-07-05,,22.2,33.9,,0.0,0,9.4,24.1,,640,
1991-07-06,,23.3,33.9,,0.0,0,10.1,27.7,,772,
1991-07-07,,23.9,33.3,,0.5,0,13.7,40.7,,555,
1991-07-08,,22.8,31.7,,21.3,0,9.7,35.3,,329,
1991-07-09,,23.9,32.8,,0.0,0,14.4,38.9,,719,
1991-07-10,,24.4,33.3,,0.0,0,17.6,37.1,,652,
1991-07-11,,23.9,32.8,,0.0,0,16.6,37.1,,655,
1991-07-12,,22.8,33.9,,0.0,0,13.7,35.3,,548,
1991-07-13,,22.8,33.9,,0.0,0,12.6,29.5,,685,
1991-07-14,,23.9,34.4,,0.0,0,12.2,27.7,,716,
1991-07-15,,24.4,34.4,,0.0,0,10.4,29.5,,831,
1991-07-16,,23.3,36.1,,0.0,0,10.4,61.2,,735,
1991-07-17,,22.2,35.0,,0.0,0,7.9,25.9,,610,
1991-07-18,,22.8,35.6,,0.0,0,11.2,27.7,,808,
1991-07-19,,21.7,35.0,,0.0,0,15.1,33.5,,626,
1991-07-20,,23.9,35.0,,0.0,0,16.6,33.5,,530,
1991-07-21,,24.4,35.6,,0.0,0,12.2,33.5,,340,
1991-07-22,,22.2,34.4,,0.0,0,8.6,44.3,,395,
1991-07-23,,22.2,32.8,,0.0,0,9.7,31.3,,260,
1991-07-24,,22.2,35.0,,0.0,0,14.4,35.3,,497,
1991-07-25,,25.0,35.0,,0.0,0,13.3,27.7,,576,
1991-07-26,,23.3,35.6,,0.0,0,11.2,46.4,,546,
1991-07-27,,23.9,35.6,,0.0,0,12.2,37.1,,575,
1991-07-28,,24.4,36.1,,0.0,0,10.1,29.5,,411,
1991-07-29,,22.8,35.6,,0.5,0,9.7,40.7,,312,
1991-07-30,,22.8,38.9,,0.0,0,11.2,29.5,,778,
1991-07-31,,21.1,38.9,,0.0,0,10.4,35.3,,764,
1991-08-01,,24.4,38.3,,0.0,0,11.2,25.9,,776,
1991-08-02,,22.8,36.7,,0.0,0,11.2,37.1,,787,
1991-08-03,,23.9,36.1,,0.0,0,13.7,33.5,,698,
1991-08-04,,23.9,36.7,,0.0,0,13.3,38.9,,386,
1991-08-05,,21.7,35.6,,0.0,0,12.2,37.1,,575,
1991-08-06,,22.8,36.7,,0.0,0,11.2,35.3,,472,
1991-08-07,,23.3,33.9,,0.0,0,9.0,29.5,,513,
1991-08-08,,22.2,36.1,,0.0,0,11.2,37.1,,737,
1991-08-09,,23.3,37.2,,0.0,0,11.5,37.1,,489,
1991-08-10,,23.3,37.8,,0.0,0,10.8,70.2,,683,
1991-08-11,,24.4,37.2,,0.0,0,12.2,29.5,,680,
1991-08-12,,25.0,37.8,,0.0,0,15.5,33.5,,420,
1991-08-13,,25.6,37.8,,0.0,0,16.6,40.7,,388,
1991-08-14,,21.1,33.3,,90.2,0,13.3,42.5,,130,
1991-08-15,,21.7,32.2,,7.6,0,9.4,33.5,,458,
1991-08-16,,23.3,35.0,,0.0,0,12.2,31.3,,531,
1991-08-17,,24.4,35.6,,0.0,0,10.1,25.9,,400,
1991-08-18,,24.4,37.2,,0.0,0,10.8,31.3,,600,
1991-08-19,,25.0,37.2,,0.0,0,11.5,29.5,,762,
1991-08-20,,22.8,36.1,,0.0,0,6.8,22.3,,781,
1991-08-21,,23.9,36.7,,0.0,0,11.2,27.7,,750,
1991-08-22,,23.9,36.1,,0.0,0,11.5,46.4,,361,
1991-08-23,,23.3,33.9,,0.0,0,10.1,27.7,,362,
1991-08-24,,22.8,34.4,,0.0,0,9.0,24.1,,547,
1991-08-25,,22.8,34.4,,0.0,0,7.2,27.7,,559,
1991-08-26,,21.7,33.9,,0.0,0,7.9,27.7,,550,
1991-08-27,,22.8,34.4,,0.0,0,9.4,44.3,,611,
1991-08-28,,22.8,35.0,,0.0,0,10.4,48.2,,628,
1991-08-29,,24.4,35.6,,0.0,0,13.0,31.3,,520,
1991-08-30,,23.3,34.4,,3.0,0,11.5,40.7,,373,
1991-08-31,,22.8,32.8,,7.9,0,11.5,27.7,,389,
1991-09-01,,22.8,32.8,,10.4,0,9.0,25.9,,458,
1991-09-02,,21.7,31.1,,13.0,0,7.9,29.5,,133,
1991-09-03,,22.2,28.9,,6.1,0,8.3,24.1,,213,
1991-09-04,,22.2,31.7,,0.0,0,12.6,33.5,,364,
1991-09-05,,22.2,31.1,,9.1,0,13.7,40.7,,195,
1991-09-06,,22.8,30.6,,5.8,0,14.4,31.3,,241,
1991-09-07,,23.9,31.1,,0.5,0,11.2,31.3,,241,
1991-09-08,,24.4,31.7,,0.0,0,11.9,31.3,,254,
1991-09-09,,23.9,33.3,,0.0,0,11.5,24.1,,516,
1991-09-10,,22.8,33.3,,0.0,0,10.4,27.7,,448,
1991-09-11,,20.6,32.8,,0.0,0,7.9,29.5,,654,
1991-09-12,,22.2,32.8,,0.0,0,10.1,33.5,,419,
1991-09-13,,24.4,31.7,,1.3,0,11.5,37.1,,299,
1991-09-14,,23.3,31.7,,1.5,0,13.3,37.1,,360,
1991-09-15,,24.4,33.3,,0.0,0,13.0,31.3,,510,
1991-09-16,,22.8,33.9,,1.0,0,10.8,33.5,,399,
1991-09-17,,21.7,33.9,,0.0,0,7.2,31.3,,645,
1991-09-18,,18.3,33.3,,0.0,0,11.5,50.0,,578,
1991-09-19,,12.8,18.3,,3.8,0,24.1,44.3,,0,
1991-09-20,,13.3,20.0,,0.0,0,18.4,35.3,,71,
1991-09-21,,15.6,27.2,,0.0,0,10.4,18.4,,586,
1991-09-22,,18.9,31.7,,0.0,0,7.6,27.7,,286,
1991-09-23,,22.2,26.7,,2.5,0,7.6,27.7,,151,
1991-09-24,,17.8,32.8,,2.0,0,15.8,76.0,,382,
1991-09-25,,14.4,27.2,,0.0,0,16.6,38.9,,723,
1991-09-26,,15.0,32.2,,0.0,0,10.8,31.3,,722,
1991-09-27,,16.1,28.9,,0.0,0,11.2,24.1,,678,
1991-09-28,,12.8,27.8,,0.0,0,9.4,29.5,,684,
1991-09-29,,12.8,28.3,,0.0,0,8.3,24.1,,654,
1991-09-30,,17.2,30.6,,0.0,0,8.3,25.9,,476,
1991-10-01,,18.9,30.6,,22.1,0,11.9,29.5,,394,
1991-10-02,,17.8,31.1,,0.0,0,7.9,20.5,,710,
1991-10-03,,18.9,32.2,,0.0,0,15.1,31.3,,555,
1991-10-04,,18.9,33.3,,7.9,0,17.3,51.8,,490,
1991-10-05,,16.7,24.4,,0.0,0,24.8,48.2,,598,
1991-10-06,,12.8,24.4,,0.0,0,13.7,35.3,,498,
1991-10-07,,10.6,26.1,,0.0,0,9.0,27.7,,669,
1991-10-08,,12.8,26.7,,0.0,0,10.1,37.1,,608,
1991-10-09,,11.7,28.9,,0.0,0,5.0,22.3,,698,
1991-10-10,,15.0,31.7,,0.0,0,8.6,29.5,,654,
1991-10-11,,15.0,35.0,,0.0,0,10.4,31.3,,695,
1991-10-12,,20.0,36.7,,0.0,0,13.3,31.3,,692,
1991-10-13,,18.9,36.1,,0.0,0,7.9,24.1,,691,
1991-10-14,,16.7,32.2,,0.0,0,15.1,38.9,,622,
1991-10-15,,15.0,31.1,,0.0,0,10.8,27.7,,572,
1991-10-16,,12.8,30.0,,0.0,0,9.0,31.3,,686,
1991-10-17,,13.9,31.1,,0.0,0,11.5,33.5,,684,
1991-10-18,,15.6,30.6,,0.0,0,9.7,25.9,,511,
1991-10-19,,15.0,28.9,,0.0,0,8.3,22.3,,260,
1991-10-20,,16.1,28.3,,0.0,0,9.4,25.9,,500,
1991-10-21,,12.2,28.3,,0.0,0,6.1,20.5,,672,
1991-10-22,,18.9,30.0,,0.0,0,13.0,33.5,,239,
1991-10-23,,22.8,32.8,,0.0,0,14.8,35.3,,320,
1991-10-24,,23.3,32.8,,0.0,0,16.6,40.7,,342,
1991-10-25,,22.8,31.7,,0.3,0,16.6,37.1,,140,
1991-10-26,,20.0,30.6,,0.3,0,16.2,42.5,,117,
1991-10-27,,20.0,30.0,,0.0,0,15.1,37.1,,186,
1991-10-28,,21.7,29.4,,22.1,0,20.2,55.4,,91,
1991-10-29,,9.4,27.8,,15.0,0,19.1,55.4,,16,
1991-10-30,,8.3,12.2,,1.0,0,19.4,37.1,,0,
1991-10-31,,4.4,10.0,,9.1,0,18.0,50.0,,116,
1991-11-01,,3.9,13.9,,0.0,0,19.4,50.0,,659,
1991-11-02,,2.2,11.1,,0.0,0,19.8,48.2,,575,
1991-11-03,,0.6,8.3,,0.0,0,19.8,50.0,,325,
1991-11-04,,-1.7,11.7,,0.0,0,7.2,25.9,,654,
1991-11-05,,-0.6,13.3,,0.0,0,7.6,25.9,,55,
1991-11-06,,9.4,21.7,,0.0,0,9.4,27.7,,200,
1991-11-07,,6.7,17.2,,0.0,0,20.2,51.8,,0,
1991-11-08,,0.6,13.3,,0.0,0,18.4,42.5,,648,
1991-11-09,,-0.6,15.6,,0.0,0,7.9,25.9,,647,
1991-11-10,,0.6,20.0,,0.0,0,6.5,33.5,,552,
1991-11-11,,8.3,22.2,,0.0,0,8.3,25.9,,87,
1991-11-12,,11.7,20.0,,0.0,0,10.4,25.9,,60,
1991-11-13,,11.1,22.2,,0.0,0,9.0,27.7,,77,
1991-11-14,,13.9,23.3,,0.0,0,15.1,44.3,,14,
1991-11-15,,19.4,25.0,,1.0,0,15.1,38.9,,0,
1991-11-16,,20.6,23.9,,2.0,0,14.8,35.3,,0,
1991-11-17,,9.4,21.1,,19.1,0,11.2,59.0,,288,
1991-11-18,,8.3,26.7,,0.0,0,11.5,40.7,,634,
1991-11-19,,13.3,26.1,,0.5,0,20.2,51.8,,263,
1991-11-20,,7.2,18.9,,0.0,0,22.0,53.6,,551,
1991-11-21,,4.4,21.1,,0.0,0,12.6,31.3,,631,
1991-11-22,,5.0,25.0,,0.0,0,17.3,50.0,,630,
1991-11-23,,5.0,13.9,,0.0,0,24.1,59.0,,628,
1991-11-24,,1.1,16.7,,0.0,0,11.5,25.9,,627,
1991-11-25,,-0.6,17.8,,0.0,0,10.8,38.9,,555,
1991-11-26,,11.1,18.9,,0.0,0,11.2,27.7,,7,
1991-11-27,,16.1,23.9,,0.0,0,13.3,33.5,,88,
1991-11-28,,18.9,26.7,,0.0,0,26.3,55.4,,136,
1991-11-29,,18.9,28.9,,0.0,0,24.5,64.8,,325,
1991-11-30,,8.3,23.3,,0.5,0,18.4,44.3,,0,
1991-12-01,,3.9,8.3,,0.0,0,23.8,46.4,,0,
1991-12-02,,2.2,13.9,,1.3,0,13.7,40.7,,345,
1991-12-03,,3.3,15.6,,0.0,0,18.4,46.4,,619,
1991-12-04,,0.6,16.7,,0.0,0,9.7,29.5,,555,
1991-12-05,,4.4,20.6,,0.0,0,10.8,42.5,,300,
1991-12-06,,11.1,21.7,,0.0,0,12.2,37.1,,19,
1991-12-07,,15.6,22.8,,0.3,0,14.8,35.3,,0,
1991-12-08,,20.6,25.6,,27.9,0,15.8,38.9,,0,
1991-12-09,,14.4,23.9,,5.3,0,14.8,35.3,,450,
1991-12-10,,11.1,24.4,,2.8,0,9.0,24.1,,306,
1991-12-11,,15.0,20.6,,1.5,0,14.0,40.7,,0,
1991-12-12,,16.7,22.2,,3.8,0,11.2,29.5,,0,
1991-12-13,,14.4,20.6,,9.1,0,7.9,40.7,,30,
1991-12-14,,7.2,17.8,,0.0,0,22.7,51.8,,52,
1991-12-15,,3.3,12.8,,0.0,0,8.6,24.1,,233,
1991-12-16,,3.9,16.7,,0.0,0,6.5,20.5,,331,
1991-12-17,,6.7,13.3,,6.6,0,5.0,14.8,,0,
1991-12-18,,12.2,14.4,,37.8,0,17.3,38.9,,0,
1991-12-19,,10.6,16.1,,30.0,0,23.0,46.4,,0,
1991-12-20,,15.0,21.1,,106.9,0,24.8,57.2,,0,
1991-12-21,,9.4,15.0,,65.8,0,20.2,44.3,,0,
1991-12-22,,9.4,14.4,,46.0,0,10.4,44.3,,8,
1991-12-23,,6.7,17.2,,0.0,0,22.0,53.6,,550,
1991-12-24,,3.9,12.2,,0.0,0,17.3,44.3,,424,
1991-12-25,,2.2,10.6,,3.0,0,11.9,27.7,,93,
1991-12-26,,6.1,8.3,,10.7,0,15.8,31.3,,0,
1991-12-27,,6.1,10.6,,0.8,0,16.9,29.5,,25,
1991-12-28,,4.4,14.4,,0.0,0,10.4,31.3,,357,
1991-12-29,,1.7,13.3,,0.0,0,6.1,22.3,,307,
1991-12-30,,5.0,17.2,,0.0,0,5.8,16.6,,285,
1991-12-31,,10.0,15.0,,0.0,0,11.5,22.3,,14,
1992-01-01,,10.6,18.3,,0.0,0,9.4,25.9,,99,
1992-01-02,,5.6,18.9,,17.3,0,10.1,25.9,,534,
1992-01-03,,5.0,21.7,,0.0,0,6.1,16.6,,537,
1992-01-04,,5.6,16.7,,6.4,0,5.0,20.5,,122,
1992-01-05,,10.6,15.0,,1.3,0,6.8,18.4,,33,
1992-01-06,,9.4,16.7,,0.0,0,9.7,20.5,,428,
1992-01-07,,12.2,16.1,,2.8,0,7.2,16.6,,0,
1992-01-08,,10.0,17.2,,0.0,0,13.0,29.5,,36,
1992-01-09,,8.3,15.0,,0.0,0,15.1,35.3,,303,
1992-01-10,,8.3,15.6,,0.0,0,12.2,40.7,,391,
1992-01-11,,7.2,12.2,,9.4,0,8.3,24.1,,0,
1992-01-12,,8.3,13.9,,0.3,0,9.7,42.5,,0,
1992-01-13,,5.6,12.8,,0.0,0,25.9,83.2,,444,
1992-01-14,,0.6,11.1,,0.0,0,10.8,29.5,,623,
1992-01-15,,-1.1,14.4,,0.0,0,16.2,63.0,,361,
1992-01-16,,-3.3,5.6,,0.0,0,13.3,33.5,,67,
1992-01-17,,2.2,5.6,,13.2,0,10.8,22.3,,0,
1992-01-18,,3.3,6.1,,10.4,0,25.9,50.0,,0,
1992-01-19,,1.7,10.0,,0.0,0,15.1,46.4,,463,
1992-01-20,,-1.7,13.9,,0.0,0,9.0,27.7,,606,
1992-01-21,,3.9,8.3,,14.0,0,7.6,18.4,,0,
1992-01-22,,6.1,22.2,,0.0,0,15.5,38.9,,579,
1992-01-23,,5.6,16.7,,0.0,0,18.0,44.3,,633,
1992-01-24,,1.7,20.0,,0.0,0,13.3,38.9,,597,
1992-01-25,,3.9,17.2,,2.8,0,6.1,16.6,,277,
1992-01-26,,10.6,12.2,,40.4,0,14.0,31.3,,0,
1992-01-27,,10.0,13.3,,0.5,0,16.6,37.1,,0,
1992-01-28,,9.4,10.6,,2.3,0,16.9,33.5,,0,
1992-01-29,,10.0,13.9,,1.8,0,14.0,29.5,,0,
1992-01-30,,7.2,19.4,,0.0,0,11.9,24.1,,592,
1992-01-31,,10.0,23.3,,0.0,0,11.9,27.7,,641,
1992-02-01,,7.8,20.6,,0.0,0,8.6,20.5,,191,
1992-02-02,,11.7,15.0,,14.0,0,10.8,22.3,,0,
1992-02-03,,12.2,15.0,,46.0,0,17.6,37.1,,0,
1992-02-04,,8.9,13.9,,36.8,0,25.6,53.6,,0,
1992-02-05,,6.1,13.9,,0.3,0,23.8,55.4,,421,
1992-02-06,,3.3,18.9,,0.0,0,13.7,37.1,,613,
1992-02-07,,5.6,17.2,,0.0,0,17.3,37.1,,653,
1992-02-08,,4.4,15.6,,0.0,0,12.2,25.9,,557,
1992-02-09,,7.2,16.1,,0.0,0,10.8,29.5,,196,
1992-02-10,,7.8,20.0,,0.0,0,8.6,22.3,,131,
1992-02-11,,15.0,18.9,,0.5,0,13.7,31.3,,18,
1992-02-12,,15.0,25.6,,0.5,0,11.5,31.3,,354,
1992-02-13,,17.8,22.2,,0.0,0,10.8,24.1,,24,
1992-02-14,,17.8,22.2,,0.3,0,14.0,31.3,,31,
1992-02-15,,13.9,25.0,,0.0,0,15.1,37.1,,617,
1992-02-16,,10.6,23.9,,2.8,0,9.7,31.3,,348,
1992-02-17,,12.8,23.9,,0.0,0,12.6,37.1,,445,
1992-02-18,,11.1,23.3,,0.0,0,13.7,31.3,,668,
1992-02-19,,8.3,21.7,,0.0,0,9.7,24.1,,673,
1992-02-20,,5.6,22.2,,0.0,0,9.7,40.7,,675,
1992-02-21,,8.3,20.6,,0.5,0,9.4,31.3,,108,
1992-02-22,,14.4,23.9,,21.6,0,9.0,33.5,,445,
1992-02-23,,9.4,22.8,,0.0,0,9.0,27.7,,610,
1992-02-24,,11.7,16.1,,40.6,0,20.2,61.2,,0,
1992-02-25,,5.6,11.7,,2.8,0,25.6,53.6,,100,
1992-02-26,,4.4,17.2,,0.0,0,15.8,37.1,,643,
1992-02-27,,6.7,23.3,,0.0,0,14.8,38.9,,657,
1992-02-28,,8.3,26.1,,0.0,0,11.2,27.7,,689,
1992-02-29,,10.0,27.2,,0.0,0,9.4,25.9,,691,
1992-03-01,,8.9,23.9,,0.0,0,11.2,35.3,,645,
1992-03-02,,17.2,20.0,,1.8,0,15.1,33.5,,0,
1992-03-03,,13.9,23.9,,16.0,0,18.0,63.0,,29,
1992-03-04,,13.9,20.6,,39.6,0,13.7,38.9,,197,
1992-03-05,,15.0,25.6,,0.0,0,10.8,29.5,,621,
1992-03-06,,11.1,29.4,,0.0,0,10.8,27.7,,701,
1992-03-07,,10.6,26.1,,0.0,0,12.6,35.3,,500,
1992-03-08,,17.8,24.4,,0.3,0,20.9,50.0,,88,
1992-03-09,,15.0,26.1,,10.7,0,15.1,55.4,,384,
1992-03-10,,3.9,15.0,,0.0,0,23.0,61.2,,414,
1992-03-11,,4.4,9.4,,0.0,0,9.4,20.5,,47,
1992-03-12,,3.9,23.3,,0.0,0,11.2,31.3,,584,
1992-03-13,,7.2,23.3,,0.0,0,12.6,29.5,,714,
1992-03-14,,8.3,27.2,,0.0,0,14.4,37.1,,716,
1992-03-15,,12.2,27.2,,0.0,0,15.8,33.5,,625,
1992-03-16,,15.6,23.3,,0.0,0,18.4,44.3,,284,
1992-03-17,,15.0,23.9,,30.0,0,18.4,66.6,,0,
1992-03-18,,14.4,28.9,,0.0,0,16.6,50.0,,652,
1992-03-19,,11.7,21.7,,0.0,0,16.6,38.9,,705,
1992-03-20,,8.3,20.6,,0.0,0,11.5,35.3,,531,
1992-03-21,,12.2,17.8,,1.3,0,14.0,33.5,,0,
1992-03-22,,8.9,22.8,,0.0,0,18.7,51.8,,492,
1992-03-23,,5.6,18.3,,0.0,0,14.8,37.1,,733,
1992-03-24,,6.7,22.2,,0.0,0,16.2,48.2,,543,
1992-03-25,,11.7,26.7,,0.0,0,13.3,35.3,,737,
1992-03-26,,12.2,25.6,,0.0,0,13.0,35.3,,568,
1992-03-27,,15.0,21.1,,10.7,0,13.7,31.3,,17,
1992-03-28,,13.3,18.9,,27.7,0,13.3,37.1,,4,
1992-03-29,,15.6,27.2,,0.0,0,12.6,37.1,,376,
1992-03-30,,11.1,22.2,,0.0,0,16.6,38.9,,745,
1992-03-31,,9.4,21.1,,0.0,0,10.1,20.5,,316,
1992-04-01,,11.1,18.3,,0.0,0,19.1,51.8,,183,
1992-04-02,,7.8,11.1,,0.5,0,15.5,31.3,,0,
1992-04-03,,7.2,18.9,,0.0,0,10.8,24.1,,588,
1992-04-04,,6.7,23.9,,0.0,0,11.2,29.5,,483,
1992-04-05,,13.3,20.0,,16.0,0,16.2,44.3,,96,
1992-04-06,,13.3,25.0,,0.0,0,12.6,31.3,,392,
1992-04-07,,12.2,28.3,,0.0,0,10.8,33.5,,760,
1992-04-08,,15.0,26.7,,0.0,0,14.0,29.5,,473,
1992-04-09,,15.6,25.0,,0.0,0,12.2,31.3,,232,
1992-04-10,,16.1,26.1,,0.0,0,12.2,29.5,,365,
1992-04-11,,18.9,28.3,,0.0,0,15.1,33.5,,386,
1992-04-12,,20.0,28.9,,0.0,0,10.8,27.7,,410,
1992-04-13,,18.9,28.3,,0.0,0,10.1,27.7,,614,
1992-04-14,,16.1,27.2,,0.0,0,13.0,37.1,,526,
1992-04-15,,18.9,27.2,,0.0,0,14.8,31.3,,306,
1992-04-16,,18.9,27.8,,0.0,0,14.8,33.5,,331,
1992-04-17,,15.0,21.1,,29.7,0,10.4,51.8,,0,
1992-04-18,,13.9,26.1,,0.0,0,15.1,38.9,,376,
1992-04-19,,15.0,24.4,,2.0,0,16.6,44.3,,272,
1992-04-20,,12.8,25.0,,0.0,0,18.0,44.3,,763,
1992-04-21,,10.0,26.7,,0.0,0,14.0,46.4,,785,
1992-04-22,,12.8,28.3,,0.0,0,15.1,40.7,,726,
1992-04-23,,17.2,28.3,,0.0,0,14.8,35.3,,328,
1992-04-24,,21.7,30.0,,0.0,0,11.2,38.9,,326,
1992-04-25,,15.6,23.3,,0.0,0,19.8,51.8,,34,
1992-04-26,,15.6,25.6,,0.0,0,10.8,24.1,,561,
1992-04-27,,12.8,27.8,,0.0,0,9.4,24.1,,788,
1992-04-28,,13.9,28.3,,0.0,0,18.7,46.4,,780,
1992-04-29,,17.8,28.3,,0.0,0,15.8,44.3,,612,
1992-04-30,,15.0,26.7,,0.0,0,13.3,25.9,,767,
1992-05-01,,16.1,29.4,,0.0,0,17.3,35.3,,434,
1992-05-02,,18.9,29.4,,0.0,0,15.1,33.5,,460,
1992-05-03,,19.4,30.0,,0.0,0,9.4,24.1,,500,
1992-05-04,,18.9,28.3,,1.8,0,13.3,31.3,,247,
1992-05-05,,17.8,30.6,,0.0,0,10.4,27.7,,761,
1992-05-06,,13.9,26.1,,0.0,0,19.1,40.7,,743,
1992-05-07,,10.0,23.9,,0.0,0,10.8,24.1,,738,
1992-05-08,,11.1,25.6,,0.0,0,11.5,33.5,,811,
1992-05-09,,11.7,22.8,,0.0,0,14.8,38.9,,79,
1992-05-10,,18.9,27.8,,0.3,0,16.6,44.3,,41,
1992-05-11,,21.1,31.1,,0.3,0,18.4,42.5,,338,
1992-05-12,,22.8,34.4,,0.3,0,16.2,35.3,,481,
1992-05-13,,21.1,32.8,,0.0,0,13.0,35.3,,330,
1992-05-14,,19.4,31.1,,29.5,0,12.2,57.2,,351,
1992-05-15,,18.9,24.4,,6.6,0,14.0,33.5,,77,
1992-05-16,,18.9,27.8,,79.2,0,12.2,40.7,,138,
1992-05-17,,18.9,26.7,,1.3,0,9.7,22.3,,286,
1992-05-18,,20.0,29.4,,15.2,0,11.2,29.5,,320,
1992-05-19,,20.6,28.9,,17.0,0,11.5,55.4,,0,
1992-05-20,,21.1,28.3,,0.3,0,13.7,29.5,,235,
1992-05-21,,17.2,27.8,,28.7,0,14.4,38.9,,148,
1992-05-22,,16.1,29.4,,0.0,0,10.1,27.7,,416,
1992-05-23,,19.4,29.4,,0.0,0,7.2,20.5,,561,
1992-05-24,,19.4,30.0,,0.0,0,9.0,25.9,,649,
1992-05-25,,19.4,28.9,,0.5,0,10.1,51.8,,396,
1992-05-26,,18.9,27.8,,0.0,0,14.8,33.5,,322,
1992-05-27,,16.7,28.3,,32.3,0,13.7,101.9,,266,
1992-05-28,,15.6,28.9,,4.1,0,15.8,51.8,,264,
1992-05-29,,14.4,22.8,,0.0,0,20.5,46.4,,280,
1992-05-30,,13.3,23.9,,0.0,0,10.8,27.7,,399,
1992-05-31,,18.9,21.1,,12.7,0,11.5,24.1,,0,
1992-06-01,,18.9,31.1,,42.7,0,13.0,55.4,,402,
1992-06-02,,18.3,28.9,,4.6,0,14.4,51.8,,494,
1992-06-03,,17.2,32.2,,0.0,0,10.4,29.5,,610,
1992-06-04,,21.1,31.7,,0.0,0,12.6,29.5,,692,
1992-06-05,,21.1,32.8,,0.0,0,11.9,33.5,,481,
1992-06-06,,20.0,31.7,,19.8,0,14.4,44.3,,525,
1992-06-07,,21.1,29.4,,6.4,0,10.8,33.5,,451,
1992-06-08,,21.1,31.1,,0.0,0,9.7,25.9,,803,
1992-06-09,,20.6,31.7,,0.8,0,11.9,55.4,,208,
1992-06-10,,20.0,32.8,,1.3,0,12.2,55.4,,834,
1992-06-11,,20.6,35.0,,1.3,0,10.4,31.3,,715,
1992-06-12,,20.6,33.9,,6.4,0,10.4,74.2,,554,
1992-06-13,,22.8,32.8,,0.0,0,9.0,27.7,,709,
1992-06-14,,25.0,33.3,,0.0,0,16.2,38.9,,570,
1992-06-15,,25.0,33.3,,0.0,0,18.4,42.5,,692,
1992-06-16,,25.0,33.9,,0.0,0,19.8,40.7,,680,
1992-06-17,,25.0,33.3,,0.0,0,16.9,46.4,,634,
1992-06-18,,24.4,33.3,,0.0,0,12.6,27.7,,678,
1992-06-19,,23.9,33.9,,0.0,0,13.7,33.5,,790,
1992-06-20,,23.9,34.4,,0.0,0,9.7,25.9,,714,
1992-06-21,,22.8,35.0,,0.0,0,10.8,31.3,,750,
1992-06-22,,23.3,32.8,,0.0,0,10.4,33.5,,553,
1992-06-23,,21.7,34.4,,0.0,0,10.1,25.9,,729,
1992-06-24,,23.3,35.0,,0.0,0,13.3,29.5,,795,
1992-06-25,,23.3,33.9,,0.0,0,14.8,33.5,,821,
1992-06-26,,23.9,33.3,,0.0,0,11.2,27.7,,440,
1992-06-27,,20.6,34.4,,41.4,0,10.8,72.0,,638,
1992-06-28,,23.3,32.8,,1.5,0,18.7,63.0,,565,
1992-06-29,,21.1,33.3,,0.0,0,11.9,42.5,,843,
1992-06-30,,24.4,32.2,,0.0,0,12.6,61.2,,217,
1992-07-01,,24.4,35.0,,0.0,0,18.7,44.3,,606,
1992-07-02,,26.7,35.0,,0.0,0,19.8,42.5,,648,
1992-07-03,,23.3,35.0,,0.0,0,13.0,46.4,,468,
1992-07-04,,20.6,33.9,,0.0,0,13.0,33.5,,629,
1992-07-05,,23.9,33.9,,0.0,0,18.7,44.3,,723,
1992-07-06,,21.7,34.4,,0.0,0,14.8,38.9,,765,
1992-07-07,,23.3,33.9,,0.0,0,15.5,35.3,,588,
1992-07-08,,23.9,33.9,,0.0,0,14.4,31.3,,733,
1992-07-09,,23.3,33.9,,0.0,0,16.2,40.7,,649,
1992-07-10,,24.4,33.9,,0.0,0,17.6,40.7,,746,
1992-07-11,,23.9,34.4,,0.0,0,17.3,37.1,,702,
1992-07-12,,23.9,33.9,,0.0,0,17.6,38.9,,555,
1992-07-13,,23.9,33.9,,0.0,0,16.9,31.3,,620,
1992-07-14,,23.9,34.4,,0.0,0,17.6,37.1,,719,
1992-07-15,,24.4,35.6,,0.0,0,15.5,33.5,,689,
1992-07-16,,25.0,34.4,,0.0,0,18.4,50.0,,679,
1992-07-17,,25.0,34.4,,0.0,0,11.5,31.3,,344,
1992-07-18,,21.1,35.0,,1.8,0,13.0,42.5,,567,
1992-07-19,,21.7,33.9,,8.1,0,10.1,51.8,,351,
1992-07-20,,21.7,30.0,,9.4,0,9.0,42.5,,39,
1992-07-21,,22.2,31.1,,2.8,0,7.2,22.3,,112,
1992-07-22,,23.3,32.8,,2.3,0,9.7,22.3,,345,
1992-07-23,,23.9,33.9,,0.0,0,10.8,24.1,,641,
1992-07-24,,23.9,33.9,,0.0,0,12.2,29.5,,702,
1992-07-25,,23.3,33.9,,0.0,0,11.2,24.1,,688,
1992-07-26,,23.9,34.4,,0.0,0,13.7,31.3,,777,
1992-07-27,,23.3,35.0,,0.0,0,13.0,29.5,,777,
1992-07-28,,23.9,34.4,,0.0,0,12.6,29.5,,536,
1992-07-29,,23.9,34.4,,0.0,0,15.1,35.3,,723,
1992-07-30,,23.9,34.4,,0.0,0,15.8,40.7,,738,
1992-07-31,,24.4,35.0,,0.0,0,11.5,29.5,,679,
1992-08-01,,23.3,35.0,,0.0,0,9.7,25.9,,796,
1992-08-02,,21.7,35.6,,9.7,0,12.6,46.4,,481,
1992-08-03,,20.6,33.3,,7.6,0,11.5,25.9,,747,
1992-08-04,,22.8,34.4,,0.0,0,11.2,24.1,,778,
1992-08-05,,23.3,35.0,,0.0,0,12.2,27.7,,800,
1992-08-06,,23.3,35.0,,0.0,0,12.2,31.3,,767,
1992-08-07,,23.9,35.0,,0.0,0,14.8,31.3,,682,
1992-08-08,,24.4,35.0,,0.0,0,14.0,29.5,,604,
1992-08-09,,25.0,35.6,,0.0,0,12.2,27.7,,710,
1992-08-10,,23.9,36.1,,0.0,0,9.7,24.1,,796,
1992-08-11,,22.2,37.2,,19.1,0,9.4,57.2,,519,
1992-08-12,,23.3,33.3,,0.0,0,13.7,31.3,,304,
1992-08-13,,24.4,33.3,,0.0,0,17.3,35.3,,443,
1992-08-14,,22.8,35.0,,0.0,0,12.6,33.5,,667,
1992-08-15,,22.8,31.1,,0.0,0,14.0,29.5,,202,
1992-08-16,,19.4,31.1,,0.0,0,10.4,24.1,,512,
1992-08-17,,16.7,31.7,,0.0,0,7.2,24.1,,716,
1992-08-18,,18.9,32.2,,0.0,0,9.4,25.9,,680,
1992-08-19,,20.6,27.8,,0.5,0,13.3,29.5,,82,
1992-08-20,,21.1,30.6,,0.0,0,9.0,25.9,,191,
1992-08-21,,19.4,33.9,,0.0,0,9.0,24.1,,528,
1992-08-22,,20.0,33.9,,0.0,0,9.0,27.7,,653,
1992-08-23,,20.6,34.4,,1.8,0,10.8,42.5,,536,
1992-08-24,,21.7,34.4,,0.0,0,14.8,42.5,,522,
1992-08-25,,22.8,35.6,,0.0,0,9.0,35.3,,585,
1992-08-26,,23.3,38.3,,0.0,0,12.2,46.4,,519,
1992-08-27,,20.6,31.1,,10.9,0,17.3,37.1,,293,
1992-08-28,,18.9,33.3,,0.0,0,10.4,24.1,,774,
1992-08-29,,18.3,34.4,,0.0,0,10.4,25.9,,771,
1992-08-30,,18.9,34.4,,0.0,0,10.8,24.1,,719,
1992-08-31,,22.8,33.3,,0.0,0,13.0,37.1,,373,
1992-09-01,,23.3,35.6,,0.0,0,14.4,46.4,,380,
1992-09-02,,25.0,36.1,,0.0,0,19.8,42.5,,491,
1992-09-03,,21.1,36.7,,17.5,0,16.6,64.8,,430,
1992-09-04,,20.6,35.0,,0.0,0,11.2,40.7,,364,
1992-09-05,,23.9,35.0,,0.0,0,15.5,40.7,,445,
1992-09-06,,23.3,35.6,,0.0,0,11.5,31.3,,545,
1992-09-07,,23.9,35.0,,0.0,0,12.2,33.5,,415,
1992-09-08,,23.9,35.0,,0.0,0,11.9,33.5,,573,
1992-09-09,,23.9,35.6,,0.0,0,14.4,37.1,,551,
1992-09-10,,20.6,35.6,,10.7,0,15.8,76.0,,326,
1992-09-11,,20.0,32.8,,0.8,0,13.3,37.1,,142,
1992-09-12,,21.7,32.8,,0.0,0,9.0,29.5,,494,
1992-09-13,,22.2,31.1,,0.0,0,9.7,38.9,,289,
1992-09-14,,21.7,32.8,,1.5,0,9.0,46.4,,222,
1992-09-15,,22.2,32.8,,0.0,0,11.2,29.5,,403,
1992-09-16,,20.6,33.3,,0.0,0,9.0,25.9,,481,
1992-09-17,,21.1,32.8,,0.0,0,9.4,29.5,,683,
1992-09-18,,23.3,34.4,,0.0,0,13.7,29.5,,569,
1992-09-19,,23.3,34.4,,0.0,0,13.3,33.5,,686,
1992-09-20,,23.9,34.4,,0.0,0,18.4,42.5,,648,
1992-09-21,,22.2,36.1,,19.8,0,21.2,83.2,,384,
1992-09-22,,21.1,33.9,,0.0,0,16.9,48.2,,450,
1992-09-23,,18.9,29.4,,0.0,0,16.6,38.9,,229,
1992-09-24,,15.6,26.7,,0.0,0,10.8,24.1,,298,
1992-09-25,,12.8,30.6,,0.0,0,8.3,24.1,,723,
1992-09-26,,21.1,33.3,,0.0,0,11.9,24.1,,503,
1992-09-27,,21.1,30.6,,0.0,0,11.2,29.5,,252,
1992-09-28,,18.9,28.9,,0.0,0,18.4,44.3,,587,
1992-09-29,,17.2,30.6,,0.0,0,19.8,42.5,,714,
1992-09-30,,12.2,28.9,,0.0,0,16.6,38.9,,714,
1992-10-01,,12.2,29.4,,0.0,0,14.8,35.3,,713,
1992-10-02,,14.4,30.0,,0.0,0,10.8,29.5,,710,
1992-10-03,,14.4,31.1,,0.0,0,7.2,27.7,,709,
1992-10-04,,12.2,32.2,,0.0,0,6.5,22.3,,707,
1992-10-05,,13.3,31.1,,0.0,0,7.9,27.7,,705,
1992-10-06,,15.0,30.0,,0.0,0,9.0,33.5,,576,
1992-10-07,,15.6,30.6,,13.0,0,15.8,68.4,,339,
1992-10-08,,11.7,24.4,,0.0,0,15.1,42.5,,442,
1992-10-09,,10.6,28.3,,0.0,0,10.8,38.9,,478,
1992-10-10,,20.6,32.2,,0.0,0,12.6,37.1,,328,
1992-10-11,,15.0,29.4,,0.0,0,9.7,29.5,,694,
1992-10-12,,12.8,30.6,,0.0,0,9.4,25.9,,692,
1992-10-13,,14.4,30.6,,0.0,0,14.4,33.5,,691,
1992-10-14,,16.1,31.1,,0.0,0,14.4,38.9,,358,
1992-10-15,,22.2,30.6,,0.0,0,14.4,33.5,,136,
1992-10-16,,18.3,30.6,,0.0,0,14.4,51.8,,110,
1992-10-17,,15.6,25.0,,0.0,0,9.4,27.7,,334,
1992-10-18,,14.4,23.9,,0.0,0,9.0,24.1,,130,
1992-10-19,,12.2,26.7,,0.0,0,9.0,25.9,,528,
1992-10-20,,16.1,28.9,,0.0,0,11.2,33.5,,257,
1992-10-21,,17.2,28.9,,0.0,0,9.7,25.9,,409,
1992-10-22,,18.9,28.3,,0.0,0,9.7,27.7,,127,
1992-10-23,,17.8,29.4,,0.0,0,5.4,20.5,,613,
1992-10-24,,14.4,31.7,,0.0,0,6.1,22.3,,610,
1992-10-25,,15.0,32.8,,0.0,0,8.3,25.9,,669,
1992-10-26,,15.6,31.1,,0.0,0,11.2,38.9,,667,
1992-10-27,,16.7,30.0,,0.0,0,10.4,24.1,,665,
1992-10-28,,15.0,28.9,,0.0,0,9.4,31.3,,507,
1992-10-29,,17.8,30.0,,22.1,0,12.6,46.4,,100,
1992-10-30,,16.1,28.9,,0.0,0,6.5,22.3,,288,
1992-10-31,,21.1,31.1,,0.0,0,16.6,37.1,,292,
1992-11-01,,13.3,25.6,,28.4,0,14.4,72.0,,532,
1992-11-02,,8.3,27.2,,0.0,0,13.3,38.9,,656,
1992-11-03,,11.7,26.1,,0.0,0,19.8,59.0,,305,
1992-11-04,,5.6,14.4,,0.8,0,20.9,53.6,,100,
1992-11-05,,1.7,13.3,,0.0,0,7.2,18.4,,220,
1992-11-06,,6.1,16.1,,0.0,0,7.6,25.9,,323,
1992-11-07,,2.2,18.3,,0.0,0,7.6,25.9,,361,
1992-11-08,,12.2,19.4,,0.8,0,12.2,31.3,,0,
1992-11-09,,19.4,26.1,,0.0,0,16.6,42.5,,9,
1992-11-10,,18.9,25.0,,0.8,0,12.6,33.5,,20,
1992-11-11,,18.9,23.3,,0.5,0,7.9,46.4,,0,
1992-11-12,,9.4,21.7,,5.8,0,21.2,55.4,,634,
1992-11-13,,6.1,18.3,,0.0,0,12.2,35.3,,626,
1992-11-14,,3.9,19.4,,0.0,0,6.1,24.1,,621,
1992-11-15,,4.4,20.0,,0.0,0,6.5,18.4,,299,
1992-11-16,,8.9,23.3,,0.0,0,8.3,35.3,,425,
1992-11-17,,13.3,23.3,,0.0,0,8.3,31.3,,73,
1992-11-18,,16.7,25.0,,0.3,0,15.1,38.9,,79,
1992-11-19,,13.3,19.4,,49.8,0,11.9,35.3,,0,
1992-11-20,,11.7,20.0,,1.5,0,11.9,33.5,,469,
1992-11-21,,7.8,18.9,,2.8,0,18.7,61.2,,177,
1992-11-22,,6.1,16.7,,0.0,0,16.6,70.2,,600,
1992-11-23,,5.0,20.0,,0.0,0,13.0,35.3,,381,
1992-11-24,,8.3,19.4,,4.1,0,18.4,59.0,,503,
1992-11-25,,5.0,13.3,,0.0,0,20.2,46.4,,452,
1992-11-26,,1.1,8.9,,0.0,0,16.2,40.7,,204,
1992-11-27,,-1.7,12.8,,0.0,0,11.5,33.5,,623,
1992-11-28,,-3.3,16.7,,0.0,0,6.1,24.1,,622,
1992-11-29,,1.1,21.1,,0.0,0,9.7,35.3,,487,
1992-11-30,,5.0,14.4,,0.0,0,14.8,38.9,,110,
1992-12-01,,5.6,22.8,,0.0,0,9.4,38.9,,544,
1992-12-02,,6.1,16.7,,0.0,0,15.1,42.5,,587,
1992-12-03,,4.4,18.3,,0.0,0,7.2,35.3,,12,
1992-12-04,,7.8,17.2,,0.0,0,18.0,50.0,,0,
1992-12-05,,1.7,7.8,,3.8,0,21.2,55.4,,0,
1992-12-06,,2.2,8.3,,0.0,0,7.9,16.6,,74,
1992-12-07,,0.6,20.6,,0.0,0,8.6,25.9,,542,
1992-12-08,,7.8,13.3,,1.5,0,12.6,50.0,,0,
1992-12-09,,7.8,22.8,,12.4,0,14.0,46.4,,615,
1992-12-10,,8.9,21.7,,0.0,0,16.9,44.3,,614,
1992-12-11,,7.2,19.4,,0.0,0,9.4,22.3,,432,
1992-12-12,,8.3,22.8,,0.0,0,16.9,51.8,,21,
1992-12-13,,16.1,21.1,,1.8,0,16.6,38.9,,0,
1992-12-14,,5.0,20.0,,29.7,0,22.3,42.5,,0,
1992-12-15,,3.9,15.6,,21.3,0,14.8,44.3,,504,
1992-12-16,,2.8,16.7,,0.0,0,6.1,20.5,,103,
1992-12-17,,4.4,12.8,,0.0,0,10.8,25.9,,612,
1992-12-18,,2.2,17.8,,0.0,0,7.2,27.7,,299,
1992-12-19,,13.3,22.8,,0.8,0,9.0,48.2,,46,
1992-12-20,,4.4,13.3,,3.8,0,20.2,50.0,,0,
1992-12-21,,5.6,13.3,,0.0,0,8.3,18.4,,0,
1992-12-22,,11.7,19.4,,0.3,0,7.6,18.4,,0,
1992-12-23,,13.9,20.6,,1.3,0,12.2,46.4,,3,
1992-12-24,,7.8,13.9,,0.0,0,18.4,44.3,,14,
1992-12-25,,9.4,15.0,,0.3,0,12.6,37.1,,0,
1992-12-26,,4.4,10.0,,0.0,0,13.7,37.1,,118,
1992-12-27,,4.4,15.6,,0.0,0,7.6,18.4,,3,
1992-12-28,,13.3,18.9,,1.3,0,7.2,31.3,,0,
1992-12-29,,18.9,25.6,,0.3,0,17.3,37.1,,139,
1992-12-30,,20.0,26.7,,0.0,0,16.6,42.5,,186,
1992-12-31,,1.7,21.7,,5.1,0,16.9,57.2,,1,
1993-01-01,,0.0,2.8,,0.3,0,18.0,35.3,,0,
1993-01-02,,2.8,10.0,,1.3,0,6.1,14.8,,0,
1993-01-03,,9.4,19.4,,1.3,0,10.1,29.5,,67,
1993-01-04,,5.6,17.8,,3.3,0,17.3,50.0,,208,
1993-01-05,,3.9,11.1,,0.0,0,14.4,27.7,,96,
1993-01-06,,3.3,11.1,,0.3,0,9.4,18.4,,13,
1993-01-07,,8.3,12.8,,2.8,0,9.4,27.7,,0,
1993-01-08,,11.7,16.1,,0.0,0,9.0,24.1,,0,
1993-01-09,,5.0,24.4,,14.2,0,19.1,55.4,,350,
1993-01-10,,1.1,5.0,,1.8,0,23.0,42.5,,0,
1993-01-11,,1.7,6.1,,0.3,0,11.5,27.7,,0,
1993-01-12,,6.1,19.4,,0.0,0,15.1,46.4,,225,
1993-01-13,,2.8,10.0,,0.0,0,16.2,42.5,,196,
1993-01-14,,3.9,9.4,,0.0,0,13.7,29.5,,0,
1993-01-15,,7.8,17.2,,0.0,0,9.7,25.9,,242,
1993-01-16,,4.4,15.6,,0.0,0,8.6,18.4,,146,
1993-01-17,,7.2,17.2,,0.0,0,9.0,25.9,,0,
1993-01-18,,7.8,21.1,,0.0,0,14.8,37.1,,9,
1993-01-19,,3.9,7.8,,46.0,0,18.0,44.3,,0,
1993-01-20,,5.0,18.9,,0.3,0,9.0,25.9,,498,
1993-01-21,,3.9,25.0,,0.0,0,10.8,38.9,,631,
1993-01-22,,9.4,23.3,,0.0,0,8.6,24.1,,632,
1993-01-23,,10.0,23.9,,0.0,0,18.0,81.4,,118,
1993-01-24,,3.3,13.9,,0.0,0,24.5,57.2,,634,
1993-01-25,,2.2,11.1,,0.0,0,13.7,29.5,,286,
1993-01-26,,1.1,16.7,,0.0,0,10.4,25.9,,637,
1993-01-27,,1.7,17.2,,0.0,0,9.0,24.1,,473,
1993-01-28,,7.2,15.0,,9.9,0,6.8,20.5,,0,
1993-01-29,,3.9,12.2,,4.6,0,22.3,42.5,,0,
1993-01-30,,3.9,14.4,,0.0,0,16.6,31.3,,407,
1993-01-31,,3.9,16.7,,0.0,0,10.1,24.1,,549,
1993-02-01,,5.6,21.7,,0.0,0,8.3,25.9,,598,
1993-02-02,,11.7,16.7,,0.0,0,6.1,20.5,,0,
1993-02-03,,12.2,15.0,,23.4,0,10.4,24.1,,0,
1993-02-04,,10.6,13.3,,1.3,0,17.6,31.3,,0,
1993-02-05,,7.2,12.8,,9.4,0,17.6,38.9,,24,
1993-02-06,,4.4,15.6,,0.0,0,14.0,35.3,,563,
1993-02-07,,2.8,20.0,,0.0,0,9.0,16.6,,605,
1993-02-08,,3.9,20.0,,0.0,0,7.9,27.7,,644,
1993-02-09,,8.3,18.9,,20.6,0,10.4,33.5,,14,
1993-02-10,,11.7,22.8,,6.9,0,10.4,33.5,,326,
1993-02-11,,10.6,18.9,,0.0,0,17.6,42.5,,661,
1993-02-12,,4.4,18.9,,0.0,0,10.8,35.3,,648,
1993-02-13,,5.6,18.9,,0.0,0,7.9,20.5,,111,
1993-02-14,,10.6,15.6,,0.8,0,15.8,31.3,,0,
1993-02-15,,12.2,28.3,,1.5,0,22.0,61.2,,419,
1993-02-16,,3.3,12.2,,0.0,0,21.2,42.5,,411,
1993-02-17,,1.1,8.9,,0.0,0,22.0,38.9,,508,
1993-02-18,,0.6,7.2,,0.0,0,16.6,38.9,,51,
1993-02-19,,4.4,13.3,,0.0,0,12.2,40.7,,0,
1993-02-20,,11.7,19.4,,0.0,0,16.2,37.1,,28,
1993-02-21,,13.3,26.1,,0.0,0,14.4,38.9,,678,
1993-02-22,,8.3,20.0,,0.0,0,16.6,35.3,,569,
1993-02-23,,7.2,22.8,,0.0,0,10.4,27.7,,489,
1993-02-24,,12.8,21.7,,0.0,0,16.6,42.5,,0,
1993-02-25,,8.9,23.9,,0.5,0,20.2,57.2,,415,
1993-02-26,,2.8,14.4,,0.0,0,19.8,38.9,,663,
1993-02-27,,3.9,11.7,,0.0,0,13.7,29.5,,16,
1993-02-28,,7.8,11.1,,15.5,0,13.0,29.5,,0,
1993-03-01,,10.0,16.7,,1.8,0,9.0,24.1,,0,
1993-03-02,,10.6,22.2,,0.0,0,15.5,38.9,,498,
1993-03-03,,7.8,21.7,,0.0,0,14.4,37.1,,678,
1993-03-04,,6.7,21.1,,0.0,0,16.9,37.1,,698,
1993-03-05,,7.2,18.9,,0.0,0,15.1,35.3,,699,
1993-03-06,,3.9,23.9,,0.0,0,10.8,27.7,,701,
1993-03-07,,8.9,23.9,,0.0,0,13.0,37.1,,703,
1993-03-08,,7.8,28.3,,0.0,0,13.0,33.5,,705,
1993-03-09,,10.6,28.9,,0.0,0,17.3,42.5,,707,
1993-03-10,,11.7,23.3,,0.0,0,16.9,50.0,,518,
1993-03-11,,6.7,16.1,,3.0,0,25.6,44.3,,30,
1993-03-12,,3.3,7.2,,9.1,0,32.8,76.0,,13,
1993-03-13,,0.0,10.6,,0.0,0,21.2,50.0,,714,
1993-03-14,,-2.2,14.4,,0.0,0,15.1,38.9,,527,
1993-03-15,,9.4,16.1,,2.8,0,16.9,38.9,,0,
1993-03-16,,15.0,26.7,,0.3,0,11.5,33.5,,481,
1993-03-17,,8.9,18.9,,0.0,0,19.1,46.4,,253,
1993-03-18,,8.9,21.7,,0.0,0,17.3,44.3,,102,
1993-03-19,,13.3,23.9,,19.6,0,16.6,53.6,,66,
1993-03-20,,13.3,18.3,,0.0,0,16.2,33.5,,83,
1993-03-21,,12.8,21.7,,0.0,0,11.9,25.9,,167,
1993-03-22,,14.4,20.6,,0.5,0,12.6,42.5,,1,
1993-03-23,,10.6,21.7,,0.0,0,14.4,35.3,,472,
1993-03-24,,12.2,24.4,,0.0,0,10.8,33.5,,101,
1993-03-25,,17.8,28.9,,14.5,0,14.4,38.9,,319,
1993-03-26,,11.7,22.8,,0.0,0,15.8,33.5,,738,
1993-03-27,,10.6,25.6,,0.0,0,11.2,31.3,,288,
1993-03-28,,17.2,26.7,,0.5,0,15.1,38.9,,26,
1993-03-29,,18.9,28.3,,0.0,0,16.6,37.1,,232,
1993-03-30,,16.7,28.3,,1.0,0,15.8,40.7,,544,
1993-03-31,,12.8,25.0,,0.0,0,18.7,46.4,,747,
1993-04-01,,11.1,23.3,,0.0,0,16.6,37.1,,749,
1993-04-02,,6.7,21.1,,0.0,0,11.9,29.5,,694,
1993-04-03,,11.1,18.9,,8.6,0,12.6,55.4,,86,
1993-04-04,,10.0,17.8,,0.0,0,22.3,50.0,,504,
1993-04-05,,8.9,17.2,,0.0,0,14.8,44.3,,552,
1993-04-06,,9.4,22.2,,0.0,0,18.4,40.7,,13,
1993-04-07,,13.9,22.2,,17.3,0,10.8,46.4,,222,
1993-04-08,,13.9,22.2,,0.0,0,18.4,44.3,,540,
1993-04-09,,11.1,26.7,,0.0,0,15.1,38.9,,763,
1993-04-10,,8.3,29.4,,0.0,0,18.4,48.2,,765,
1993-04-11,,15.6,29.4,,0.0,0,19.4,40.7,,525,
1993-04-12,,19.4,28.3,,0.0,0,19.1,38.9,,278,
1993-04-13,,19.4,26.1,,0.0,0,16.9,38.9,,1,
1993-04-14,,8.9,25.6,,9.7,0,23.0,59.0,,386,
1993-04-15,,7.8,22.2,,0.0,0,19.1,51.8,,774,
1993-04-16,,8.3,23.3,,0.0,0,10.8,29.5,,559,
1993-04-17,,11.1,25.6,,0.0,0,11.9,44.3,,337,
1993-04-18,,14.4,28.3,,0.0,0,16.9,40.7,,529,
1993-04-19,,18.9,30.0,,0.0,0,22.7,53.6,,591,
1993-04-20,,15.0,23.9,,0.5,0,16.9,51.8,,408,
1993-04-21,,10.6,22.8,,0.0,0,15.1,40.7,,784,
1993-04-22,,8.9,25.0,,0.0,0,10.1,37.1,,786,
1993-04-23,,13.9,28.3,,0.0,0,20.5,48.2,,357,
1993-04-24,,18.9,28.3,,0.0,0,15.8,38.9,,180,
1993-04-25,,18.9,32.2,,0.0,0,15.8,42.5,,392,
1993-04-26,,15.0,27.8,,0.0,0,11.5,29.5,,793,
1993-04-27,,13.3,26.1,,0.0,0,9.4,31.3,,150,
1993-04-28,,18.9,26.1,,0.3,0,13.0,31.3,,0,
1993-04-29,,16.1,22.8,,37.1,0,11.2,46.4,,1,
1993-04-30,,15.6,26.1,,1.3,0,12.6,48.2,,454,
1993-05-01,,18.9,28.3,,0.0,0,11.2,33.5,,280,
1993-05-02,,12.2,23.9,,26.7,0,18.7,77.8,,547,
1993-05-03,,10.6,29.4,,0.0,0,9.7,29.5,,803,
1993-05-04,,17.8,26.7,,0.0,0,18.0,46.4,,30,
1993-05-05,,17.2,22.2,,29.2,0,13.7,44.3,,0,
1993-05-06,,16.1,29.4,,0.0,0,12.6,35.3,,499,
1993-05-07,,21.7,28.3,,0.0,0,19.1,48.2,,129,
1993-05-08,,21.7,27.8,,0.3,0,19.1,46.4,,45,
1993-05-09,,18.3,27.2,,39.1,0,19.8,64.8,,32,
1993-05-10,,13.9,26.7,,0.0,0,15.1,46.4,,765,
1993-05-11,,13.9,30.6,,0.0,0,12.2,38.9,,668,
1993-05-12,,17.2,27.2,,0.0,0,17.3,51.8,,603,
1993-05-13,,15.6,32.2,,0.0,0,16.6,35.3,,747,
1993-05-14,,16.7,30.6,,0.0,0,9.0,20.5,,819,
1993-05-15,,15.0,32.8,,0.0,0,11.9,31.3,,820,
1993-05-16,,18.3,30.6,,0.0,0,14.4,31.3,,785,
1993-05-17,,20.0,30.6,,0.0,0,14.8,37.1,,695,
1993-05-18,,22.2,32.8,,0.5,0,17.6,55.4,,361,
1993-05-19,,16.7,28.9,,0.0,0,14.8,38.9,,809,
1993-05-20,,14.4,28.9,,0.0,0,8.6,24.1,,732,
1993-05-21,,17.8,29.4,,0.0,0,13.7,35.3,,715,
1993-05-22,,18.9,27.8,,0.3,0,14.8,38.9,,33,
1993-05-23,,17.8,21.7,,25.7,0,10.1,44.3,,0,
1993-05-24,,16.1,27.8,,0.0,0,10.8,27.7,,320,
1993-05-25,,19.4,27.8,,0.0,0,18.0,42.5,,528,
1993-05-26,,19.4,28.9,,0.0,0,15.1,31.3,,456,
1993-05-27,,20.0,28.3,,0.0,0,9.4,37.1,,119,
1993-05-28,,20.6,28.3,,0.0,0,11.5,35.3,,312,
1993-05-29,,21.1,30.0,,0.0,0,10.4,25.9,,484,
1993-05-30,,18.9,30.0,,13.0,0,9.7,94.3,,481,
1993-05-31,,18.9,33.3,,0.0,0,13.3,35.3,,763,
1993-06-01,,17.8,30.0,,0.0,0,10.4,22.3,,838,
1993-06-02,,20.6,33.3,,0.0,0,21.2,42.5,,704,
1993-06-03,,21.7,33.3,,0.0,0,20.9,40.7,,653,
1993-06-04,,23.3,33.3,,0.0,0,18.4,37.1,,488,
1993-06-05,,22.8,33.3,,0.0,0,16.6,40.7,,399,
1993-06-06,,26.1,33.3,,0.0,0,22.3,51.8,,503,
1993-06-07,,26.1,31.7,,0.0,0,21.6,48.2,,74,
1993-06-08,,25.6,30.6,,0.0,0,24.1,53.6,,131,
1993-06-09,,25.0,32.8,,0.0,0,22.7,50.0,,380,
1993-06-10,,19.4,27.8,,2.5,0,13.3,63.0,,11,
1993-06-11,,21.1,31.1,,6.1,0,13.0,42.5,,238,
1993-06-12,,21.7,29.4,,3.0,0,11.9,38.9,,159,
1993-06-13,,21.7,31.7,,0.0,0,10.1,31.3,,222,
1993-06-14,,22.2,31.7,,0.5,0,7.2,24.1,,149,
1993-06-15,,22.8,33.3,,0.8,0,10.4,31.3,,332,
1993-06-16,,22.8,33.3,,0.0,0,11.5,35.3,,555,
1993-06-17,,22.2,33.3,,5.1,0,12.6,46.4,,296,
1993-06-18,,22.8,32.2,,4.1,0,13.3,57.2,,266,
1993-06-19,,22.8,29.4,,0.8,0,19.8,42.5,,7,
1993-06-20,,23.3,27.8,,14.7,0,17.3,29.5,,23,
1993-06-21,,24.4,32.8,,3.8,0,12.2,35.3,,262,
1993-06-22,,22.8,31.1,,0.0,0,12.2,38.9,,515,
1993-06-23,,23.9,32.8,,2.8,0,13.7,42.5,,486,
1993-06-24,,23.3,32.8,,0.5,0,14.8,37.1,,359,
1993-06-25,,23.9,33.3,,0.3,0,15.1,38.9,,490,
1993-06-26,,20.6,29.4,,56.4,0,11.2,33.5,,23,
1993-06-27,,23.3,31.7,,0.0,0,11.9,27.7,,353,
1993-06-28,,24.4,33.3,,0.0,0,15.8,33.5,,638,
1993-06-29,,25.6,33.3,,0.0,0,18.4,38.9,,504,
1993-06-30,,25.0,32.8,,0.0,0,18.4,40.7,,560,
1993-07-01,,24.4,32.8,,0.0,0,16.9,37.1,,540,
1993-07-02,,24.4,32.8,,0.0,0,18.4,40.7,,540,
1993-07-03,,23.9,32.8,,0.0,0,19.8,44.3,,694,
1993-07-04,,23.3,32.8,,0.0,0,22.0,48.2,,499,
1993-07-05,,24.4,32.8,,0.0,0,21.6,50.0,,464,
1993-07-06,,25.6,33.9,,0.0,0,20.5,44.3,,562,
1993-07-07,,25.0,33.3,,0.0,0,18.4,44.3,,608,
1993-07-08,,25.0,33.3,,0.0,0,19.4,44.3,,637,
1993-07-09,,23.9,34.4,,0.0,0,16.6,35.3,,535,
1993-07-10,,23.3,32.8,,0.0,0,13.7,27.7,,475,
1993-07-11,,23.9,34.4,,0.0,0,17.3,44.3,,697,
1993-07-12,,25.0,34.4,,0.0,0,16.6,37.1,,666,
1993-07-13,,24.4,34.4,,0.0,0,17.6,37.1,,516,
1993-07-14,,24.4,33.9,,0.0,0,17.3,37.1,,678,
1993-07-15,,22.8,34.4,,0.0,0,14.4,35.3,,634,
1993-07-16,,23.3,35.0,,0.0,0,14.0,35.3,,449,
1993-07-17,,25.0,35.6,,0.0,0,16.6,37.1,,593,
1993-07-18,,24.4,34.4,,0.0,0,14.4,31.3,,675,
1993-07-19,,22.8,35.6,,0.0,0,10.8,29.5,,576,
1993-07-20,,24.4,35.6,,0.0,0,14.0,29.5,,705,
1993-07-21,,23.3,35.6,,0.0,0,15.1,29.5,,702,
1993-07-22,,25.0,35.6,,0.0,0,17.3,33.5,,593,
1993-07-23,,23.9,36.1,,0.0,0,19.4,38.9,,713,
1993-07-24,,24.4,36.7,,0.0,0,20.2,48.2,,793,
1993-07-25,,25.0,36.7,,0.0,0,18.4,42.5,,746,
1993-07-26,,23.3,36.1,,0.0,0,14.4,31.3,,733,
1993-07-27,,25.0,36.7,,0.0,0,14.8,29.5,,741,
1993-07-28,,25.0,37.2,,0.0,0,11.9,27.7,,707,
1993-07-29,,25.6,37.8,,0.0,0,10.1,27.7,,778,
1993-07-30,,24.4,38.3,,0.0,0,11.2,27.7,,804,
1993-07-31,,24.4,37.8,,0.0,0,11.2,25.9,,772,
1993-08-01,,24.4,37.8,,0.0,0,12.2,29.5,,762,
1993-08-02,,23.3,37.8,,0.0,0,10.8,31.3,,725,
1993-08-03,,25.0,36.7,,0.0,0,13.0,35.3,,575,
1993-08-04,,26.1,37.2,,0.0,0,13.3,29.5,,595,
1993-08-05,,23.9,36.7,,0.0,0,16.6,38.9,,808,
1993-08-06,,24.4,37.8,,0.0,0,15.1,33.5,,750,
1993-08-07,,24.4,37.2,,0.0,0,14.0,29.5,,744,
1993-08-08,,24.4,37.2,,0.0,0,14.0,29.5,,712,
1993-08-09,,25.0,37.8,,0.0,0,12.2,29.5,,717,
1993-08-10,,23.9,37.8,,0.0,0,10.4,27.7,,726,
1993-08-11,,23.9,37.8,,0.0,0,11.5,27.7,,794,
1993-08-12,,23.3,37.8,,0.0,0,13.0,27.7,,740,
1993-08-13,,23.9,37.8,,0.0,0,11.9,25.9,,721,
1993-08-14,,24.4,37.8,,0.0,0,13.0,35.3,,750,
1993-08-15,,24.4,37.8,,0.0,0,12.2,31.3,,760,
1993-08-16,,25.0,37.8,,0.0,0,12.6,27.7,,744,
1993-08-17,,23.9,37.8,,0.0,0,11.5,31.3,,726,
1993-08-18,,23.9,38.3,,0.0,0,10.8,27.7,,767,
1993-08-19,,23.3,37.8,,0.0,0,10.4,25.9,,788,
1993-08-20,,23.3,37.8,,0.0,0,9.7,25.9,,787,
1993-08-21,,23.3,36.7,,0.0,0,11.2,25.9,,539,
1993-08-22,,23.3,36.7,,0.0,0,15.5,37.1,,690,
1993-08-23,,25.0,37.8,,0.0,0,15.8,37.1,,513,
1993-08-24,,25.0,37.8,,0.0,0,16.6,38.9,,647,
1993-08-25,,23.9,37.8,,0.0,0,13.7,29.5,,600,
1993-08-26,,23.9,37.2,,0.0,0,10.4,31.3,,575,
1993-08-27,,24.4,37.2,,0.0,0,12.6,37.1,,515,
1993-08-28,,23.9,35.6,,0.0,0,13.3,29.5,,469,
1993-08-29,,23.9,37.2,,0.0,0,14.8,37.1,,505,
1993-08-30,,23.9,36.1,,0.0,0,15.8,37.1,,497,
1993-08-31,,23.3,35.6,,19.1,0,11.5,38.9,,470,
1993-09-01,,22.2,36.7,,0.0,0,10.8,22.3,,673,
1993-09-02,,23.3,37.2,,0.0,0,13.7,33.5,,677,
1993-09-03,,23.9,30.6,,0.0,0,11.9,27.7,,214,
1993-09-04,,21.7,35.6,,0.0,0,10.1,24.1,,759,
1993-09-05,,17.2,36.1,,0.0,0,7.6,24.1,,759,
1993-09-06,,22.8,32.8,,0.0,0,6.5,22.3,,99,
1993-09-07,,21.1,36.7,,0.0,0,9.0,27.7,,726,
1993-09-08,,20.0,38.3,,0.8,0,9.0,35.3,,504,
1993-09-09,,21.7,35.0,,0.0,0,9.4,22.3,,582,
1993-09-10,,22.8,37.2,,0.0,0,7.2,20.5,,477,
1993-09-11,,22.8,36.1,,0.0,0,9.7,50.0,,517,
1993-09-12,,22.8,33.9,,0.3,0,15.8,40.7,,216,
1993-09-13,,26.1,33.3,,5.8,0,22.3,55.4,,409,
1993-09-14,,17.8,28.3,,0.0,0,21.2,57.2,,431,
1993-09-15,,15.0,28.9,,0.0,0,15.5,35.3,,742,
1993-09-16,,15.0,31.7,,0.0,0,10.4,25.9,,718,
1993-09-17,,16.7,33.9,,0.0,0,9.7,29.5,,738,
1993-09-18,,20.0,34.4,,0.0,0,11.2,42.5,,383,
1993-09-19,,23.9,36.7,,0.0,0,13.3,29.5,,395,
1993-09-20,,23.9,37.2,,0.0,0,11.2,31.3,,700,
1993-09-21,,24.4,36.1,,0.0,0,11.5,37.1,,485,
1993-09-22,,25.0,36.7,,0.0,0,12.2,29.5,,415,
1993-09-23,,24.4,36.7,,0.0,0,13.7,38.9,,500,
1993-09-24,,25.0,36.7,,0.0,0,13.0,31.3,,529,
1993-09-25,,25.0,36.1,,0.0,0,14.4,38.9,,583,
1993-09-26,,21.7,28.9,,1.8,0,12.6,38.9,,144,
1993-09-27,,16.7,28.9,,0.0,0,14.8,42.5,,719,
1993-09-28,,13.9,33.3,,0.0,0,9.0,20.5,,718,
1993-09-29,,13.9,33.9,,0.0,0,7.9,25.9,,716,
1993-09-30,,16.1,33.9,,0.0,0,12.2,33.5,,693,
1993-10-01,,18.3,33.9,,0.0,0,13.7,46.4,,629,
1993-10-02,,20.6,34.4,,0.0,0,10.1,31.3,,632,
1993-10-03,,20.0,31.7,,0.0,0,11.5,51.8,,429,
1993-10-04,,17.8,33.9,,0.0,0,8.6,24.1,,602,
1993-10-05,,18.9,33.9,,0.0,0,9.7,25.9,,595,
1993-10-06,,18.9,33.3,,0.0,0,7.9,24.1,,571,
1993-10-07,,18.9,31.7,,0.0,0,10.4,29.5,,232,
1993-10-08,,21.1,34.4,,0.0,0,12.6,40.7,,455,
1993-10-09,,16.1,26.1,,0.0,0,18.0,44.3,,388,
1993-10-10,,11.7,25.6,,0.0,0,13.0,31.3,,497,
1993-10-11,,15.0,25.6,,0.0,0,10.4,22.3,,85,
1993-10-12,,21.7,33.9,,0.0,0,14.8,50.0,,333,
1993-10-13,,18.9,27.8,,3.0,0,13.7,38.9,,115,
1993-10-14,,16.7,24.4,,0.0,0,11.5,24.1,,262,
1993-10-15,,16.7,30.6,,0.0,0,10.1,25.9,,64,
1993-10-16,,23.3,33.3,,0.0,0,15.1,31.3,,296,
1993-10-17,,23.3,35.0,,0.0,0,15.8,33.5,,355,
1993-10-18,,23.9,33.3,,0.0,0,15.5,38.9,,139,
1993-10-19,,22.2,34.4,,0.5,0,18.4,40.7,,222,
1993-10-20,,17.8,22.2,,46.7,0,18.7,40.7,,24,
1993-10-21,,13.3,22.8,,0.0,0,20.2,40.7,,555,
1993-10-22,,9.4,21.7,,0.0,0,18.0,38.9,,674,
1993-10-23,,8.9,22.8,,0.0,0,14.4,29.5,,580,
1993-10-24,,11.1,23.3,,0.0,0,10.8,24.1,,400,
1993-10-25,,9.4,26.7,,0.0,0,9.0,25.9,,670,
1993-10-26,,11.7,26.7,,0.0,0,13.3,44.3,,667,
1993-10-27,,11.1,20.6,,0.0,0,16.9,40.7,,385,
1993-10-28,,9.4,24.4,,0.0,0,14.8,37.1,,322,
1993-10-29,,4.4,21.1,,11.2,0,21.6,68.4,,0,
1993-10-30,,2.2,9.4,,0.0,0,25.9,64.8,,449,
1993-10-31,,-1.1,14.4,,0.0,0,9.0,22.3,,660,
1993-11-01,,1.1,17.8,,0.0,0,13.7,38.9,,190,
1993-11-02,,12.2,21.1,,2.0,0,11.9,25.9,,3,
1993-11-03,,13.3,19.4,,8.6,0,10.8,29.5,,22,
1993-11-04,,13.3,27.2,,0.0,0,15.1,40.7,,454,
1993-11-05,,7.8,20.0,,0.0,0,22.0,51.8,,202,
1993-11-06,,2.8,13.3,,0.0,0,22.0,53.6,,512,
1993-11-07,,-0.6,15.6,,0.0,0,10.1,27.7,,345,
1993-11-08,,8.9,14.4,,0.8,0,9.7,22.3,,0,
1993-11-09,,11.1,15.0,,0.0,0,14.0,22.3,,0,
1993-11-10,,10.6,17.8,,0.0,0,10.1,20.5,,1,
1993-11-11,,7.8,22.2,,0.8,0,10.4,35.3,,19,
1993-11-12,,19.4,27.8,,0.3,0,18.0,42.5,,112,
1993-11-13,,22.2,27.2,,0.0,0,19.8,50.0,,5,
1993-11-14,,12.8,24.4,,5.1,0,13.7,51.8,,27,
1993-11-15,,10.0,19.4,,0.0,0,18.7,50.0,,458,
1993-11-16,,7.8,17.2,,2.0,0,13.7,37.1,,225,
1993-11-17,,5.0,18.9,,0.0,0,9.4,29.5,,634,
1993-11-18,,7.8,21.7,,0.0,0,9.0,24.1,,371,
1993-11-19,,10.0,22.8,,0.0,0,18.4,55.4,,64,
1993-11-20,,3.3,15.0,,0.0,0,16.2,38.9,,631,
1993-11-21,,0.6,17.8,,0.0,0,6.8,18.4,,630,
1993-11-22,,2.2,21.7,,0.0,0,9.4,25.9,,555,
1993-11-23,,8.3,25.0,,0.0,0,13.0,40.7,,292,
1993-11-24,,3.9,18.9,,0.0,0,17.3,40.7,,0,
1993-11-25,,-0.6,4.4,,4.8,0,24.1,46.4,,0,
1993-11-26,,-1.7,8.3,,1.0,0,20.5,44.3,,476,
1993-11-27,,-1.7,16.7,,0.0,0,9.7,22.3,,624,
1993-11-28,,2.2,23.3,,0.0,0,11.2,29.5,,511,
1993-11-29,,1.7,22.8,,0.0,0,7.6,27.7,,622,
1993-11-30,,5.0,23.9,,0.0,0,7.6,29.5,,409,
1993-12-01,,14.4,25.0,,0.0,0,11.5,31.3,,21,
1993-12-02,,17.2,25.0,,1.5,0,9.0,25.9,,20,
1993-12-03,,15.6,24.4,,0.0,0,14.8,50.0,,23,
1993-12-04,,8.3,21.1,,0.0,0,15.5,50.0,,545,
1993-12-05,,4.4,25.0,,0.0,0,10.4,33.5,,274,
1993-12-06,,9.4,18.9,,0.0,0,16.6,38.9,,511,
1993-12-07,,7.8,17.8,,0.0,0,6.1,20.5,,5,
1993-12-08,,15.0,19.4,,1.3,0,5.4,22.3,,0,
1993-12-09,,18.9,24.4,,0.3,0,14.8,44.3,,6,
1993-12-10,,14.4,24.4,,0.3,0,18.4,46.4,,613,
1993-12-11,,10.0,21.7,,0.0,0,13.3,37.1,,361,
1993-12-12,,9.4,20.6,,1.3,0,14.0,51.8,,0,
1993-12-13,,10.0,20.0,,3.3,0,24.5,79.6,,593,
1993-12-14,,7.2,18.9,,0.0,0,16.6,40.7,,612,
1993-12-15,,3.9,16.1,,0.0,0,12.6,24.1,,610,
1993-12-16,,4.4,15.6,,0.5,0,10.4,20.5,,0,
1993-12-17,,12.2,15.0,,4.3,0,13.3,25.9,,0,
1993-12-18,,8.9,12.8,,0.0,0,16.6,37.1,,34,
1993-12-19,,9.4,12.2,,0.0,0,7.9,14.8,,2,
1993-12-20,,6.1,14.4,,0.0,0,17.3,53.6,,69,
1993-12-21,,1.7,10.6,,8.4,0,9.7,24.1,,35,
1993-12-22,,1.7,7.8,,7.9,0,14.4,51.8,,0,
1993-12-23,,0.6,9.4,,0.0,0,13.3,25.9,,237,
1993-12-24,,1.7,11.7,,0.0,0,15.1,37.1,,496,
1993-12-25,,4.4,20.0,,0.0,0,15.1,42.5,,612,
1993-12-26,,0.6,21.1,,0.0,0,12.2,51.8,,612,
1993-12-27,,7.2,22.8,,0.0,0,15.8,55.4,,470,
1993-12-28,,5.6,17.8,,0.0,0,17.3,37.1,,0,
1993-12-29,,3.3,9.4,,0.0,0,19.4,42.5,,1,
1993-12-30,,4.4,13.9,,0.0,0,9.4,33.5,,420,
1993-12-31,,0.6,13.9,,0.0,0,9.7,29.5,,203,
1994-01-01,,7.8,22.2,,0.0,0,12.6,42.5,,614,
1994-01-02,,2.2,26.1,,0.0,0,18.0,68.4,,555,
1994-01-03,,6.7,17.2,,0.0,0,15.1,38.9,,615,
1994-01-04,,3.9,18.3,,0.0,0,15.1,55.4,,616,
1994-01-05,,1.7,22.2,,0.0,0,17.6,57.2,,616,
1994-01-06,,10.0,22.8,,0.0,0,15.1,50.0,,391,
1994-01-07,,1.1,11.1,,0.0,0,23.4,55.4,,436,
1994-01-08,,-3.9,15.6,,0.0,0,11.5,33.5,,566,
1994-01-09,,0.6,17.8,,0.0,0,15.8,57.2,,289,
1994-01-10,,10.6,21.7,,0.8,0,13.0,35.3,,89,
1994-01-11,,11.1,22.8,,0.3,0,12.6,37.1,,396,
1994-01-12,,10.0,13.9,,0.0,0,12.6,31.3,,0,
1994-01-13,,9.4,18.9,,4.3,0,14.0,33.5,,518,
1994-01-14,,6.7,22.8,,0.0,0,13.0,29.5,,621,
1994-01-15,,6.1,15.6,,0.0,0,14.4,37.1,,250,
1994-01-16,,10.0,20.0,,0.0,0,14.4,38.9,,16,
1994-01-17,,3.3,16.7,,0.0,0,22.0,55.4,,525,
1994-01-18,,-1.7,5.6,,0.0,0,16.6,37.1,,571,
1994-01-19,,-3.9,13.9,,0.0,0,12.2,35.3,,333,
1994-01-20,,7.2,10.6,,11.2,0,14.4,33.5,,0,
1994-01-21,,5.6,10.0,,1.0,0,17.6,33.5,,33,
1994-01-22,,5.6,10.0,,4.1,0,11.2,25.9,,0,
1994-01-23,,8.9,12.8,,2.5,0,6.5,14.8,,0,
1994-01-24,,12.8,19.4,,7.6,0,9.7,27.7,,0,
1994-01-25,,18.3,21.7,,0.0,0,15.5,33.5,,0,
1994-01-26,,19.4,23.3,,0.0,0,15.1,35.3,,1,
1994-01-27,,7.2,20.0,,3.3,0,16.6,48.2,,287,
1994-01-28,,3.9,7.8,,1.3,0,18.7,44.3,,0,
1994-01-29,,3.3,10.6,,0.0,0,13.7,31.3,,67,
1994-01-30,,2.2,12.8,,0.0,0,11.2,27.7,,506,
1994-01-31,,0.6,5.6,,0.0,0,20.2,48.2,,0,
1994-02-01,,-0.6,7.8,,0.0,0,12.2,27.7,,343,
1994-02-02,,-3.3,13.3,,0.0,0,10.8,27.7,,647,
1994-02-03,,2.2,12.2,,0.0,0,11.2,33.5,,0,
1994-02-04,,8.9,24.4,,0.0,0,12.2,38.9,,311,
1994-02-05,,11.7,25.6,,0.0,0,12.2,31.3,,620,
1994-02-06,,8.3,25.6,,0.0,0,9.7,24.1,,521,
1994-02-07,,12.8,23.9,,0.0,0,12.2,42.5,,113,
1994-02-08,,19.4,28.9,,0.0,0,20.9,55.4,,363,
1994-02-09,,-3.3,20.6,,2.3,0,25.9,64.8,,0,
1994-02-10,,-3.3,1.7,,14.7,0,16.9,51.8,,79,
1994-02-11,,-2.2,15.6,,0.0,0,10.8,31.3,,660,
1994-02-12,,7.8,21.7,,0.0,0,16.6,46.4,,154,
1994-02-13,,4.4,14.4,,0.0,0,24.5,55.4,,629,
1994-02-14,,0.0,17.2,,0.0,0,10.8,29.5,,666,
1994-02-15,,8.3,18.9,,0.0,0,9.4,18.4,,176,
1994-02-16,,10.6,21.7,,0.0,0,6.1,16.6,,469,
1994-02-17,,5.6,22.2,,0.0,0,11.2,29.5,,604,
1994-02-18,,10.0,22.2,,0.0,0,17.6,51.8,,37,
1994-02-19,,16.1,22.2,,0.3,0,18.7,48.2,,7,
1994-02-20,,15.6,26.7,,1.0,0,11.2,35.3,,155,
1994-02-21,,15.0,22.8,,10.4,0,12.6,29.5,,29,
1994-02-22,,12.2,26.7,,22.1,0,13.3,48.2,,428,
1994-02-23,,6.1,14.4,,0.0,0,22.3,53.6,,601,
1994-02-24,,1.7,17.8,,0.0,0,13.7,42.5,,680,
1994-02-25,,5.6,25.6,,0.0,0,17.3,53.6,,552,
1994-02-26,,2.8,8.3,,0.0,0,22.3,46.4,,75,
1994-02-27,,6.1,17.2,,0.0,0,11.5,24.1,,233,
1994-02-28,,10.6,17.2,,3.3,0,12.6,31.3,,0,
1994-03-01,,7.2,16.7,,5.1,0,20.5,55.4,,219,
1994-03-02,,6.1,23.3,,0.0,0,20.2,53.6,,626,
1994-03-03,,6.7,20.6,,0.0,0,8.6,20.5,,571,
1994-03-04,,9.4,26.7,,0.0,0,14.8,37.1,,621,
1994-03-05,,14.4,31.7,,0.0,0,11.2,31.3,,504,
1994-03-06,,16.1,28.9,,0.0,0,14.8,31.3,,345,
1994-03-07,,18.9,28.9,,0.0,0,20.2,48.2,,524,
1994-03-08,,7.2,23.9,,9.4,0,19.4,57.2,,21,
1994-03-09,,3.3,9.4,,3.3,0,28.8,63.0,,264,
1994-03-10,,1.7,17.2,,0.0,0,8.6,24.1,,688,
1994-03-11,,3.9,18.9,,0.0,0,14.4,44.3,,611,
1994-03-12,,10.0,15.0,,5.3,0,15.5,31.3,,0,
1994-03-13,,12.2,19.4,,0.3,0,11.9,25.9,,97,
1994-03-14,,9.4,23.3,,0.0,0,11.2,22.3,,360,
1994-03-15,,15.6,18.9,,16.3,0,9.7,24.1,,1,
1994-03-16,,15.0,23.9,,0.0,0,10.1,37.1,,509,
1994-03-17,,13.3,25.6,,0.0,0,14.8,40.7,,687,
1994-03-18,,16.7,30.0,,0.0,0,11.9,37.1,,699,
1994-03-19,,15.0,27.8,,0.0,0,11.9,33.5,,409,
1994-03-20,,18.3,28.3,,0.0,0,13.7,37.1,,357,
1994-03-21,,14.4,25.0,,0.0,0,13.0,38.9,,353,
1994-03-22,,11.7,27.2,,0.0,0,10.4,25.9,,584,
1994-03-23,,19.4,25.0,,0.0,0,9.7,25.9,,1,
1994-03-24,,16.1,25.6,,1.8,0,11.9,53.6,,131,
1994-03-25,,10.0,23.9,,0.0,0,16.2,35.3,,385,
1994-03-26,,17.8,27.2,,0.0,0,17.6,37.1,,67,
1994-03-27,,9.4,22.2,,1.8,0,23.4,50.0,,44,
1994-03-28,,6.7,17.8,,0.0,0,16.6,46.4,,742,
1994-03-29,,4.4,22.2,,0.0,0,12.6,37.1,,665,
1994-03-30,,8.9,20.0,,0.0,0,15.8,40.7,,745,
1994-03-31,,5.6,22.2,,0.0,0,6.8,24.1,,706,
1994-04-01,,6.7,23.9,,0.0,0,11.5,37.1,,498,
1994-04-02,,10.6,24.4,,0.0,0,16.2,44.3,,71,
1994-04-03,,11.1,23.3,,0.0,0,16.6,46.4,,751,
1994-04-04,,8.9,25.6,,0.0,0,14.0,46.4,,300,
1994-04-05,,10.0,28.3,,5.6,0,20.2,61.2,,143,
1994-04-06,,4.4,18.9,,0.0,0,20.9,53.6,,727,
1994-04-07,,5.0,22.2,,0.0,0,14.4,35.3,,759,
1994-04-08,,11.1,26.7,,0.0,0,18.4,50.0,,590,
1994-04-09,,19.4,27.2,,0.0,0,23.0,55.4,,59,
1994-04-10,,21.1,29.4,,0.0,0,22.7,51.8,,250,
1994-04-11,,17.8,26.7,,1.0,0,16.6,44.3,,26,
1994-04-12,,11.1,22.2,,0.0,0,11.9,31.3,,206,
1994-04-13,,10.0,28.9,,0.0,0,13.3,31.3,,624,
1994-04-14,,19.4,28.9,,0.0,0,19.1,44.3,,106,
1994-04-15,,18.3,28.3,,1.5,0,14.4,46.4,,20,
1994-04-16,,12.8,26.1,,0.0,0,19.8,44.3,,730,
1994-04-17,,10.6,26.7,,0.0,0,9.0,35.3,,729,
1994-04-18,,11.7,28.3,,0.0,0,9.7,31.3,,697,
1994-04-19,,17.8,27.2,,0.8,0,9.0,37.1,,89,
1994-04-20,,17.8,25.0,,0.0,0,7.9,20.5,,0,
1994-04-21,,17.8,30.6,,0.0,0,10.1,31.3,,700,
1994-04-22,,17.2,29.4,,0.0,0,9.0,40.7,,329,
1994-04-23,,16.1,30.0,,0.0,0,10.1,27.7,,580,
1994-04-24,,17.2,29.4,,0.0,0,14.8,42.5,,278,
1994-04-25,,21.7,28.9,,0.0,0,18.4,38.9,,135,
1994-04-26,,22.8,33.3,,0.0,0,18.4,38.9,,556,
1994-04-27,,23.9,31.1,,0.0,0,22.0,50.0,,125,
1994-04-28,,13.3,25.6,,6.4,0,18.4,48.2,,113,
1994-04-29,,18.9,29.4,,27.2,0,15.8,44.3,,266,
1994-04-30,,10.6,22.8,,0.3,0,23.8,53.6,,75,
1994-05-01,,10.0,15.6,,0.8,0,14.0,37.1,,17,
1994-05-02,,12.8,20.6,,8.4,0,11.2,38.9,,0,
1994-05-03,,12.2,21.7,,0.0,0,16.6,37.1,,46,
1994-05-04,,15.0,25.6,,0.5,0,9.7,20.5,,17,
1994-05-05,,19.4,27.8,,0.0,0,10.8,22.3,,255,
1994-05-06,,18.9,28.3,,0.3,0,14.8,29.5,,81,
1994-05-07,,22.8,29.4,,0.0,0,12.2,31.3,,141,
1994-05-08,,19.4,29.4,,0.0,0,11.9,31.3,,323,
1994-05-09,,22.8,30.6,,0.3,0,11.5,29.5,,162,
1994-05-10,,22.2,30.0,,0.0,0,13.3,33.5,,143,
1994-05-11,,21.7,28.9,,0.0,0,15.1,37.1,,161,
1994-05-12,,22.2,31.1,,0.0,0,14.4,35.3,,328,
1994-05-13,,15.0,25.6,,36.3,0,14.8,76.0,,39,
1994-05-14,,17.2,28.9,,8.1,0,14.4,37.1,,195,
1994-05-15,,18.9,31.1,,2.8,0,13.7,29.5,,270,
1994-05-16,,20.0,26.7,,14.0,0,11.2,25.9,,66,
1994-05-17,,20.6,30.6,,1.0,0,9.0,29.5,,238,
1994-05-18,,20.6,30.6,,0.0,0,13.0,29.5,,467,
1994-05-19,,17.2,29.4,,0.0,0,13.7,27.7,,822,
1994-05-20,,16.1,28.3,,0.0,0,10.8,24.1,,826,
1994-05-21,,15.0,28.3,,0.0,0,9.4,27.7,,755,
1994-05-22,,16.7,28.9,,0.0,0,9.4,31.3,,649,
1994-05-23,,17.2,29.4,,0.0,0,11.5,27.7,,693,
1994-05-24,,17.2,31.1,,0.0,0,13.0,31.3,,586,
1994-05-25,,20.0,30.6,,0.0,0,16.2,37.1,,465,
1994-05-26,,21.7,30.6,,0.0,0,13.3,37.1,,191,
1994-05-27,,20.0,31.1,,0.0,0,11.2,46.4,,482,
1994-05-28,,21.7,33.9,,0.0,0,9.7,25.9,,649,
1994-05-29,,18.9,33.3,,21.1,0,16.9,96.1,,345,
1994-05-30,,18.9,33.9,,0.0,0,13.0,29.5,,786,
1994-05-31,,22.2,34.4,,0.0,0,9.7,33.5,,638,
1994-06-01,,21.7,31.7,,0.0,0,12.2,35.3,,438,
1994-06-02,,20.6,32.2,,0.0,0,10.4,27.7,,498,
1994-06-03,,22.8,30.0,,0.0,0,10.4,33.5,,174,
1994-06-04,,22.2,32.2,,0.0,0,7.6,24.1,,426,
1994-06-05,,23.3,33.9,,0.0,0,10.8,27.7,,582,
1994-06-06,,22.8,35.0,,0.0,0,11.5,25.9,,717,
1994-06-07,,23.9,35.0,,0.0,0,16.9,35.3,,753,
1994-06-08,,23.9,36.7,,0.0,0,16.2,35.3,,661,
1994-06-09,,24.4,35.6,,0.0,0,17.6,37.1,,537,
1994-06-10,,22.8,36.1,,0.0,0,10.1,53.6,,442,
1994-06-11,,22.2,34.4,,0.0,0,10.4,64.8,,339,
1994-06-12,,21.1,35.0,,0.0,0,14.4,40.7,,632,
1994-06-13,,22.2,33.9,,1.8,0,12.2,40.7,,188,
1994-06-14,,21.7,29.4,,5.3,0,15.1,61.2,,37,
1994-06-15,,21.7,33.3,,1.8,0,17.6,53.6,,308,
1994-06-16,,25.0,33.9,,0.0,0,16.6,38.9,,510,
1994-06-17,,23.9,35.0,,0.0,0,12.2,29.5,,566,
1994-06-18,,23.3,36.1,,0.0,0,10.4,55.4,,556,
1994-06-19,,22.2,34.4,,8.1,0,9.7,31.3,,394,
1994-06-20,,22.2,34.4,,0.3,0,9.0,48.2,,568,
1994-06-21,,21.1,33.9,,0.0,0,6.5,37.1,,486,
1994-06-22,,22.2,34.4,,0.0,0,10.8,27.7,,662,
1994-06-23,,22.8,36.7,,1.5,0,14.0,38.9,,435,
1994-06-24,,23.9,38.3,,0.0,0,11.2,31.3,,824,
1994-06-25,,25.0,37.8,,0.0,0,15.1,33.5,,830,
1994-06-26,,25.6,36.7,,0.0,0,19.8,44.3,,738,
1994-06-27,,24.4,37.8,,0.0,0,19.4,48.2,,737,
1994-06-28,,24.4,38.9,,0.0,0,19.8,42.5,,803,
1994-06-29,,24.4,37.8,,0.0,0,15.5,48.2,,299,
1994-06-30,,23.3,35.6,,0.0,0,15.1,37.1,,551,
1994-07-01,,23.9,36.1,,0.0,0,16.2,40.7,,702,
1994-07-02,,24.4,35.6,,0.0,0,15.1,37.1,,509,
1994-07-03,,25.0,36.7,,0.0,0,16.2,33.5,,690,
1994-07-04,,23.3,36.7,,0.0,0,15.8,40.7,,591,
1994-07-05,,25.0,36.7,,0.0,0,17.6,42.5,,482,
1994-07-06,,25.6,36.7,,0.0,0,20.5,44.3,,640,
1994-07-07,,25.6,37.8,,0.0,0,20.2,46.4,,690,
1994-07-08,,26.1,38.3,,0.0,0,15.5,35.3,,640,
1994-07-09,,23.9,37.8,,6.6,0,11.5,68.4,,501,
1994-07-10,,22.2,35.0,,0.0,0,9.7,31.3,,522,
1994-07-11,,23.9,37.8,,0.0,0,15.1,38.9,,812,
1994-07-12,,23.9,37.8,,0.0,0,18.0,38.9,,702,
1994-07-13,,24.4,37.8,,0.0,0,18.7,46.4,,559,
1994-07-14,,25.6,36.1,,0.0,0,15.5,44.3,,401,
1994-07-15,,25.6,37.8,,0.0,0,16.6,37.1,,712,
1994-07-16,,24.4,37.8,,0.0,0,14.0,35.3,,680,
1994-07-17,,25.0,37.8,,0.0,0,14.8,33.5,,753,
1994-07-18,,23.9,37.8,,0.0,0,14.0,31.3,,792,
1994-07-19,,23.3,37.2,,0.0,0,16.2,37.1,,766,
1994-07-20,,24.4,37.2,,0.0,0,18.4,37.1,,699,
1994-07-21,,24.4,37.8,,0.0,0,15.1,35.3,,790,
1994-07-22,,24.4,38.9,,0.0,0,14.0,37.1,,750,
1994-07-23,,25.6,39.4,,0.0,0,14.0,31.3,,779,
1994-07-24,,22.8,39.4,,0.0,0,12.6,35.3,,813,
1994-07-25,,23.3,40.0,,0.0,0,14.0,35.3,,493,
1994-07-26,,23.9,39.4,,0.0,0,13.0,35.3,,719,
1994-07-27,,24.4,36.1,,0.0,0,18.0,48.2,,732,
1994-07-28,,20.6,36.1,,0.0,0,11.5,38.9,,719,
1994-07-29,,20.0,36.1,,0.0,0,10.8,31.3,,580,
1994-07-30,,21.7,33.3,,0.0,0,12.2,33.5,,164,
1994-07-31,,22.8,36.1,,0.0,0,12.6,44.3,,504,
1994-08-01,,20.6,36.1,,0.0,0,8.6,37.1,,515,
1994-08-02,,21.7,35.6,,0.0,0,10.1,31.3,,550,
1994-08-03,,22.2,36.1,,0.0,0,10.8,29.5,,572,
1994-08-04,,22.8,36.1,,0.0,0,14.4,46.4,,553,
1994-08-05,,22.8,37.2,,0.0,0,10.4,50.0,,268,
1994-08-06,,20.6,36.7,,0.0,0,13.0,33.5,,664,
1994-08-07,,24.4,37.2,,0.0,0,18.4,35.3,,625,
1994-08-08,,25.0,36.1,,8.4,0,14.0,48.2,,328,
1994-08-09,,21.7,30.6,,144.3,0,10.8,44.3,,164,
1994-08-10,,21.7,33.9,,0.0,0,7.6,42.5,,121,
1994-08-11,,21.7,35.0,,0.0,0,7.6,24.1,,476,
1994-08-12,,22.8,34.4,,0.0,0,9.0,27.7,,497,
1994-08-13,,22.8,35.0,,0.0,0,9.4,25.9,,703,
1994-08-14,,23.9,36.1,,0.0,0,7.6,42.5,,569,
1994-08-15,,22.2,36.7,,46.2,0,10.8,72.0,,301,
1994-08-16,,22.2,34.4,,0.0,0,9.0,35.3,,352,
1994-08-17,,22.2,36.7,,0.0,0,10.8,27.7,,677,
1994-08-18,,25.0,36.1,,0.0,0,14.0,35.3,,714,
1994-08-19,,25.0,35.0,,0.0,0,16.6,37.1,,682,
1994-08-20,,25.6,36.1,,0.0,0,16.9,38.9,,645,
1994-08-21,,22.2,27.8,,1.8,0,9.7,33.5,,41,
1994-08-22,,22.2,31.1,,3.0,0,7.6,29.5,,196,
1994-08-23,,25.0,33.3,,0.0,0,11.2,44.3,,457,
1994-08-24,,23.9,33.9,,0.0,0,11.9,46.4,,466,
1994-08-25,,22.8,33.9,,0.0,0,8.3,24.1,,490,
1994-08-26,,22.8,34.4,,0.0,0,9.4,33.5,,714,
1994-08-27,,23.3,33.9,,0.0,0,9.7,33.5,,580,
1994-08-28,,22.2,33.9,,0.0,0,9.7,27.7,,560,
1994-08-29,,23.3,35.0,,0.0,0,12.2,33.5,,700,
1994-08-30,,23.9,32.8,,0.0,0,12.2,37.1,,379,
1994-08-31,,21.7,30.6,,12.2,0,10.8,48.2,,160,
1994-09-01,,22.8,32.2,,16.8,0,10.4,50.0,,267,
1994-09-02,,22.8,31.7,,1.5,0,9.7,35.3,,298,
1994-09-03,,22.2,32.8,,0.0,0,9.4,25.9,,531,
1994-09-04,,21.1,33.9,,0.0,0,13.0,37.1,,709,
1994-09-05,,21.7,33.9,,0.0,0,13.3,29.5,,725,
1994-09-06,,23.3,35.6,,0.0,0,9.0,22.3,,757,
1994-09-07,,23.9,33.9,,0.3,0,10.1,35.3,,298,
1994-09-08,,20.0,28.3,,80.5,0,9.4,72.0,,44,
1994-09-09,,21.1,27.8,,11.4,0,9.4,27.7,,40,
1994-09-10,,21.1,31.1,,0.0,0,11.2,44.3,,387,
1994-09-11,,21.1,30.0,,0.0,0,10.4,33.5,,173,
1994-09-12,,21.7,31.1,,15.0,0,9.0,35.3,,263,
1994-09-13,,22.2,31.7,,0.0,0,8.6,29.5,,250,
1994-09-14,,22.2,31.1,,19.1,0,8.6,40.7,,165,
1994-09-15,,22.8,31.1,,0.0,0,6.1,35.3,,326,
1994-09-16,,22.8,32.2,,0.0,0,12.2,37.1,,345,
1994-09-17,,22.2,31.7,,0.0,0,18.0,44.3,,636,
1994-09-18,,17.8,31.7,,0.0,0,14.4,35.3,,722,
1994-09-19,,17.2,31.1,,0.0,0,7.9,24.1,,735,
1994-09-20,,18.3,31.1,,0.0,0,5.8,24.1,,730,
1994-09-21,,15.6,30.6,,0.0,0,6.8,20.5,,717,
1994-09-22,,13.3,25.0,,0.0,0,18.7,51.8,,49,
1994-09-23,,11.7,28.3,,0.0,0,15.1,33.5,,727,
1994-09-24,,15.0,26.7,,0.0,0,14.8,37.1,,725,
1994-09-25,,13.3,30.0,,0.0,0,11.5,37.1,,723,
1994-09-26,,15.6,33.3,,0.0,0,8.6,18.4,,722,
1994-09-27,,16.1,33.3,,0.0,0,9.7,29.5,,406,
1994-09-28,,18.3,33.3,,0.0,0,8.6,22.3,,718,
1994-09-29,,15.6,32.8,,0.0,0,7.9,33.5,,715,
1994-09-30,,17.8,29.4,,0.0,0,5.8,29.5,,128,
1994-10-01,,20.6,33.3,,0.0,0,5.4,18.4,,644,
1994-10-02,,18.9,33.9,,0.0,0,5.8,18.4,,703,
1994-10-03,,20.6,34.4,,0.0,0,9.7,27.7,,683,
1994-10-04,,22.2,32.2,,0.0,0,7.6,25.9,,339,
1994-10-05,,18.3,31.7,,0.0,0,11.2,31.3,,705,
1994-10-06,,18.9,32.2,,0.0,0,16.6,40.7,,414,
1994-10-07,,17.8,30.0,,81.5,0,16.2,44.3,,0,
1994-10-08,,16.7,23.3,,21.8,0,18.4,48.2,,284,
1994-10-09,,13.9,23.3,,0.0,0,20.2,50.0,,340,
1994-10-10,,12.2,23.9,,0.0,0,15.1,38.9,,697,
1994-10-11,,11.1,24.4,,0.0,0,12.6,31.3,,695,
1994-10-12,,11.1,26.7,,0.0,0,10.8,25.9,,687,
1994-10-13,,12.2,24.4,,0.0,0,10.8,33.5,,458,
1994-10-14,,15.0,20.6,,7.6,0,12.2,29.5,,0,
1994-10-15,,15.0,22.8,,11.2,0,9.4,25.9,,0,
1994-10-16,,22.2,28.3,,11.2,0,10.4,38.9,,10,
1994-10-17,,21.7,28.9,,1.3,0,14.0,31.3,,77,
1994-10-18,,19.4,23.3,,22.6,0,11.5,44.3,,0,
1994-10-19,,20.0,28.9,,0.0,0,7.6,24.1,,235,
1994-10-20,,22.8,31.1,,0.0,0,12.2,29.5,,379,
1994-10-21,,22.8,30.6,,0.0,0,13.7,37.1,,330,
1994-10-22,,22.2,32.2,,0.0,0,7.6,18.4,,441,
1994-10-23,,20.6,29.4,,0.0,0,9.4,22.3,,167,
1994-10-24,,19.4,29.4,,0.3,0,10.1,25.9,,317,
1994-10-25,,12.8,22.2,,35.6,0,20.2,48.2,,5,
1994-10-26,,11.7,18.9,,0.0,0,16.6,37.1,,468,
1994-10-27,,10.6,13.3,,6.4,0,5.8,18.4,,1,
1994-10-28,,12.8,22.8,,0.0,0,5.0,20.5,,349,
1994-10-29,,11.7,25.6,,0.0,0,5.4,20.5,,623,
1994-10-30,,12.8,25.6,,0.0,0,4.7,20.5,,352,
1994-10-31,,12.8,26.7,,0.0,0,11.9,50.0,,207,
1994-11-01,,7.8,21.7,,0.0,0,11.9,31.3,,659,
1994-11-02,,12.2,28.3,,0.0,0,15.1,46.4,,3,
1994-11-03,,23.3,29.4,,0.0,0,20.5,46.4,,68,
1994-11-04,,23.3,28.9,,3.8,0,21.6,77.8,,11,
1994-11-05,,12.2,25.0,,30.5,0,12.6,66.6,,652,
1994-11-06,,11.7,23.3,,0.0,0,10.1,24.1,,651,
1994-11-07,,10.6,25.6,,0.0,0,9.0,22.3,,584,
1994-11-08,,20.6,28.3,,0.0,0,16.6,40.7,,130,
1994-11-09,,10.6,26.1,,1.0,0,18.7,46.4,,95,
1994-11-10,,7.8,15.0,,0.0,0,18.0,38.9,,294,
1994-11-11,,8.3,18.3,,0.0,0,10.8,29.5,,429,
1994-11-12,,9.4,20.0,,0.0,0,14.0,31.3,,0,
1994-11-13,,18.3,26.7,,0.0,0,16.2,44.3,,38,
1994-11-14,,16.1,26.7,,0.0,0,11.9,29.5,,47,
1994-11-15,,12.8,16.1,,8.9,0,18.4,38.9,,0,
1994-11-16,,11.1,18.9,,0.0,0,14.4,40.7,,183,
1994-11-17,,14.4,22.2,,0.0,0,10.8,29.5,,1,
1994-11-18,,15.6,21.1,,0.8,0,12.2,25.9,,145,
1994-11-19,,20.6,26.1,,0.0,0,18.4,42.5,,13,
1994-11-20,,12.8,25.0,,1.0,0,15.1,51.8,,197,
1994-11-21,,7.2,24.4,,0.0,0,9.0,24.1,,595,
1994-11-22,,10.0,22.8,,0.0,0,11.9,35.3,,221,
1994-11-23,,8.9,17.2,,0.5,0,22.7,48.2,,0,
1994-11-24,,8.3,11.7,,0.0,0,8.6,20.5,,0,
1994-11-25,,10.6,23.9,,0.0,0,8.6,33.5,,434,
1994-11-26,,13.3,27.8,,0.0,0,17.6,48.2,,389,
1994-11-27,,15.6,27.2,,0.0,0,19.1,44.3,,454,
1994-11-28,,9.4,19.4,,0.0,0,9.0,25.9,,371,
1994-11-29,,8.9,21.7,,0.0,0,16.6,35.3,,509,
1994-11-30,,6.1,17.2,,0.0,0,10.8,29.5,,555,
1994-12-01,,1.7,18.3,,0.0,0,7.6,24.1,,517,
1994-12-02,,10.0,16.7,,9.4,0,6.1,25.9,,2,
1994-12-03,,15.0,22.8,,0.0,0,6.5,20.5,,113,
1994-12-04,,14.4,24.4,,0.0,0,7.6,22.3,,381,
1994-12-05,,13.3,25.0,,0.0,0,9.4,29.5,,365,
1994-12-06,,18.3,25.0,,0.0,0,15.5,46.4,,12,
1994-12-07,,14.4,26.7,,0.3,0,9.7,38.9,,41,
1994-12-08,,12.8,27.2,,1.8,0,10.4,33.5,,96,
1994-12-09,,4.4,15.0,,5.8,0,23.0,46.4,,0,
1994-12-10,,4.4,14.4,,0.0,0,22.7,55.4,,475,
1994-12-11,,2.8,9.4,,0.0,0,13.0,29.5,,97,
1994-12-12,,0.6,17.8,,0.0,0,5.8,18.4,,461,
1994-12-13,,7.8,11.7,,2.5,0,12.2,27.7,,0,
1994-12-14,,10.6,17.8,,17.3,0,8.3,29.5,,0,
1994-12-15,,12.8,17.2,,53.6,0,11.2,27.7,,0,
1994-12-16,,8.9,22.8,,3.8,0,13.7,29.5,,403,
1994-12-17,,6.7,15.6,,0.0,0,10.8,24.1,,293,
1994-12-18,,6.7,18.9,,0.0,0,9.7,24.1,,492,
1994-12-19,,4.4,20.0,,0.0,0,7.6,31.3,,612,
1994-12-20,,10.6,22.2,,0.0,0,8.6,31.3,,258,
1994-12-21,,6.1,22.2,,0.0,0,12.2,22.3,,612,
1994-12-22,,6.7,16.1,,0.0,0,15.8,38.9,,558,
1994-12-23,,5.6,16.1,,0.0,0,12.2,27.7,,324,
1994-12-24,,5.0,13.9,,0.0,0,13.7,35.3,,413,
1994-12-25,,1.7,16.7,,0.0,0,9.4,18.4,,572,
1994-12-26,,1.7,17.2,,0.0,0,7.2,20.5,,612,
1994-12-27,,8.3,15.0,,11.4,0,11.2,44.3,,16,
1994-12-28,,7.8,10.0,,37.1,0,17.6,40.7,,0,
1994-12-29,,6.1,16.7,,0.0,0,15.5,38.9,,555,
1994-12-30,,10.0,13.3,,0.0,0,9.7,22.3,,0,
1994-12-31,,9.4,20.0,,1.0,0,8.6,25.9,,328,
1995-01-01,,2.2,10.6,,0.0,0,20.9,42.5,,266,
1995-01-02,,0.6,7.2,,0.5,0,13.0,29.5,,318,
1995-01-03,,3.3,8.9,,0.0,0,15.5,38.9,,0,
1995-01-04,,-0.6,7.2,,0.0,0,21.2,38.9,,473,
1995-01-05,,-1.1,5.0,,0.5,0,12.2,27.7,,3,
1995-01-06,,3.9,21.7,,1.5,0,15.8,63.0,,463,
1995-01-07,,3.9,14.4,,0.0,0,9.4,24.1,,604,
1995-01-08,,3.3,24.4,,0.0,0,10.4,38.9,,619,
1995-01-09,,6.7,22.8,,0.0,0,9.0,31.3,,614,
1995-01-10,,15.6,23.9,,0.0,0,16.6,42.5,,238,
1995-01-11,,18.9,25.0,,0.0,0,16.9,40.7,,302,
1995-01-12,,12.8,24.4,,12.2,0,14.4,40.7,,0,
1995-01-13,,10.0,19.4,,0.0,0,18.4,51.8,,623,
1995-01-14,,7.2,19.4,,0.0,0,17.3,48.2,,624,
1995-01-15,,3.9,19.4,,0.0,0,9.0,29.5,,625,
1995-01-16,,7.2,25.0,,0.0,0,16.6,55.4,,224,
1995-01-17,,13.9,18.3,,2.0,0,13.3,31.3,,0,
1995-01-18,,7.2,13.9,,0.0,0,18.7,51.8,,246,
1995-01-19,,4.4,18.3,,0.0,0,12.2,38.9,,548,
1995-01-20,,6.1,18.9,,0.0,0,6.8,22.3,,487,
1995-01-21,,5.6,20.0,,0.0,0,8.6,25.9,,505,
1995-01-22,,6.1,22.8,,0.0,0,15.8,59.0,,282,
1995-01-23,,1.7,14.4,,0.0,0,12.2,55.4,,630,
1995-01-24,,0.6,13.3,,0.0,0,9.0,25.9,,427,
1995-01-25,,8.9,14.4,,1.5,0,7.2,18.4,,0,
1995-01-26,,13.9,21.7,,2.3,0,10.8,37.1,,52,
1995-01-27,,12.8,25.0,,0.0,0,14.4,40.7,,574,
1995-01-28,,10.0,20.0,,0.0,0,16.6,46.4,,638,
1995-01-29,,5.6,11.1,,0.0,0,20.9,44.3,,217,
1995-01-30,,3.3,13.9,,0.0,0,12.2,37.1,,614,
1995-01-31,,0.0,20.6,,0.0,0,10.4,33.5,,640,
1995-02-01,,3.3,24.4,,0.0,0,9.4,29.5,,643,
1995-02-02,,6.7,27.2,,0.0,0,11.5,29.5,,643,
1995-02-03,,10.0,21.1,,0.0,0,23.8,59.0,,648,
1995-02-04,,7.2,21.1,,0.0,0,14.0,35.3,,649,
1995-02-05,,3.9,19.4,,0.0,0,16.2,44.3,,651,
1995-02-06,,5.0,20.6,,0.0,0,11.2,31.3,,653,
1995-02-07,,6.1,15.0,,0.0,0,15.5,63.0,,12,
1995-02-08,,2.2,12.8,,0.0,0,13.0,27.7,,444,
1995-02-09,,8.9,15.6,,0.0,0,13.3,31.3,,55,
1995-02-10,,9.4,26.7,,0.0,0,8.3,27.7,,141,
1995-02-11,,2.8,16.7,,0.8,0,22.7,57.2,,155,
1995-02-12,,1.7,5.6,,0.5,0,14.0,38.9,,0,
1995-02-13,,3.3,5.0,,4.8,0,14.0,27.7,,0,
1995-02-14,,3.3,10.6,,0.5,0,7.6,20.5,,0,
1995-02-15,,10.6,23.9,,0.0,0,9.0,40.7,,125,
1995-02-16,,6.7,15.0,,0.0,0,20.9,40.7,,122,
1995-02-17,,6.1,17.2,,0.0,0,17.3,42.5,,471,
1995-02-18,,5.6,17.8,,0.0,0,7.9,20.5,,436,
1995-02-19,,10.6,25.0,,0.0,0,13.0,38.9,,600,
1995-02-20,,8.9,26.7,,0.0,0,11.2,24.1,,676,
1995-02-21,,12.2,25.6,,0.0,0,11.5,33.5,,677,
1995-02-22,,8.9,20.6,,0.0,0,8.3,29.5,,151,
1995-02-23,,13.9,26.1,,0.0,0,8.6,25.9,,410,
1995-02-24,,13.9,17.8,,10.9,0,10.4,40.7,,91,
1995-02-25,,11.7,13.9,,17.8,0,7.2,24.1,,0,
1995-02-26,,13.9,21.7,,0.5,0,14.0,31.3,,0,
1995-02-27,,16.7,21.7,,0.5,0,11.9,29.5,,2,
1995-02-28,,6.7,17.2,,0.3,0,20.9,51.8,,0,
1995-03-01,,3.9,7.2,,0.8,0,20.5,38.9,,0,
1995-03-02,,1.7,3.9,,3.3,0,19.8,37.1,,0,
1995-03-03,,1.7,6.7,,0.5,0,15.5,29.5,,0,
1995-03-04,,5.6,10.6,,0.3,0,9.4,18.4,,0,
1995-03-05,,9.4,25.6,,0.0,0,13.7,33.5,,277,
1995-03-06,,11.7,24.4,,0.0,0,11.5,44.3,,0,
1995-03-07,,3.9,20.0,,4.8,0,29.2,81.4,,270,
1995-03-08,,-1.1,13.9,,0.0,0,20.2,59.0,,705,
1995-03-09,,2.2,16.1,,0.0,0,11.2,29.5,,686,
1995-03-10,,5.6,19.4,,0.0,0,10.8,33.5,,616,
1995-03-11,,9.4,22.8,,0.0,0,15.8,44.3,,467,
1995-03-12,,15.6,24.4,,2.3,0,20.5,50.0,,276,
1995-03-13,,13.3,23.9,,29.5,0,16.6,51.8,,607,
1995-03-14,,11.7,21.7,,0.0,0,16.2,55.4,,694,
1995-03-15,,12.8,20.0,,9.7,0,16.9,38.9,,308,
1995-03-16,,13.3,21.7,,0.0,0,17.6,46.4,,532,
1995-03-17,,12.2,24.4,,0.0,0,15.1,33.5,,657,
1995-03-18,,13.3,27.2,,0.0,0,10.4,25.9,,656,
1995-03-19,,11.7,27.8,,0.0,0,16.2,46.4,,725,
1995-03-20,,15.0,29.4,,0.0,0,14.4,29.5,,641,
1995-03-21,,16.7,28.3,,0.0,0,14.8,44.3,,467,
1995-03-22,,18.9,30.6,,0.0,0,18.4,42.5,,565,
1995-03-23,,18.9,33.3,,0.0,0,7.6,24.1,,595,
1995-03-24,,20.0,23.3,,0.3,0,11.9,35.3,,117,
1995-03-25,,18.9,26.7,,0.0,0,17.3,51.8,,410,
1995-03-26,,19.4,26.7,,0.0,0,12.6,37.1,,161,
1995-03-27,,12.8,21.1,,0.0,0,22.7,51.8,,589,
1995-03-28,,10.6,16.1,,0.0,0,20.5,44.3,,0,
1995-03-29,,9.4,13.9,,2.5,0,21.6,40.7,,2,
1995-03-30,,11.1,18.9,,0.0,0,17.6,38.9,,106,
1995-03-31,,10.6,16.7,,2.3,0,16.2,38.9,,33,
1995-04-01,,11.1,22.8,,0.0,0,7.9,20.5,,516,
1995-04-02,,8.3,23.3,,0.0,0,11.2,35.3,,729,
1995-04-03,,13.3,21.1,,0.5,0,13.3,29.5,,3,
1995-04-04,,14.4,18.9,,30.5,0,18.0,66.6,,0,
1995-04-05,,13.3,21.7,,15.7,0,10.8,29.5,,197,
1995-04-06,,12.8,23.3,,0.0,0,6.5,18.4,,389,
1995-04-07,,12.8,26.7,,0.0,0,12.6,37.1,,554,
1995-04-08,,17.2,28.9,,0.0,0,17.3,42.5,,640,
1995-04-09,,17.2,28.9,,0.0,0,19.4,50.0,,523,
1995-04-10,,14.4,27.2,,0.8,0,20.5,63.0,,40,
1995-04-11,,8.3,21.1,,0.3,0,16.6,46.4,,674,
1995-04-12,,8.3,28.3,,0.0,0,10.1,29.5,,760,
1995-04-13,,12.8,27.8,,0.0,0,6.5,20.5,,768,
1995-04-14,,14.4,27.2,,0.0,0,14.8,42.5,,763,
1995-04-15,,19.4,27.8,,0.0,0,17.3,42.5,,83,
1995-04-16,,21.1,26.1,,0.0,0,19.1,38.9,,0,
1995-04-17,,16.7,27.8,,1.0,0,19.8,59.0,,230,
1995-04-18,,13.3,27.2,,8.6,0,8.3,44.3,,645,
1995-04-19,,16.7,29.4,,10.4,0,15.1,59.0,,298,
1995-04-20,,15.6,28.3,,6.6,0,10.1,33.5,,512,
1995-04-21,,12.2,30.0,,0.0,0,10.8,37.1,,642,
1995-04-22,,11.1,27.8,,3.8,0,15.8,46.4,,45,
1995-04-23,,10.0,18.9,,0.0,0,23.0,61.2,,749,
1995-04-24,,8.3,20.6,,0.0,0,10.4,25.9,,752,
1995-04-25,,8.3,24.4,,0.0,0,10.4,37.1,,748,
1995-04-26,,12.8,26.7,,0.0,0,13.3,44.3,,434,
1995-04-27,,14.4,23.3,,0.0,0,13.7,40.7,,408,
1995-04-28,,14.4,27.8,,0.0,0,12.2,37.1,,635,
1995-04-29,,18.9,31.1,,0.0,0,19.4,48.2,,546,
1995-04-30,,18.9,30.0,,0.0,0,18.7,40.7,,450,
1995-05-01,,17.2,27.2,,0.0,0,19.4,50.0,,250,
1995-05-02,,12.2,22.2,,0.0,0,12.2,27.7,,311,
1995-05-03,,17.2,28.3,,0.0,0,11.2,29.5,,99,
1995-05-04,,20.6,31.7,,0.0,0,12.2,37.1,,366,
1995-05-05,,20.0,30.0,,0.0,0,14.8,38.9,,283,
1995-05-06,,22.2,31.1,,2.3,0,18.4,46.4,,307,
1995-05-07,,23.9,28.3,,0.0,0,22.0,57.2,,45,
1995-05-08,,14.4,26.7,,50.8,0,12.6,66.6,,591,
1995-05-09,,16.1,31.7,,0.0,0,9.7,31.3,,762,
1995-05-10,,20.6,31.7,,0.0,0,13.3,35.3,,530,
1995-05-11,,18.3,23.3,,0.3,0,14.0,44.3,,138,
1995-05-12,,19.4,29.4,,0.0,0,9.7,31.3,,0,
1995-05-13,,23.9,32.8,,0.0,0,13.7,31.3,,374,
1995-05-14,,25.0,32.8,,0.0,0,13.0,31.3,,263,
1995-05-15,,23.9,32.2,,0.0,0,13.0,29.5,,451,
1995-05-16,,23.9,31.7,,0.0,0,15.1,44.3,,282,
1995-05-17,,23.9,30.6,,0.0,0,16.6,51.8,,270,
1995-05-18,,18.3,28.9,,11.2,0,16.6,46.4,,706,
1995-05-19,,14.4,28.3,,0.0,0,11.5,31.3,,766,
1995-05-20,,14.4,28.3,,0.0,0,9.4,27.7,,771,
1995-05-21,,16.1,29.4,,0.0,0,10.8,31.3,,687,
1995-05-22,,18.3,29.4,,0.0,0,13.7,33.5,,174,
1995-05-23,,20.6,30.0,,0.0,0,15.8,42.5,,256,
1995-05-24,,21.1,29.4,,6.4,0,14.4,70.2,,226,
1995-05-25,,21.1,30.0,,0.0,0,12.2,25.9,,306,
1995-05-26,,19.4,31.7,,0.0,0,12.2,35.3,,546,
1995-05-27,,20.0,31.7,,4.3,0,13.3,37.1,,492,
1995-05-28,,23.9,33.3,,0.0,0,10.8,25.9,,352,
1995-05-29,,18.9,29.4,,72.1,0,16.2,68.4,,481,
1995-05-30,,18.9,23.9,,57.2,0,12.6,48.2,,61,
1995-05-31,,18.3,30.0,,36.6,0,10.1,76.0,,573,
1995-06-01,,17.8,31.7,,0.0,0,9.4,24.1,,749,
1995-06-02,,23.3,32.2,,0.0,0,13.7,31.3,,467,
1995-06-03,,23.3,31.7,,0.0,0,18.7,40.7,,479,
1995-06-04,,22.2,31.7,,0.0,0,13.3,33.5,,536,
1995-06-05,,21.1,31.7,,0.0,0,13.3,35.3,,738,
1995-06-06,,23.3,32.8,,0.0,0,18.0,50.0,,665,
1995-06-07,,25.0,32.8,,0.0,0,17.3,37.1,,228,
1995-06-08,,25.6,33.3,,0.0,0,19.1,42.5,,436,
1995-06-09,,26.1,33.3,,0.0,0,16.9,46.4,,410,
1995-06-10,,26.1,32.8,,2.5,0,15.1,37.1,,338,
1995-06-11,,18.3,27.2,,49.0,0,17.3,77.8,,534,
1995-06-12,,17.2,28.3,,0.0,0,16.2,46.4,,843,
1995-06-13,,16.7,28.9,,0.0,0,6.1,22.3,,805,
1995-06-14,,17.2,28.9,,0.0,0,10.8,31.3,,807,
1995-06-15,,17.2,30.0,,0.0,0,11.5,33.5,,677,
1995-06-16,,18.3,30.0,,0.0,0,9.7,31.3,,762,
1995-06-17,,20.0,30.6,,0.3,0,7.6,31.3,,471,
1995-06-18,,20.6,31.7,,0.0,0,10.8,37.1,,489,
1995-06-19,,20.6,31.1,,0.0,0,10.1,27.7,,607,
1995-06-20,,19.4,31.7,,0.0,0,7.6,25.9,,793,
1995-06-21,,21.1,32.2,,0.0,0,9.4,22.3,,728,
1995-06-22,,19.4,32.8,,0.0,0,7.9,24.1,,806,
1995-06-23,,20.6,32.2,,0.0,0,9.7,25.9,,814,
1995-06-24,,21.7,34.4,,0.0,0,10.1,22.3,,723,
1995-06-25,,23.9,34.4,,0.0,0,11.5,37.1,,801,
1995-06-26,,21.1,33.9,,0.0,0,6.8,24.1,,594,
1995-06-27,,21.7,32.8,,0.0,0,10.4,27.7,,529,
1995-06-28,,20.0,33.9,,7.6,0,14.8,51.8,,633,
1995-06-29,,20.0,26.7,,10.2,0,14.0,33.5,,31,
1995-06-30,,21.7,31.7,,0.0,0,15.5,33.5,,469,
1995-07-01,,22.2,31.1,,0.0,0,10.8,,,651,
1995-07-02,,21.1,31.1,,0.0,0,6.1,,,554,
1995-07-03,,24.4,33.3,,0.0,0,18.4,,,529,
1995-07-04,,20.6,32.8,,0.3,0,20.2,,,647,
1995-07-05,,21.1,30.6,,1.3,0,15.1,,,356,
1995-07-06,,23.9,31.1,,3.8,0,9.0,,,198,
1995-07-07,,21.7,33.3,,0.0,0,6.1,,,812,
1995-07-08,,23.3,35.0,,0.0,0,5.8,,,804,
1995-07-09,,22.8,34.4,,0.0,0,6.5,,,835,
1995-07-10,,23.9,35.6,,0.0,0,7.9,,,836,
1995-07-11,,22.2,36.1,,0.0,0,7.9,,,833,
1995-07-12,,23.9,36.1,,0.0,0,7.9,,,815,
1995-07-13,,23.3,35.0,,0.0,0,7.9,,,724,
1995-07-14,,23.3,34.4,,0.0,0,7.2,,,700,
1995-07-15,,22.2,33.9,,0.0,0,6.5,,,714,
1995-07-16,,22.8,35.0,,0.0,0,9.7,,,768,
1995-07-17,,23.9,35.6,,0.0,0,7.9,,,757,
1995-07-18,,23.3,36.1,,0.0,0,6.1,,,718,
1995-07-19,,23.9,36.7,,0.0,0,9.0,,,803,
1995-07-20,,25.0,36.1,,0.0,0,12.6,,,829,
1995-07-21,,24.4,36.7,,0.0,0,13.3,,,705,
1995-07-22,,25.0,37.2,,0.0,0,17.3,,,762,
1995-07-23,,25.6,37.2,,0.0,0,16.6,,,584,
1995-07-24,,23.3,37.2,,0.0,0,16.2,,,763,
1995-07-25,,24.4,36.7,,0.0,0,14.0,,,656,
1995-07-26,,25.0,37.2,,0.0,0,13.7,,,707,
1995-07-27,,23.9,37.8,,0.0,0,12.6,,,803,
1995-07-28,,23.9,39.4,,0.0,0,8.3,,,821,
1995-07-29,,23.9,34.4,,0.0,0,13.0,,,375,
1995-07-30,,23.3,32.8,,6.6,0,18.7,,,234,
1995-07-31,,23.3,32.2,,4.3,0,13.3,,,185,
1995-08-01,,23.3,35.6,,17.0,0,10.8,,,460,
1995-08-02,,22.8,31.1,,59.7,0,11.9,,,405,
1995-08-03,,23.9,33.9,,0.0,0,8.3,,,580,
1995-08-04,,23.9,35.0,,0.0,0,5.4,,,771,
1995-08-05,,23.9,35.0,,0.0,0,7.2,,,754,
1995-08-06,,23.3,33.9,,0.0,0,8.3,,,591,
1995-08-07,,24.4,34.4,,6.9,0,8.6,,,525,
1995-08-08,,24.4,33.9,,0.0,0,11.5,,,615,
1995-08-09,,22.2,33.9,,0.0,0,8.6,,,795,
1995-08-10,,21.7,34.4,,0.0,0,7.2,,,733,
1995-08-11,,23.9,33.9,,0.0,0,9.0,,,624,
1995-08-12,,23.9,32.8,,0.0,0,8.3,,,,
1995-08-13,,24.4,33.9,,0.0,0,9.0,,,485,
1995-08-14,,23.9,31.7,,0.0,0,13.7,,,571,
1995-08-15,,23.3,34.4,,0.0,0,11.9,,,638,
1995-08-16,,23.3,34.4,,0.0,0,10.1,,,638,
1995-08-17,,23.3,35.0,,0.0,0,10.4,,,730,
1995-08-18,,23.3,33.9,,0.0,0,7.6,,,622,
1995-08-19,,23.9,36.1,,0.0,0,7.2,,,724,
1995-08-20,,26.1,36.7,,0.0,0,7.2,,,694,
1995-08-21,,25.0,36.1,,10.2,0,7.9,,,322,
1995-08-22,,23.9,36.1,,0.0,0,12.2,,,567,
1995-08-23,,25.0,33.9,,0.3,0,9.0,,,440,
1995-08-24,,23.9,34.4,,0.0,0,5.8,,,583,
1995-08-25,,25.0,35.0,,0.0,0,7.6,,,542,
1995-08-26,,23.3,35.6,,0.0,0,4.7,,,495,
1995-08-27,,23.9,36.7,,0.0,0,4.0,,,488,
1995-08-28,,23.3,36.7,,15.7,0,4.0,,,473,
1995-08-29,,21.1,35.0,,32.0,0,6.5,,,490,
1995-08-30,,21.7,34.4,,3.3,0,7.6,,,607,
1995-08-31,,22.8,33.3,,0.0,0,5.8,,,247,
1995-09-01,,21.7,33.3,,0.0,0,4.7,,,,
1995-09-02,,24.4,36.1,,0.0,0,6.8,,,,
1995-09-03,,22.8,36.7,,0.0,0,5.0,,,705,
1995-09-04,,22.8,36.1,,0.0,0,7.2,,,705,
1995-09-05,,22.8,34.4,,0.0,0,8.3,,,594,
1995-09-06,,22.8,33.9,,0.0,0,7.6,,,529,
1995-09-07,,20.6,33.9,,23.1,0,9.7,,,496,
1995-09-08,,22.2,32.2,,0.0,0,6.8,,,480,
1995-09-09,,20.6,32.2,,0.0,0,9.0,,,628,
1995-09-10,,21.7,27.2,,0.0,0,10.8,,,98,
1995-09-11,,21.1,32.8,,0.0,0,7.6,,,563,
1995-09-12,,22.2,32.8,,0.0,0,7.9,,,589,
1995-09-13,,23.3,32.8,,10.9,0,8.6,,,355,
1995-09-14,,23.3,31.7,,0.0,0,9.0,,,257,
1995-09-15,,22.2,32.8,,0.0,0,7.2,,,314,
1995-09-16,,23.3,34.4,,0.0,0,8.6,,,545,
1995-09-17,,23.3,35.0,,0.0,0,10.1,,,700,
1995-09-18,,21.7,33.9,,0.0,0,8.3,,,405,
1995-09-19,,23.9,35.0,,0.5,0,10.8,,,565,
1995-09-20,,21.7,24.4,,20.8,0,11.9,,,2,
1995-09-21,,11.7,25.0,,12.2,0,16.9,,,6,
1995-09-22,,9.4,18.9,,1.0,0,24.1,,,273,
1995-09-23,,11.1,23.9,,0.0,0,7.9,,,727,
1995-09-24,,14.4,27.2,,0.0,0,6.5,,,721,
1995-09-25,,16.7,30.0,,0.0,0,9.0,,,694,
1995-09-26,,17.2,28.9,,0.0,0,9.0,,,709,
1995-09-27,,18.9,32.2,,0.0,0,7.6,,,433,
1995-09-28,,23.3,32.2,,0.0,0,10.1,,,386,
1995-09-29,,19.4,31.7,,0.0,0,9.7,,,573,
1995-09-30,,21.1,32.2,,0.0,0,7.6,,,440,
1995-10-01,,22.8,32.8,,0.0,0,6.5,,,307,
1995-10-02,,18.9,32.8,,1.8,0,7.9,,,483,
1995-10-03,,17.8,26.7,,0.0,0,19.1,,,496,
1995-10-04,,15.6,29.4,,0.0,0,7.9,,,707,
1995-10-05,,15.6,29.4,,0.0,0,16.9,,,706,
1995-10-06,,14.4,27.2,,0.0,0,13.0,,,703,
1995-10-07,,12.2,26.1,,0.0,0,6.5,,,701,
1995-10-08,,11.1,28.3,,0.0,0,9.0,,,700,
1995-10-09,,13.9,30.0,,0.0,0,6.8,,,698,
1995-10-10,,13.9,30.6,,0.0,0,5.0,,,697,
1995-10-11,,16.1,31.7,,0.0,0,10.1,,,695,
1995-10-12,,18.9,30.6,,0.0,0,7.9,,,592,
1995-10-13,,20.6,30.6,,0.0,0,8.6,,,385,
1995-10-14,,16.1,26.7,,0.0,0,25.6,,,689,
1995-10-15,,11.7,28.3,,0.0,0,7.2,,,687,
1995-10-16,,10.0,30.0,,0.0,0,7.2,,,686,
1995-10-17,,12.2,29.4,,0.0,0,7.6,,,684,
1995-10-18,,13.9,28.3,,0.0,0,5.8,,,513,
1995-10-19,,18.3,31.1,,0.0,0,14.0,,,445,
1995-10-20,,11.1,25.0,,0.0,0,19.4,,,679,
1995-10-21,,6.1,27.8,,0.0,0,13.3,,,677,
1995-10-22,,12.8,30.0,,0.0,0,18.4,,,676,
1995-10-23,,17.2,26.7,,0.0,0,14.8,,,110,
1995-10-24,,12.2,23.9,,0.0,0,13.7,,,286,
1995-10-25,,15.6,28.3,,0.0,0,7.2,,,158,
1995-10-26,,20.6,30.0,,0.0,0,12.6,,,163,
1995-10-27,,18.9,33.9,,0.0,0,17.3,,,500,
1995-10-28,,13.9,25.6,,0.0,0,13.3,,,152,
1995-10-29,,13.9,21.7,,1.3,0,10.4,,,0,
1995-10-30,,12.2,18.3,,0.0,0,10.1,,,0,
1995-10-31,,15.6,20.0,,33.3,0,6.5,,,0,
1995-11-01,,16.7,27.2,,38.6,0,8.3,,,8,
1995-11-02,,10.0,24.4,,0.0,0,19.1,,,0,
1995-11-03,,5.0,13.9,,0.0,0,26.6,,,144,
1995-11-04,,4.4,10.0,,12.7,0,13.0,,,0,
1995-11-05,,7.2,10.6,,0.3,0,7.9,,,0,
1995-11-06,,10.6,16.1,,0.3,0,11.9,,,0,
1995-11-07,,15.0,26.1,,0.0,0,15.1,,,594,
1995-11-08,,10.6,21.7,,0.0,0,12.2,,,622,
1995-11-09,,9.4,23.3,,0.0,0,12.2,,,7,
1995-11-10,,16.7,27.8,,0.0,0,14.4,,,55,
1995-11-11,,4.4,16.7,,0.0,0,17.6,,,643,
1995-11-12,,1.1,20.0,,0.0,0,13.0,,,642,
1995-11-13,,8.9,25.6,,0.0,0,10.1,,,637,
1995-11-14,,10.0,21.1,,0.0,0,10.8,,,640,
1995-11-15,,6.1,24.4,,0.0,0,7.2,,,638,
1995-11-16,,10.0,22.8,,0.0,0,11.5,,,,
1995-11-17,,12.2,15.0,,30.0,0,11.9,,,,
1995-11-18,,11.7,21.1,,0.0,0,10.4,,,282,
1995-11-19,,15.0,23.3,,0.0,0,6.1,,,211,
1995-11-20,,14.4,20.0,,0.0,0,6.1,,,53,
1995-11-21,,13.9,22.2,,0.0,0,9.0,,,253,
1995-11-22,,13.3,23.9,,0.0,0,14.4,,,215,
1995-11-23,,13.3,20.6,,0.0,0,14.8,,,378,
1995-11-24,,8.3,20.0,,0.0,0,10.4,,,627,
1995-11-25,,5.0,22.8,,0.0,0,11.2,,,626,
1995-11-26,,11.1,25.6,,0.0,0,18.7,,,569,
1995-11-27,,11.1,25.6,,0.0,0,19.8,,,369,
1995-11-28,,2.8,11.1,,0.0,0,22.3,,,225,
1995-11-29,,0.6,16.1,,0.0,0,4.7,,,609,
1995-11-30,,2.8,20.0,,0.0,0,7.2,,,621,
1995-12-01,,8.3,23.9,,0.0,0,10.1,,,205,
1995-12-02,,19.4,26.7,,0.0,0,18.4,,,358,
1995-12-03,,16.7,30.0,,0.0,0,13.3,,,511,
1995-12-04,,11.7,23.3,,0.0,0,9.7,,,551,
1995-12-05,,11.1,28.9,,0.0,0,11.5,,,436,
1995-12-06,,10.6,22.8,,0.0,0,10.4,,,468,
1995-12-07,,10.0,15.6,,0.0,0,19.1,,,19,
1995-12-08,,7.8,16.7,,1.5,0,13.3,,,113,
1995-12-09,,-2.2,8.3,,0.0,0,27.0,,,424,
1995-12-10,,-3.3,8.9,,0.0,0,11.2,,,543,
1995-12-11,,4.4,17.2,,0.0,0,12.2,,,18,
1995-12-12,,10.6,23.9,,0.0,0,15.8,,,437,
1995-12-13,,17.2,26.1,,0.0,0,19.4,,,347,
1995-12-14,,18.9,27.2,,0.0,0,18.7,,,329,
1995-12-15,,16.1,27.2,,2.5,0,11.9,,,101,
1995-12-16,,12.2,20.6,,0.0,0,12.2,,,45,
1995-12-17,,15.0,20.0,,5.1,0,10.4,,,0,
1995-12-18,,7.8,17.2,,2.0,0,20.9,,,0,
1995-12-19,,4.4,12.8,,0.0,0,19.1,,,443,
1995-12-20,,2.2,7.2,,0.0,0,14.4,,,0,
1995-12-21,,1.7,6.7,,0.0,0,10.8,,,0,
1995-12-22,,4.4,10.0,,0.0,0,18.4,,,168,
1995-12-23,,1.7,9.4,,0.0,0,11.2,,,269,
1995-12-24,,-0.6,8.3,,0.0,0,6.1,,,100,
1995-12-25,,7.2,16.1,,0.0,0,10.1,,,329,
1995-12-26,,3.9,13.3,,0.0,0,5.4,,,50,
1995-12-27,,3.3,18.3,,0.0,0,12.6,,,371,
1995-12-28,,2.8,12.8,,0.0,0,11.5,,,458,
1995-12-29,,0.0,11.1,,0.0,0,8.6,,,17,
1995-12-30,,8.9,14.4,,1.8,0,7.6,,,0,
1995-12-31,,8.3,24.4,,0.0,0,10.8,,,582,
1996-01-01,,3.9,14.4,,0.0,0,21.6,,,4,
1996-01-02,,2.8,8.9,,0.0,0,26.6,,,399,
1996-01-03,,-1.1,11.7,,0.0,0,11.2,,,591,
1996-01-04,,0.6,19.4,,0.0,0,13.7,,,612,
1996-01-05,,5.0,12.2,,0.0,0,16.6,,,273,
1996-01-06,,-1.1,5.6,,0.0,0,25.9,,,191,
1996-01-07,,-5.0,5.6,,0.0,0,17.6,,,603,
1996-01-08,,-6.7,10.6,,0.0,0,10.8,,,618,
1996-01-09,,0.0,19.4,,0.0,0,11.2,,,619,
1996-01-10,,2.2,21.7,,0.0,0,10.1,,,434,
1996-01-11,,8.9,18.9,,0.0,0,18.4,,,497,
1996-01-12,,3.3,22.2,,0.0,0,11.2,,,611,
1996-01-13,,5.0,24.4,,0.0,0,10.8,,,481,
1996-01-14,,7.8,24.4,,0.0,0,14.8,,,622,
1996-01-15,,7.8,22.8,,0.0,0,8.3,,,606,
1996-01-16,,8.3,24.4,,0.0,0,13.7,,,91,
1996-01-17,,15.6,24.4,,1.3,0,27.0,,,98,
1996-01-18,,-0.6,16.7,,0.0,0,22.7,,,576,
1996-01-19,,-3.3,7.8,,0.0,0,12.6,,,613,
1996-01-20,,-0.6,20.0,,0.0,0,10.4,,,519,
1996-01-21,,5.0,20.6,,0.0,0,11.2,,,631,
1996-01-22,,11.1,22.8,,0.3,0,15.1,,,20,
1996-01-23,,8.9,26.1,,0.0,0,19.1,,,246,
1996-01-24,,3.3,15.0,,0.0,0,7.6,,,634,
1996-01-25,,2.8,20.6,,0.0,0,15.1,,,328,
1996-01-26,,4.4,21.7,,0.0,0,18.7,,,620,
1996-01-27,,-1.1,11.7,,0.0,0,13.7,,,639,
1996-01-28,,1.1,13.9,,0.0,0,9.0,,,0,
1996-01-29,,12.8,22.2,,0.0,0,6.8,,,498,
1996-01-30,,2.2,24.4,,0.0,0,16.2,,,92,
1996-01-31,,-2.8,2.2,,0.0,0,21.2,,,0,
1996-02-01,,-4.4,-1.7,,0.0,0,19.8,,,0,
1996-02-02,,-2.8,-0.6,,1.5,0,23.0,,,0,
1996-02-03,,-4.4,1.1,,0.5,0,18.7,,,150,
1996-02-04,,-7.2,3.3,,0.0,0,10.8,,,650,
1996-02-05,,-5.6,11.7,,0.0,0,10.8,,,0,
1996-02-06,,9.4,21.1,,0.0,0,9.4,,,86,
1996-02-07,,8.9,24.4,,0.0,0,14.8,,,517,
1996-02-08,,14.4,25.0,,0.0,0,18.7,,,420,
1996-02-09,,11.1,25.0,,0.0,0,10.8,,,419,
1996-02-10,,17.2,26.7,,0.0,0,14.8,,,326,
1996-02-11,,10.0,18.3,,0.0,0,25.9,,,503,
1996-02-12,,6.1,18.9,,0.0,0,11.5,,,526,
1996-02-13,,2.8,22.2,,0.0,0,9.4,,,664,
1996-02-14,,10.6,28.3,,0.0,0,13.7,,,641,
1996-02-15,,11.1,22.2,,0.0,0,24.8,,,668,
1996-02-16,,3.9,12.2,,0.0,0,18.7,,,670,
1996-02-17,,0.6,21.1,,0.0,0,11.5,,,660,
1996-02-18,,8.3,24.4,,0.0,0,14.4,,,400,
1996-02-19,,15.0,28.9,,0.0,0,12.2,,,621,
1996-02-20,,11.1,32.8,,0.0,0,9.0,,,403,
1996-02-21,,11.1,37.2,,0.0,0,9.4,,,620,
1996-02-22,,13.9,35.0,,0.0,0,13.0,,,604,
1996-02-23,,17.2,35.0,,0.0,0,20.2,,,557,
1996-02-24,,11.7,25.0,,0.0,0,15.1,,,334,
1996-02-25,,17.2,28.3,,0.0,0,16.9,,,48,
1996-02-26,,18.3,25.6,,0.0,0,15.5,,,36,
1996-02-27,,16.1,26.7,,0.0,0,14.8,,,22,
1996-02-28,,3.3,16.1,,0.3,0,28.8,,,0,
1996-02-29,,1.1,6.1,,13.5,0,17.6,,,0,
1996-03-01,,3.3,8.3,,0.0,0,8.6,,,83,
1996-03-02,,0.6,19.4,,0.0,0,11.5,,,694,
1996-03-03,,5.0,22.2,,0.0,0,13.7,,,406,
1996-03-04,,10.6,21.7,,1.5,0,13.0,,,8,
1996-03-05,,18.9,26.7,,0.3,0,16.9,,,226,
1996-03-06,,3.9,26.1,,0.0,0,22.0,,,226,
1996-03-07,,-0.6,9.4,,0.0,0,30.2,,,636,
1996-03-08,,-1.7,8.3,,0.0,0,19.1,,,570,
1996-03-09,,-3.3,10.6,,0.0,0,10.8,,,505,
1996-03-10,,-2.2,16.7,,0.0,0,10.1,,,709,
1996-03-11,,1.7,19.4,,0.0,0,14.4,,,682,
1996-03-12,,5.0,24.4,,0.0,0,16.2,,,472,
1996-03-13,,11.7,27.8,,0.0,0,20.9,,,504,
1996-03-14,,18.3,28.3,,0.0,0,16.9,,,411,
1996-03-15,,14.4,25.6,,0.0,0,10.1,,,392,
1996-03-16,,11.1,27.8,,1.8,0,9.0,,,169,
1996-03-17,,13.9,26.7,,0.0,0,9.0,,,550,
1996-03-18,,11.1,19.4,,0.0,0,26.6,,,424,
1996-03-19,,7.8,19.4,,0.0,0,18.7,,,715,
1996-03-20,,5.0,17.8,,0.0,0,18.0,,,715,
1996-03-21,,1.1,23.3,,0.0,0,11.9,,,717,
1996-03-22,,9.4,26.7,,0.0,0,16.6,,,299,
1996-03-23,,15.0,20.6,,0.0,0,22.0,,,0,
1996-03-24,,17.8,27.8,,0.0,0,15.8,,,0,
1996-03-25,,4.4,20.0,,0.0,0,29.5,,,26,
1996-03-26,,3.9,8.9,,4.6,0,22.7,,,0,
1996-03-27,,3.9,7.8,,7.1,0,14.8,,,0,
1996-03-28,,6.1,21.1,,0.0,0,9.0,,,147,
1996-03-29,,7.8,21.7,,0.0,0,10.8,,,0,
1996-03-30,,17.2,30.6,,0.0,0,16.2,,,564,
1996-03-31,,9.4,22.2,,0.0,0,21.2,,,196,
1996-04-01,,8.9,22.8,,0.0,0,13.0,,,556,
1996-04-02,,5.0,23.3,,0.0,0,13.7,,,424,
1996-04-03,,12.2,25.0,,0.0,0,14.4,,,110,
1996-04-04,,14.4,27.8,,0.0,0,15.1,,,95,
1996-04-05,,3.3,15.0,,19.1,0,29.2,,,0,
1996-04-06,,3.9,16.7,,0.0,0,20.2,,,759,
1996-04-07,,5.0,21.7,,0.0,0,7.9,,,760,
1996-04-08,,9.4,28.9,,0.0,0,5.0,,,762,
1996-04-09,,9.4,32.8,,0.0,0,7.9,,,752,
1996-04-10,,12.8,29.4,,0.0,0,13.0,,,579,
1996-04-11,,18.9,28.3,,0.0,0,22.3,,,233,
1996-04-12,,18.3,29.4,,0.0,0,16.9,,,352,
1996-04-13,,13.3,32.2,,0.0,0,13.7,,,487,
1996-04-14,,17.8,31.1,,0.0,0,20.2,,,710,
1996-04-15,,11.1,23.9,,0.0,0,23.0,,,759,
1996-04-16,,6.7,26.1,,0.0,0,11.2,,,739,
1996-04-17,,12.8,28.9,,0.0,0,16.6,,,522,
1996-04-18,,19.4,35.0,,0.0,0,15.8,,,626,
1996-04-19,,20.0,36.1,,0.0,0,19.1,,,624,
1996-04-20,,17.2,27.2,,0.5,0,14.0,,,228,
1996-04-21,,21.1,32.2,,0.0,0,21.2,,,413,
1996-04-22,,13.9,24.4,,5.8,0,18.4,,,166,
1996-04-23,,11.7,26.7,,0.0,0,15.5,,,734,
1996-04-24,,8.9,30.0,,0.0,0,12.6,,,686,
1996-04-25,,15.0,35.0,,0.0,0,19.8,,,477,
1996-04-26,,20.0,31.7,,0.0,0,18.0,,,512,
1996-04-27,,19.4,31.7,,0.0,0,16.6,,,187,
1996-04-28,,15.6,33.3,,22.9,0,24.5,,,187,
1996-04-29,,11.7,22.8,,0.0,,24.1,,,,
1996-04-30,,6.7,26.1,,0.0,0,13.3,,,799,
1996-05-01,,10.6,28.9,,0.0,0,16.9,,,780,
1996-05-02,,18.3,25.0,,0.0,0,15.8,,,0,
1996-05-03,,20.6,31.1,,0.3,0,18.7,,,408,
1996-05-04,,20.0,31.1,,0.0,0,16.6,,,434,
1996-05-05,,20.0,31.1,,0.0,0,15.5,,,107,
1996-05-06,,21.7,27.2,,0.3,0,12.2,,,108,
1996-05-07,,21.1,29.4,,0.5,0,13.7,,,131,
1996-05-08,,21.1,29.4,,0.0,0,16.6,,,158,
1996-05-09,,21.7,31.1,,0.0,0,17.6,,,370,
1996-05-10,,22.2,31.1,,0.0,0,15.1,,,187,
1996-05-11,,20.6,30.0,,0.0,0,16.6,,,520,
1996-05-12,,18.3,29.4,,0.0,0,8.6,,,331,
1996-05-13,,21.1,32.8,,0.0,0,15.5,,,413,
1996-05-14,,20.6,32.8,,0.0,0,19.1,,,558,
1996-05-15,,21.7,33.3,,0.0,0,20.2,,,540,
1996-05-16,,22.2,34.4,,0.0,0,19.8,,,651,
1996-05-17,,22.2,35.0,,0.0,0,20.9,,,571,
1996-05-18,,23.3,35.0,,0.0,0,20.5,,,478,
1996-05-19,,22.8,34.4,,0.0,0,22.3,,,573,
1996-05-20,,22.8,35.6,,0.0,0,20.9,,,592,
1996-05-21,,22.2,35.6,,0.0,0,14.8,,,730,
1996-05-22,,21.1,36.1,,0.0,0,17.6,,,710,
1996-05-23,,21.7,36.1,,0.0,0,20.2,,,649,
1996-05-24,,22.8,34.4,,0.0,0,19.1,,,478,
1996-05-25,,23.3,35.6,,0.0,0,20.9,,,427,
1996-05-26,,25.0,35.0,,0.0,0,19.8,,,194,
1996-05-27,,19.4,32.2,,25.7,0,11.2,,,353,
1996-05-28,,24.4,34.4,,0.0,0,11.9,,,399,
1996-05-29,,26.1,36.1,,0.0,0,10.8,,,511,
1996-05-30,,20.6,35.0,,14.2,0,14.8,,,438,
1996-05-31,,23.3,31.7,,5.3,0,10.1,,,199,
1996-06-01,,22.8,32.2,,0.3,0,13.7,,,,
1996-06-02,,21.1,33.3,,0.0,0,9.4,,,341,
1996-06-03,,22.2,34.4,,0.0,0,7.9,,,602,
1996-06-04,,18.9,31.7,,25.7,0,9.7,,,643,
1996-06-05,,21.7,33.9,,0.0,0,14.8,,,632,
1996-06-06,,23.3,33.3,,0.0,0,19.1,,,662,
1996-06-07,,18.3,31.7,,49.3,0,12.6,,,372,
1996-06-08,,19.4,30.6,,0.0,0,16.6,,,843,
1996-06-09,,16.1,30.6,,0.0,0,7.9,,,844,
1996-06-10,,20.6,35.0,,0.0,0,15.1,,,722,
1996-06-11,,22.2,33.3,,0.8,0,12.6,,,413,
1996-06-12,,22.2,34.4,,0.0,0,10.8,,,715,
1996-06-13,,23.3,35.0,,0.0,0,9.7,,,725,
1996-06-14,,23.9,35.0,,0.0,0,10.1,,,729,
1996-06-15,,22.8,35.0,,0.0,0,10.1,,,720,
1996-06-16,,22.2,35.0,,0.0,0,9.4,,,815,
1996-06-17,,23.3,36.1,,0.0,0,7.6,,,812,
1996-06-18,,24.4,36.7,,0.0,0,9.0,,,774,
1996-06-19,,24.4,37.8,,0.0,0,13.3,,,818,
1996-06-20,,23.9,38.9,,0.0,0,11.9,,,775,
1996-06-21,,22.2,35.6,,0.0,0,8.6,,,415,
1996-06-22,,23.3,32.2,,10.7,0,10.8,,,252,
1996-06-23,,22.8,32.2,,1.0,0,11.5,,,339,
1996-06-24,,23.9,32.8,,0.0,0,11.5,,,445,
1996-06-25,,23.3,29.4,,14.2,0,11.2,,,68,
1996-06-26,,23.9,30.6,,11.9,0,10.4,,,196,
1996-06-27,,23.3,33.3,,0.0,0,11.2,,,623,
1996-06-28,,23.9,34.4,,0.0,0,10.1,,,600,
1996-06-29,,22.2,34.4,,0.0,0,8.6,,,688,
1996-06-30,,22.8,34.4,,0.0,0,6.1,,,729,
1996-07-01,,22.8,35.6,,0.0,0,7.2,,,762,
1996-07-02,,23.3,36.1,,0.0,0,9.0,,,753,
1996-07-03,,23.3,37.2,,0.0,0,7.6,,,737,
1996-07-04,,22.8,36.7,,0.0,0,7.9,,,737,
1996-07-05,,22.2,37.2,,0.0,0,10.1,,,816,
1996-07-06,,22.8,37.8,,0.0,0,11.9,,,806,
1996-07-07,,23.9,37.8,,0.0,0,11.9,,,791,
1996-07-08,,24.4,37.2,,0.0,0,13.3,,,749,
1996-07-09,,25.0,36.1,,0.0,0,14.4,,,491,
1996-07-10,,25.0,36.1,,3.8,0,11.5,,,343,
1996-07-11,,23.9,35.6,,0.0,0,12.2,,,367,
1996-07-12,,23.9,36.7,,0.0,0,12.2,,,731,
1996-07-13,,25.0,36.7,,0.0,0,12.2,,,601,
1996-07-14,,25.0,37.2,,0.0,0,13.3,,,555,
1996-07-15,,25.6,33.3,,0.0,0,9.4,,,176,
1996-07-16,,24.4,37.2,,0.0,0,15.1,,,506,
1996-07-17,,24.4,36.7,,0.0,0,14.4,,,532,
1996-07-18,,23.9,37.2,,0.0,0,13.0,,,558,
1996-07-19,,24.4,37.8,,0.0,0,13.7,,,590,
1996-07-20,,23.9,37.8,,0.0,0,15.1,,,738,
1996-07-21,,23.9,37.2,,0.0,0,15.5,,,737,
1996-07-22,,23.9,38.3,,0.0,0,14.8,,,762,
1996-07-23,,24.4,38.9,,0.0,0,12.2,,,728,
1996-07-24,,25.0,37.8,,0.0,0,14.4,,,572,
1996-07-25,,23.9,35.6,,0.0,0,9.4,,,275,
1996-07-26,,22.8,36.7,,0.0,0,10.1,,,,
1996-07-27,,23.3,35.6,,0.0,0,10.1,,,495,
1996-07-28,,23.9,37.2,,0.0,0,11.2,,,687,
1996-07-29,,23.3,36.7,,0.0,0,13.0,,,652,
1996-07-30,,23.9,36.7,,0.0,0,15.5,,,666,
1996-07-31,,23.9,37.8,,0.0,0,13.0,,,790,
1996-08-01,,24.4,37.8,,0.0,0,14.0,,,740,
1996-08-02,,24.4,38.9,,0.0,0,13.7,,,768,
1996-08-03,,25.0,38.9,,0.0,0,16.9,,,670,
1996-08-04,,25.0,38.3,,0.0,0,19.4,,,752,
1996-08-05,,25.0,38.3,,0.0,0,16.6,,,630,
1996-08-06,,24.4,37.8,,0.0,0,14.8,,,642,
1996-08-07,,25.0,37.2,,0.0,0,10.1,,,665,
1996-08-08,,23.9,36.1,,0.0,0,7.6,,,457,
1996-08-09,,23.3,36.7,,0.0,0,5.8,,,724,
1996-08-10,,24.4,36.7,,0.0,0,12.2,,,642,
1996-08-11,,23.3,35.6,,10.4,0,5.8,,,355,
1996-08-12,,22.8,38.3,,0.0,0,11.5,,,761,
1996-08-13,,23.3,36.7,,0.0,0,8.6,,,625,
1996-08-14,,22.2,35.0,,0.0,0,8.3,,,365,
1996-08-15,,22.2,36.7,,0.0,0,9.7,,,600,
1996-08-16,,23.9,36.1,,1.0,0,12.2,,,705,
1996-08-17,,24.4,36.7,,0.0,0,13.0,,,453,
1996-08-18,,23.9,36.7,,0.0,0,14.0,,,530,
1996-08-19,,21.1,35.0,,45.5,0,9.0,,,345,
1996-08-20,,21.7,35.6,,0.0,0,5.8,,,745,
1996-08-21,,23.3,35.6,,0.0,0,9.4,,,568,
1996-08-22,,22.2,27.8,,20.6,0,13.0,,,104,
1996-08-23,,22.2,31.1,,43.2,0,11.2,,,139,
1996-08-24,,22.8,27.8,,42.7,0,6.5,,,36,
1996-08-25,,21.7,28.3,,5.6,0,5.4,,,11,
1996-08-26,,21.1,30.0,,5.6,0,4.7,,,84,
1996-08-27,,22.2,32.2,,0.0,0,8.6,,,10,
1996-08-28,,23.3,32.8,,0.8,0,9.4,,,28,
1996-08-29,,22.8,28.9,,22.1,0,7.6,,,24,
1996-08-30,,22.2,25.6,,6.4,0,6.1,,,25,
1996-08-31,,18.9,30.0,,20.1,0,5.4,,,255,
1996-09-01,,20.6,29.4,,0.3,0,6.5,,,283,
1996-09-02,,21.7,32.8,,0.0,0,6.5,,,580,
1996-09-03,,23.3,33.3,,1.5,0,7.9,,,512,
1996-09-04,,21.7,31.1,,0.0,0,5.4,,,338,
1996-09-05,,23.3,31.7,,0.0,0,7.9,,,481,
1996-09-06,,21.7,31.7,,0.0,0,6.8,,,556,
1996-09-07,,21.1,31.7,,0.0,0,5.4,,,672,
1996-09-08,,22.8,31.7,,0.0,0,6.8,,,680,
1996-09-09,,23.9,33.3,,29.0,0,6.5,,,481,
1996-09-10,,21.7,33.3,,0.0,0,8.6,,,722,
1996-09-11,,21.1,32.8,,0.0,0,7.6,,,749,
1996-09-12,,21.7,31.1,,0.0,0,6.1,,,420,
1996-09-13,,22.8,29.4,,0.0,0,5.8,,,141,
1996-09-14,,20.0,30.6,,1.0,0,7.6,,,356,
1996-09-15,,20.6,32.2,,1.3,0,14.8,,,417,
1996-09-16,,21.1,33.3,,0.0,0,8.3,,,698,
1996-09-17,,22.8,33.3,,0.0,0,10.1,,,369,
1996-09-18,,21.1,32.2,,18.8,0,12.2,,,302,
1996-09-19,,20.6,31.7,,18.8,0,10.1,,,374,
1996-09-20,,20.0,30.6,,13.5,0,7.9,,,439,
1996-09-21,,20.6,28.9,,0.5,0,7.9,,,333,
1996-09-22,,20.0,30.0,,0.0,0,9.0,,,367,
1996-09-23,,22.2,31.7,,0.0,0,12.2,,,425,
1996-09-24,,22.8,31.7,,14.5,0,8.3,,,193,
1996-09-25,,22.2,28.3,,0.0,0,6.8,,,185,
1996-09-26,,18.3,31.1,,0.3,0,16.2,,,214,
1996-09-27,,13.3,18.9,,2.8,0,19.4,,,0,
1996-09-28,,10.6,23.9,,0.0,0,11.9,,,718,
1996-09-29,,11.7,26.1,,0.0,0,5.0,,,718,
1996-09-30,,12.2,25.6,,0.0,0,4.3,,,713,
1996-10-01,,11.7,26.1,,0.0,0,2.5,,,710,
1996-10-02,,15.0,31.7,,0.0,0,5.8,,,674,
1996-10-03,,20.0,23.9,,0.0,0,17.6,,,28,
1996-10-04,,19.4,23.3,,0.0,0,17.6,,,0,
1996-10-05,,18.3,21.1,,2.3,0,15.5,,,0,
1996-10-06,,17.8,28.3,,0.0,0,15.5,,,639,
1996-10-07,,18.3,27.8,,0.0,0,12.2,,,555,
1996-10-08,,16.1,24.4,,0.0,0,14.4,,,393,
1996-10-09,,13.9,28.9,,0.0,0,6.1,,,695,
1996-10-10,,15.6,29.4,,0.0,0,9.0,,,689,
1996-10-11,,15.0,27.2,,0.0,0,9.0,,,685,
1996-10-12,,13.9,27.8,,0.0,0,7.9,,,687,
1996-10-13,,13.9,27.2,,0.0,0,5.0,,,682,
1996-10-14,,15.6,27.8,,0.0,0,6.5,,,352,
1996-10-15,,19.4,27.8,,0.3,0,10.1,,,330,
1996-10-16,,20.6,29.4,,0.0,0,8.6,,,489,
1996-10-17,,18.9,31.7,,0.8,0,18.7,,,438,
1996-10-18,,11.7,21.7,,0.0,0,14.8,,,644,
1996-10-19,,8.9,24.4,,0.0,0,11.9,,,433,
1996-10-20,,18.9,29.4,,0.0,0,14.4,,,87,
1996-10-21,,12.8,30.0,,1.0,0,21.2,,,99,
1996-10-22,,7.2,19.4,,0.0,0,20.5,,,575,
1996-10-23,,3.9,22.8,,0.0,0,6.8,,,672,
1996-10-24,,10.6,16.1,,3.8,0,6.5,,,0,
1996-10-25,,15.0,21.7,,0.5,0,6.1,,,0,
1996-10-26,,20.6,30.0,,0.3,0,13.0,,,3,
1996-10-27,,23.9,27.2,,9.4,0,14.4,,,4,
1996-10-28,,18.3,27.8,,1.5,0,13.0,,,39,
1996-10-29,,17.8,26.1,,0.0,0,11.5,,,0,
1996-10-30,,14.4,27.2,,0.0,0,7.6,,,273,
1996-10-31,,20.0,28.9,,0.0,0,13.3,,,58,
1996-11-01,,8.9,23.3,,0.3,0,17.6,,,0,
1996-11-02,,7.2,20.0,,0.0,0,12.2,,,405,
1996-11-03,,7.2,20.6,,0.0,0,7.6,,,536,
1996-11-04,,10.0,23.3,,0.0,0,5.8,,,178,
1996-11-05,,13.9,27.2,,0.0,0,11.2,,,95,
1996-11-06,,21.7,30.0,,0.0,0,22.3,,,0,
1996-11-07,,11.7,25.0,,18.0,0,17.3,,,0,
1996-11-08,,6.7,19.4,,0.0,0,14.0,,,638,
1996-11-09,,5.0,20.6,,0.0,0,6.1,,,647,
1996-11-10,,6.1,23.9,,0.0,0,5.4,,,635,
1996-11-11,,10.0,25.6,,0.0,0,8.3,,,619,
1996-11-12,,14.4,25.0,,0.0,0,8.3,,,266,
1996-11-13,,14.4,25.0,,0.0,0,7.6,,,118,
1996-11-14,,14.4,25.6,,0.0,0,10.4,,,237,
1996-11-15,,15.6,22.2,,11.2,0,14.0,,,3,
1996-11-16,,18.9,26.1,,0.0,0,19.4,,,0,
1996-11-17,,10.6,21.7,,22.6,0,15.1,,,2,
1996-11-18,,11.1,22.2,,0.0,0,6.8,,,153,
1996-11-19,,12.2,22.8,,0.0,0,9.0,,,101,
1996-11-20,,15.6,27.8,,0.0,0,10.8,,,109,
1996-11-21,,13.3,23.3,,0.0,0,19.1,,,3,
1996-11-22,,11.7,15.0,,0.0,0,10.8,,,0,
1996-11-23,,13.9,26.1,,0.0,0,12.2,,,19,
1996-11-24,,1.1,22.8,,26.4,0,24.8,,,0,
1996-11-25,,1.7,11.1,,0.0,0,21.2,,,500,
1996-11-26,,1.7,12.8,,0.0,0,13.7,,,561,
1996-11-27,,1.7,10.0,,0.0,0,11.9,,,0,
1996-11-28,,5.6,7.2,,11.4,0,10.4,,,0,
1996-11-29,,6.7,20.6,,12.4,0,6.1,,,118,
1996-11-30,,8.9,20.0,,2.5,0,15.1,,,430,
1996-12-01,,4.4,15.0,,0.0,0,10.4,,,599,
1996-12-02,,2.8,18.9,,0.0,0,10.1,,,392,
1996-12-03,,8.3,13.9,,0.0,0,15.1,,,50,
1996-12-04,,9.4,13.9,,5.8,0,2.5,,,0,
1996-12-05,,11.1,20.6,,0.0,0,9.4,,,575,
1996-12-06,,12.2,28.3,,0.0,0,10.4,,,496,
1996-12-07,,10.0,20.6,,0.0,0,15.1,,,609,
1996-12-08,,6.1,20.0,,0.0,0,9.0,,,615,
1996-12-09,,6.7,22.2,,0.0,0,10.1,,,579,
1996-12-10,,13.9,25.6,,0.0,0,15.5,,,266,
1996-12-11,,16.7,24.4,,0.0,0,13.3,,,338,
1996-12-12,,11.7,25.6,,0.0,0,9.4,,,571,
1996-12-13,,10.6,24.4,,0.0,0,4.3,,,533,
1996-12-14,,12.8,24.4,,0.3,0,9.7,,,33,
1996-12-15,,2.8,19.4,,44.7,0,26.6,,,0,
1996-12-16,,0.6,11.1,,3.8,0,11.9,,,358,
1996-12-17,,-1.1,8.3,,0.0,0,19.1,,,193,
1996-12-18,,-2.8,2.8,,0.0,0,20.5,,,369,
1996-12-19,,-5.0,4.4,,0.0,0,7.6,,,577,
1996-12-20,,-4.4,7.2,,0.0,0,7.6,,,0,
1996-12-21,,5.0,18.3,,0.0,0,12.2,,,117,
1996-12-22,,14.4,26.1,,0.0,0,17.3,,,20,
1996-12-23,,10.0,25.6,,0.0,0,16.2,,,36,
1996-12-24,,0.0,10.0,,0.0,0,22.3,,,532,
1996-12-25,,0.0,11.1,,0.0,0,9.7,,,113,
1996-12-26,,7.2,16.1,,1.0,0,7.2,,,0,
1996-12-27,,6.7,18.9,,0.0,0,9.0,,,42,
1996-12-28,,9.4,22.8,,0.0,0,8.3,,,0,
1996-12-29,,12.8,26.7,,0.0,0,10.8,,,588,
1996-12-30,,8.3,22.8,,0.0,0,6.8,,,25,
1996-12-31,,15.0,22.2,,0.0,0,6.1,,,4,
1997-01-01,,13.9,22.8,,0.0,0,4.0,,,0,
1997-01-02,,13.3,22.8,,0.3,0,11.2,,,0,
1997-01-03,,17.8,23.9,,0.0,0,16.9,,,35,
1997-01-04,,18.9,28.9,,0.0,0,13.3,,,422,
1997-01-05,,10.0,18.9,,0.0,0,23.8,,,52,
1997-01-06,,0.6,10.0,,2.3,0,30.6,,,0,
1997-01-07,,0.0,1.1,,13.2,0,20.5,,,0,
1997-01-08,,-1.1,2.8,,4.8,0,11.9,,,0,
1997-01-09,,-1.1,13.3,,0.0,0,13.0,,,605,
1997-01-10,,-1.1,15.6,,0.0,0,16.9,,,580,
1997-01-11,,-3.9,2.8,,0.0,0,20.5,,,264,
1997-01-12,,-4.4,-1.1,,2.5,0,25.2,,,,
1997-01-13,,-5.0,-2.8,,0.0,0,22.0,,,,
1997-01-14,,-3.3,0.0,,0.0,0,9.0,,,,
1997-01-15,,-1.1,17.2,,0.3,0,11.9,,,,
1997-01-16,,1.1,11.1,,0.0,0,21.6,,,,
1997-01-17,,-3.3,5.6,,0.0,0,8.6,,,,
1997-01-18,,0.6,11.7,,0.0,0,8.6,,,,
1997-01-19,,2.8,15.6,,0.0,0,6.1,,,,
1997-01-20,,10.0,16.1,,3.3,0,7.2,,,,
1997-01-21,,13.3,20.0,,0.3,0,11.5,,,,
1997-01-22,,10.0,24.4,,0.0,0,5.8,,,,
1997-01-23,,11.7,20.6,,0.3,0,8.3,,,,
1997-01-24,,8.9,24.4,,0.0,0,12.2,,,,
1997-01-25,,7.8,18.9,,0.0,0,11.5,,,,
1997-01-26,,9.4,22.8,,0.0,0,15.5,,,,
1997-01-27,,0.6,22.8,,0.0,0,18.4,,,,
1997-01-28,,-2.8,8.3,,0.0,0,25.9,,,,
1997-01-29,,-1.7,13.9,,0.0,0,12.2,,,,
1997-01-30,,0.6,18.3,,0.0,0,6.5,,,,
1997-01-31,,3.3,23.3,,0.0,0,12.2,,,,
1997-02-01,,7.8,27.8,,0.0,0,9.4,,,,
1997-02-02,,14.4,28.3,,0.0,0,8.3,,,,
1997-02-03,,16.7,25.6,,0.0,0,11.9,,,,
1997-02-04,,11.1,20.6,,0.0,0,19.4,,,,
1997-02-05,,7.2,13.9,,0.0,0,15.5,,,,
1997-02-06,,6.1,12.2,,2.5,0,13.0,,,,
1997-02-07,,6.1,11.7,,15.7,0,20.5,,,,
1997-02-08,,3.3,6.7,,0.0,0,17.3,,,,
1997-02-09,,2.2,7.8,,2.0,0,9.4,,,,
1997-02-10,,4.4,12.8,,0.0,0,7.6,,,,
1997-02-11,,1.1,12.2,,0.0,0,9.0,,,,
1997-02-12,,6.1,10.0,,43.4,0,21.2,,,,
1997-02-13,,4.4,7.8,,0.0,0,15.1,,,,
1997-02-14,,5.6,8.9,,2.5,0,13.3,,,,
1997-02-15,,1.7,15.6,,0.0,0,8.6,,,,
1997-02-16,,3.9,19.4,,0.0,0,5.4,,,,
1997-02-17,,2.8,20.0,,0.0,0,10.8,,,,
1997-02-18,,11.1,21.7,,0.0,0,19.4,,,,
1997-02-19,,16.7,21.7,,1.0,0,15.8,,,,
1997-02-20,,15.0,24.4,,10.7,0,23.4,,,,
1997-02-21,,8.3,16.7,,0.0,0,18.4,,,,
1997-02-22,,2.8,15.6,,0.0,0,12.2,,,,
1997-02-23,,8.9,15.0,,0.0,0,13.0,,,,
1997-02-24,,7.8,11.7,,10.7,0,17.6,,,,
1997-02-25,,7.2,8.9,,4.8,0,15.5,,,,
1997-02-26,,7.2,13.9,,6.4,0,10.8,,,,
1997-02-27,,6.7,15.0,,0.0,0,9.0,,,,
1997-02-28,,9.4,22.8,,0.3,0,7.6,,,,
1997-03-01,,16.7,28.3,,0.0,0,12.6,,,,
1997-03-02,,7.8,16.7,,0.3,0,20.5,,,,
1997-03-03,,3.9,23.9,,0.0,0,11.5,,,,
1997-03-04,,11.1,20.6,,0.3,0,7.6,,,,
1997-03-05,,10.0,21.1,,0.3,0,18.4,,,,
1997-03-06,,5.6,18.9,,0.0,0,12.6,,,,
1997-03-07,,10.6,17.8,,0.0,0,9.7,,,,
1997-03-08,,15.6,20.0,,3.0,0,11.9,,,,
1997-03-09,,18.3,26.1,,0.0,0,9.4,,,,
1997-03-10,,15.0,20.0,,0.8,0,9.7,,,,
1997-03-11,,14.4,18.3,,13.7,0,8.6,,,,
1997-03-12,,15.6,22.2,,0.3,0,6.1,,,,
1997-03-13,,16.1,28.9,,0.0,0,10.8,,,,
1997-03-14,,6.7,20.0,,0.0,0,24.8,,,,
1997-03-15,,5.6,11.7,,0.0,0,14.4,,,,
1997-03-16,,9.4,11.7,,6.6,0,9.7,,,,
1997-03-17,,11.1,22.8,,1.0,0,10.4,,,,
1997-03-18,,15.0,25.6,,0.0,0,12.2,,,,
1997-03-19,,9.4,19.4,,0.0,0,19.1,,,,
1997-03-20,,9.4,26.7,,0.0,0,9.0,,,,
1997-03-21,,9.4,30.0,,0.0,0,8.6,,,,
1997-03-22,,11.1,27.8,,0.0,0,9.0,,,,
1997-03-23,,14.4,27.8,,0.0,0,9.7,,,,
1997-03-24,,16.1,26.7,,0.0,0,20.5,,,,
1997-03-25,,11.1,20.0,,11.9,0,12.6,,,,
1997-03-26,,10.0,21.1,,0.0,0,17.3,,,,
1997-03-27,,13.3,20.6,,0.0,0,9.7,,,,
1997-03-28,,16.1,30.0,,0.0,0,9.0,,,,
1997-03-29,,15.0,26.7,,0.0,0,9.0,,,,
1997-03-30,,13.3,22.2,,0.0,0,18.0,,,,
1997-03-31,,12.2,18.3,,2.0,0,11.2,,,,
1997-04-01,,12.2,18.9,,10.2,0,8.6,,,,
1997-04-02,,16.1,20.0,,14.0,0,11.5,,,,
1997-04-03,,17.2,20.0,,15.5,0,14.8,,,,
1997-04-04,,12.2,26.7,,16.0,0,17.6,,,,
1997-04-05,,10.0,25.6,,3.8,0,13.7,,,,
1997-04-06,,11.7,22.2,,0.0,0,16.9,,,,
1997-04-07,,11.1,24.4,,0.0,0,12.2,,,,
1997-04-08,,16.1,18.9,,0.0,0,9.4,,,,
1997-04-09,,12.2,22.2,,0.3,0,13.0,,,,
1997-04-10,,12.2,21.7,,0.3,0,11.9,,,,
1997-04-11,,7.2,21.1,,2.3,0,17.6,,,,
1997-04-12,,3.9,14.4,,0.0,0,23.0,,,,
1997-04-13,,3.9,14.4,,0.0,0,16.9,,,,
1997-04-14,,8.9,19.4,,0.0,0,7.6,,,,
1997-04-15,,7.8,20.6,,0.0,0,5.8,,,,
1997-04-16,,8.3,24.4,,0.0,0,5.0,,,,
1997-04-17,,10.6,25.6,,0.0,0,7.6,,,,
1997-04-18,,12.8,18.9,,0.0,0,7.9,,,,
1997-04-19,,15.0,23.9,,0.0,0,6.8,,,,
1997-04-20,,15.0,28.3,,1.5,0,11.5,,,,
1997-04-21,,17.8,31.7,,0.0,0,16.2,,,,
1997-04-22,,16.7,25.0,,0.0,0,20.5,,,,
1997-04-23,,15.0,26.7,,0.0,0,10.8,,,,
1997-04-24,,12.2,23.9,,0.8,0,18.4,,,,
1997-04-25,,12.2,18.9,,47.8,0,23.4,,,,
1997-04-26,,11.7,15.0,,23.6,0,20.9,,,,
1997-04-27,,11.7,13.9,,6.1,0,18.4,,,,
1997-04-28,,11.7,25.0,,0.0,0,11.9,,,,
1997-04-29,,11.1,30.0,,0.0,0,12.2,,,,
1997-04-30,,17.8,28.9,,0.0,0,14.0,,,,
1997-05-01,,15.0,27.2,,0.0,0,14.8,,,,
1997-05-02,,21.1,33.9,,0.0,0,16.9,,,,
1997-05-03,,15.0,25.0,,0.0,0,15.8,,,,
1997-05-04,,13.3,26.1,,0.0,0,13.0,,,,
1997-05-05,,15.6,26.1,,0.0,0,15.5,,,,
1997-05-06,,17.8,25.0,,0.0,0,8.3,,,,
1997-05-07,,18.3,25.6,,0.3,0,13.0,,,,
1997-05-08,,19.4,28.3,,0.0,0,13.3,,,,
1997-05-09,,15.0,21.1,,46.5,0,18.4,,,,
1997-05-10,,14.4,23.9,,0.0,0,16.6,,,,
1997-05-11,,12.2,25.0,,0.0,0,5.4,,,,
1997-05-12,,15.0,24.4,,5.3,0,8.3,,,,
1997-05-13,,13.9,25.0,,0.0,0,7.9,,,,
1997-05-14,,17.8,28.9,,0.0,0,9.7,,,,
1997-05-15,,18.3,28.3,,21.6,0,8.3,,,,
1997-05-16,,18.3,26.7,,1.5,0,8.6,,,,
1997-05-17,,16.7,27.8,,0.0,0,6.1,,,,
1997-05-18,,20.6,28.3,,0.0,0,13.0,,,,
1997-05-19,,19.4,29.4,,14.5,0,11.9,,,,
1997-05-20,,18.9,22.2,,8.1,0,11.9,,,,
1997-05-21,,17.2,23.9,,0.0,0,9.4,,,,
1997-05-22,,18.3,24.4,,0.0,0,9.4,,,,
1997-05-23,,19.4,25.0,,34.8,0,6.8,,,,
1997-05-24,,19.4,30.0,,5.1,0,7.6,,,,
1997-05-25,,19.4,31.1,,0.0,0,14.0,,,,
1997-05-26,,23.3,31.7,,0.0,0,13.7,,,,
1997-05-27,,17.2,31.1,,37.3,0,11.2,,,,
1997-05-28,,20.0,27.8,,0.0,0,16.6,,,,
1997-05-29,,19.4,30.0,,0.0,0,8.6,,,,
1997-05-30,,21.7,30.0,,0.0,0,10.8,,,,
1997-05-31,,20.0,28.3,,5.3,0,13.7,,,,
1997-06-01,,16.1,30.0,,0.0,0,6.5,,,,
1997-06-02,,17.8,30.6,,0.0,0,6.5,,,,
1997-06-03,,20.0,31.1,,0.0,0,5.8,,,,
1997-06-04,,21.7,32.2,,0.0,0,7.6,,,,
1997-06-05,,21.1,30.6,,4.6,0,9.7,,,,
1997-06-06,,20.6,27.2,,16.5,0,11.2,,,,
1997-06-07,,20.0,27.8,,11.4,0,5.4,,,,
1997-06-08,,20.0,29.4,,43.9,0,7.9,,,,
1997-06-09,,20.0,30.0,,39.1,0,9.0,,,,
1997-06-10,,20.6,26.7,,16.8,0,4.0,,,,
1997-06-11,,19.4,31.1,,0.0,0,6.1,,,,
1997-06-12,,22.8,31.7,,0.0,0,14.0,,,,
1997-06-13,,23.3,31.7,,0.0,0,14.8,,,,
1997-06-14,,24.4,32.8,,0.0,0,11.2,,,,
1997-06-15,,22.2,30.6,,4.6,0,11.2,,,,
1997-06-16,,25.0,31.7,,0.0,0,13.7,,,,
1997-06-17,,21.1,33.3,,7.9,0,9.0,,,,
1997-06-18,,21.1,33.9,,0.0,0,8.6,,,,
1997-06-19,,22.8,32.8,,0.0,0,12.2,,,,
1997-06-20,,23.9,31.7,,0.0,0,16.2,,,,
1997-06-21,,20.0,26.1,,66.5,0,12.2,,,,
1997-06-22,,20.6,30.0,,6.1,0,14.0,,,,
1997-06-23,,21.7,30.0,,10.4,0,15.1,,,,
1997-06-24,,22.2,30.0,,0.0,0,8.3,,,,
1997-06-25,,21.1,32.2,,0.0,0,5.4,,,,
1997-06-26,,22.8,31.7,,0.0,0,5.8,,,,
1997-06-27,,23.3,31.7,,0.0,0,10.1,,,,
1997-06-28,,23.3,31.1,,0.0,0,11.9,,,,
1997-06-29,,23.3,31.7,,0.0,0,13.7,,,,
1997-06-30,,23.3,32.8,,0.0,0,13.3,,,,
1997-07-01,,23.9,32.8,,0.0,0,14.0,,,,
1997-07-02,,23.3,32.8,,0.0,0,12.2,,,,
1997-07-03,,23.9,33.3,,0.0,0,12.2,,,,
1997-07-04,,22.8,33.3,,0.0,0,8.6,,,,
1997-07-05,,23.3,34.4,,0.0,0,8.6,,,,
1997-07-06,,22.8,33.3,,0.0,0,7.6,,,,
1997-07-07,,22.8,33.3,,0.0,0,11.5,,,,
1997-07-08,,22.8,32.8,,0.0,0,11.9,,,,
1997-07-09,,24.4,33.9,,0.0,0,13.7,,,,
1997-07-10,,23.3,33.9,,0.0,0,13.0,,,,
1997-07-11,,23.9,33.3,,0.0,0,13.7,,,,
1997-07-12,,23.9,33.9,,0.0,0,13.0,,,,
1997-07-13,,23.3,33.3,,0.0,0,11.2,,,,
1997-07-14,,23.3,34.4,,0.0,0,8.3,,,,
1997-07-15,,22.2,36.1,,0.0,0,6.1,,,,
1997-07-16,,22.8,34.4,,0.0,0,5.8,,,,
1997-07-17,,22.8,35.0,,0.0,0,7.6,,,,
1997-07-18,,23.3,34.4,,0.0,0,9.0,,,,
1997-07-19,,23.3,34.4,,0.0,0,9.4,,,,
1997-07-20,,23.3,33.3,,0.0,0,8.6,,,,
1997-07-21,,23.9,34.4,,0.0,0,9.4,,,,
1997-07-22,,24.4,33.9,,0.0,0,10.4,,,,
1997-07-23,,23.3,35.6,,0.0,0,9.4,,,,
1997-07-24,,22.8,35.0,,0.0,0,9.4,,,,
1997-07-25,,23.9,34.4,,0.0,0,9.4,,,,
1997-07-26,,23.9,35.0,,0.0,0,10.4,,,,
1997-07-27,,23.9,35.0,,0.0,0,9.4,,,,
1997-07-28,,23.9,36.1,,0.0,0,8.3,,,,
1997-07-29,,24.4,36.1,,0.0,0,7.9,,,,
1997-07-30,,21.7,36.7,,53.8,0,8.3,,,,
1997-07-31,,22.8,32.8,,0.3,0,8.3,,,,
1997-08-01,,25.0,34.4,,0.0,0,,,,,
1997-08-02,,23.3,34.4,,0.0,0,5.8,,,,
1997-08-03,,24.4,32.8,,0.0,0,5.8,,,,
1997-08-04,,23.3,34.4,,0.0,0,4.7,,,,
1997-08-05,,25.0,35.6,,0.0,0,7.2,,,,
1997-08-06,,23.3,35.0,,0.0,0,8.6,,,,
1997-08-07,,20.6,33.3,,44.2,0,12.6,,,,
1997-08-08,,19.4,23.3,,12.2,0,7.9,,,,
1997-08-09,,22.2,33.3,,0.0,0,9.7,,,,
1997-08-10,,24.4,32.8,,0.0,0,13.7,,,,
1997-08-11,,24.4,33.3,,0.0,0,14.0,,,,
1997-08-12,,24.4,33.9,,0.0,0,10.1,,,,
1997-08-13,,25.6,33.3,,0.0,0,9.7,,,,
1997-08-14,,23.3,33.9,,0.0,0,14.4,,,,
1997-08-15,,24.4,34.4,,0.0,0,18.4,,,,
1997-08-16,,25.0,34.4,,0.0,0,18.4,,,,
1997-08-17,,24.4,35.6,,0.0,0,15.1,,,,
1997-08-18,,24.4,34.4,,0.0,0,12.2,,,,
1997-08-19,,22.8,33.9,,0.0,0,10.8,,,,
1997-08-20,,23.9,36.1,,0.0,0,9.0,,,,
1997-08-21,,23.9,36.1,,0.0,0,5.8,,,,
1997-08-22,,23.3,35.0,,0.0,0,8.6,,,,
1997-08-23,,23.3,33.3,,3.0,0,10.4,,,,
1997-08-24,,21.1,32.8,,0.0,0,7.9,,,,
1997-08-25,,21.1,32.2,,0.0,0,4.3,,,,
1997-08-26,,20.0,33.3,,0.0,0,5.4,,,,
1997-08-27,,20.0,33.9,,0.0,0,7.6,,,,
1997-08-28,,22.2,33.9,,0.0,0,9.4,,,,
1997-08-29,,22.8,34.4,,0.0,0,10.4,,,,
1997-08-30,,20.6,33.9,,0.0,0,8.3,,,,
1997-08-31,,22.2,34.4,,0.0,0,6.1,,,,
1997-09-01,,22.2,35.0,,0.0,0,6.1,,,,
1997-09-02,,24.4,34.4,,0.0,0,7.6,,,,
1997-09-03,,23.3,36.1,,11.9,0,9.0,,,,
1997-09-04,,22.8,30.6,,0.0,0,12.2,,,,
1997-09-05,,21.7,32.8,,0.0,0,9.0,,,,
1997-09-06,,18.9,33.9,,0.0,0,4.7,,,,
1997-09-07,,20.0,34.4,,0.0,0,5.8,,,,
1997-09-08,,22.8,35.6,,0.0,0,6.1,,,,
1997-09-09,,22.8,37.8,,4.8,0,8.3,,,,
1997-09-10,,22.2,34.4,,0.0,0,14.0,,,,
1997-09-11,,22.8,33.9,,0.0,0,8.6,,,,
1997-09-12,,22.2,34.4,,0.0,0,10.1,,,,
1997-09-13,,22.2,34.4,,0.0,0,9.4,,,,
1997-09-14,,22.2,35.0,,0.0,0,6.1,,,,
1997-09-15,,22.8,35.0,,0.0,0,9.0,,,,
1997-09-16,,22.2,35.6,,0.0,0,9.0,,,,
1997-09-17,,22.8,35.6,,0.0,0,11.2,,,,
1997-09-18,,23.3,35.0,,0.0,0,10.8,,,,
1997-09-19,,22.8,34.4,,0.0,0,8.3,,,,
1997-09-20,,22.2,35.6,,0.0,0,9.0,,,,
1997-09-21,,23.3,33.9,,0.0,0,14.0,,,,
1997-09-22,,22.8,28.3,,20.1,0,14.0,,,,
1997-09-23,,23.3,32.8,,0.3,0,12.2,,,,
1997-09-24,,21.1,27.8,,0.0,0,21.6,,,,
1997-09-25,,18.3,27.2,,0.0,0,15.1,,,,
1997-09-26,,17.2,30.6,,0.0,0,5.8,,,,
1997-09-27,,16.1,31.7,,0.0,0,4.7,,,,
1997-09-28,,16.7,33.3,,0.0,0,8.6,,,,
1997-09-29,,18.9,33.3,,0.0,0,6.5,,,,
1997-09-30,,18.9,33.3,,0.0,0,7.6,,,,
1997-10-01,,20.6,35.0,,0.0,0,5.8,,,,
1997-10-02,,20.6,33.9,,0.0,0,7.2,,,,
1997-10-03,,20.0,32.2,,0.0,0,7.6,,,,
1997-10-04,,19.4,32.2,,0.0,0,8.3,,,,
1997-10-05,,20.6,31.1,,0.0,0,7.6,,,,
1997-10-06,,21.1,28.3,,0.8,0,10.4,,,,
1997-10-07,,20.6,27.8,,18.5,0,9.7,,,,
1997-10-08,,22.2,29.4,,1.0,0,12.6,,,,
1997-10-09,,22.8,26.1,,12.2,0,11.2,,,,
1997-10-10,,21.1,25.0,,38.1,0,10.1,,,0,
1997-10-11,,21.7,23.3,,46.7,0,13.0,,,0,
1997-10-12,,22.2,26.7,,17.5,0,14.8,,,0,
1997-10-13,,13.9,23.9,,0.8,0,22.3,,,629,
1997-10-14,,11.7,22.8,,0.0,0,17.3,,,689,
1997-10-15,,11.1,25.0,,0.0,0,11.5,,,687,
1997-10-16,,12.8,24.4,,0.0,0,6.5,,,686,
1997-10-17,,11.7,26.1,,0.0,0,7.6,,,520,
1997-10-18,,10.6,27.2,,0.0,0,4.3,,,682,
1997-10-19,,14.4,27.8,,0.0,0,11.5,,,681,
1997-10-20,,13.3,27.2,,0.0,0,6.1,,,489,
1997-10-21,,14.4,26.7,,0.3,0,9.7,,,296,
1997-10-22,,13.3,20.0,,0.0,0,11.5,,,315,
1997-10-23,,15.0,27.8,,1.3,0,15.1,,,488,
1997-10-24,,16.7,31.7,,0.0,0,11.5,,,647,
1997-10-25,,15.0,26.7,,0.0,0,18.0,,,45,
1997-10-26,,9.4,16.7,,0.3,0,19.1,,,143,
1997-10-27,,6.1,17.8,,0.0,0,8.6,,,564,
1997-10-28,,7.2,17.2,,0.3,0,6.8,,,42,
1997-10-29,,13.9,22.8,,0.0,0,7.6,,,26,
1997-10-30,,17.8,26.1,,0.0,0,10.4,,,54,
1997-10-31,,20.0,32.2,,0.0,0,11.5,,,547,
1997-11-01,,15.6,26.1,,0.0,0,19.4,,,659,
1997-11-02,,11.1,23.9,,0.0,0,14.8,,,657,
1997-11-03,,9.4,23.3,,0.0,0,8.6,,,656,
1997-11-04,,8.3,26.1,,0.0,0,11.2,,,282,
1997-11-05,,15.0,28.3,,0.0,0,14.0,,,158,
1997-11-06,,8.9,21.1,,0.0,0,18.4,,,595,
1997-11-07,,6.1,17.8,,0.0,0,6.8,,,235,
1997-11-08,,5.6,21.7,,0.3,0,8.6,,,463,
1997-11-09,,11.7,17.2,,17.5,0,10.4,,,0,
1997-11-10,,6.1,11.7,,3.0,0,22.0,,,0,
1997-11-11,,5.6,8.3,,20.8,0,11.9,,,0,
1997-11-12,,7.2,11.1,,14.5,0,16.9,,,0,
1997-11-13,,8.3,12.2,,5.6,0,8.3,,,0,
1997-11-14,,8.9,16.1,,0.0,0,12.2,,,66,
1997-11-15,,2.2,8.9,,1.8,0,17.3,,,16,
1997-11-16,,1.1,10.0,,0.0,0,12.6,,,450,
1997-11-17,,2.2,8.9,,0.0,0,6.5,,,0,
1997-11-18,,4.4,10.6,,0.5,0,6.5,,,31,
1997-11-19,,5.6,11.7,,0.0,0,6.5,,,113,
1997-11-20,,8.3,18.3,,0.0,0,16.2,,,127,
1997-11-21,,8.9,20.0,,0.0,0,11.9,,,157,
1997-11-22,,6.1,20.0,,0.0,0,9.0,,,391,
1997-11-23,,6.7,20.0,,0.0,0,4.7,,,374,
1997-11-24,,6.1,21.1,,0.0,0,6.8,,,24,
1997-11-25,,15.6,22.2,,0.3,0,8.6,,,1,
1997-11-26,,18.9,26.1,,0.0,0,13.0,,,16,
1997-11-27,,18.3,24.4,,0.0,0,18.4,,,18,
1997-11-28,,12.2,22.8,,8.6,0,9.4,,,154,
1997-11-29,,11.1,21.1,,1.0,0,13.7,,,414,
1997-11-30,,9.4,20.0,,0.0,0,15.8,,,382,
1997-12-01,,8.3,12.2,,0.0,0,9.4,,,0,
1997-12-02,,10.0,14.4,,2.3,0,10.8,,,0,
1997-12-03,,6.7,16.7,,0.0,0,16.2,,,209,
1997-12-04,,3.9,17.2,,0.0,0,9.0,,,618,
1997-12-05,,3.9,12.8,,0.0,0,15.1,,,608,
1997-12-06,,2.2,11.7,,0.0,0,13.3,,,540,
1997-12-07,,6.7,13.3,,5.1,0,5.8,,,0,
1997-12-08,,7.8,26.7,,0.0,0,9.4,,,615,
1997-12-09,,10.0,24.4,,0.0,0,12.2,,,525,
1997-12-10,,5.0,15.6,,0.0,0,18.7,,,582,
1997-12-11,,2.8,8.3,,0.0,0,20.9,,,444,
1997-12-12,,0.6,5.0,,0.0,0,15.1,,,198,
1997-12-13,,-1.7,11.7,,0.0,0,12.2,,,613,
1997-12-14,,2.8,17.2,,0.0,0,9.7,,,612,
1997-12-15,,0.0,20.0,,0.0,0,7.6,,,612,
1997-12-16,,2.2,22.2,,0.0,0,8.6,,,612,
1997-12-17,,6.1,19.4,,0.0,0,9.4,,,612,
1997-12-18,,1.1,21.7,,0.0,0,8.3,,,612,
1997-12-19,,9.4,23.3,,10.2,0,11.2,,,477,
1997-12-20,,8.3,20.0,,70.1,0,15.1,,,0,
1997-12-21,,6.1,20.6,,0.0,0,12.2,,,594,
1997-12-22,,5.6,15.6,,0.0,0,12.2,,,567,
1997-12-23,,8.3,13.9,,10.4,0,15.1,,,219,
1997-12-24,,3.3,18.3,,0.0,0,7.2,,,612,
1997-12-25,,3.9,10.0,,0.0,0,15.5,,,197,
1997-12-26,,3.9,8.3,,10.7,0,21.2,,,0,
1997-12-27,,1.7,11.7,,0.0,0,13.0,,,612,
1997-12-28,,0.0,13.3,,0.0,0,20.5,,,592,
1997-12-29,,2.8,17.8,,0.0,0,15.8,,,612,
1997-12-30,,1.7,20.6,,0.0,0,7.6,,,393,
1997-12-31,,5.6,14.4,,0.0,0,13.7,,,498,
1998-01-01,,5.6,18.3,,0.0,0,7.9,,,0,
1998-01-02,,16.1,21.1,,1.0,0,16.2,,,0,
1998-01-03,,17.2,22.8,,0.3,0,17.3,,,25,
1998-01-04,,18.3,23.3,,3.0,0,12.2,,,50,
1998-01-05,,18.9,23.9,,0.3,0,9.0,,,64,
1998-01-06,,11.7,20.0,,36.6,0,15.1,,,0,
1998-01-07,,4.4,11.7,,1.8,0,22.7,,,192,
1998-01-08,,5.0,17.2,,0.0,0,16.6,,,611,
1998-01-09,,1.1,21.7,,0.0,0,7.9,,,287,
1998-01-10,,8.3,14.4,,0.0,0,10.8,,,0,
1998-01-11,,8.3,17.8,,0.0,0,4.0,,,14,
1998-01-12,,12.2,23.3,,0.0,0,7.2,,,25,
1998-01-13,,6.7,16.1,,0.3,0,17.3,,,0,
1998-01-14,,6.1,15.0,,0.0,0,11.5,,,0,
1998-01-15,,2.2,17.2,,0.0,0,15.5,,,620,
1998-01-16,,3.9,21.1,,0.0,0,13.7,,,625,
1998-01-17,,6.1,17.8,,0.0,0,9.4,,,475,
1998-01-18,,10.0,23.3,,0.0,0,14.4,,,447,
1998-01-19,,5.0,15.6,,0.0,0,12.2,,,593,
1998-01-20,,7.2,19.4,,0.0,0,11.2,,,7,
1998-01-21,,8.3,24.4,,0.3,0,12.6,,,44,
1998-01-22,,6.1,9.4,,0.0,0,19.4,,,8,
1998-01-23,,2.8,15.0,,0.0,0,9.0,,,568,
1998-01-24,,2.2,15.6,,0.0,0,7.2,,,614,
1998-01-25,,4.4,16.7,,0.0,0,9.4,,,0,
1998-01-26,,10.6,20.6,,0.0,0,19.1,,,637,
1998-01-27,,5.6,20.0,,0.0,0,5.8,,,639,
1998-01-28,,6.1,22.2,,0.0,0,12.2,,,337,
1998-01-29,,8.3,23.3,,0.0,0,6.5,,,183,
1998-01-30,,12.8,23.3,,0.0,0,9.4,,,277,
1998-01-31,,12.8,16.1,,24.6,0,8.6,,,0,
1998-02-01,,12.8,16.7,,0.3,0,13.3,,,0,
1998-02-02,,11.1,16.1,,0.0,0,20.5,,,44,
1998-02-03,,7.8,18.9,,0.0,0,14.4,,,648,
1998-02-04,,5.6,16.1,,0.0,0,12.2,,,377,
1998-02-05,,6.7,15.6,,5.8,0,10.1,,,117,
1998-02-06,,5.0,12.2,,0.0,0,18.4,,,330,
1998-02-07,,2.8,16.1,,0.0,0,8.3,,,637,
1998-02-08,,5.6,24.4,,0.0,0,7.9,,,539,
1998-02-09,,7.2,22.2,,0.0,0,5.8,,,193,
1998-02-10,,10.6,18.9,,10.2,0,18.4,,,224,
1998-02-11,,7.2,20.0,,0.0,0,11.9,,,652,
1998-02-12,,6.7,18.3,,3.8,0,9.7,,,258,
1998-02-13,,7.8,15.0,,0.0,0,7.6,,,87,
1998-02-14,,8.9,11.7,,12.2,0,8.6,,,0,
1998-02-15,,10.0,12.8,,0.0,0,11.9,,,11,
1998-02-16,,9.4,18.3,,10.2,0,10.1,,,203,
1998-02-17,,5.6,15.6,,0.0,0,12.6,,,628,
1998-02-18,,3.9,19.4,,0.0,0,8.6,,,322,
1998-02-19,,8.3,17.8,,0.0,0,16.2,,,637,
1998-02-20,,4.4,19.4,,0.0,0,9.4,,,676,
1998-02-21,,7.2,13.9,,16.8,0,13.0,,,0,
1998-02-22,,9.4,17.8,,0.0,0,12.6,,,591,
1998-02-23,,6.7,27.2,,0.0,0,9.0,,,681,
1998-02-24,,7.8,25.0,,0.0,0,13.0,,,469,
1998-02-25,,12.2,25.0,,22.4,0,18.4,,,157,
1998-02-26,,11.7,21.1,,1.3,0,16.2,,,599,
1998-02-27,,5.0,21.7,,0.0,0,12.2,,,208,
1998-02-28,,9.4,16.7,,0.0,0,16.6,,,492,
1998-03-01,,5.0,17.2,,0.0,0,11.9,,,686,
1998-03-02,,4.4,17.8,,0.0,0,11.5,,,672,
1998-03-03,,4.4,16.7,,0.0,0,11.2,,,147,
1998-03-04,,10.0,24.4,,0.0,0,17.6,,,171,
1998-03-05,,13.9,27.2,,0.0,0,15.1,,,276,
1998-03-06,,10.0,13.9,,0.3,0,17.3,,,0,
1998-03-07,,9.4,21.1,,2.5,0,13.0,,,93,
1998-03-08,,5.0,13.3,,0.5,0,25.9,,,344,
1998-03-09,,2.8,13.3,,0.0,0,20.5,,,707,
1998-03-10,,0.0,11.7,,0.0,0,17.3,,,709,
1998-03-11,,1.1,16.7,,0.0,0,13.0,,,519,
1998-03-12,,2.2,7.8,,1.5,0,14.4,,,0,
1998-03-13,,5.6,14.4,,4.6,0,9.4,,,0,
1998-03-14,,12.8,17.2,,5.1,0,11.9,,,0,
1998-03-15,,16.1,19.4,,5.6,0,20.2,,,0,
1998-03-16,,11.7,23.3,,34.0,0,15.5,,,442,
1998-03-17,,10.6,23.9,,0.0,0,11.2,,,721,
1998-03-18,,10.6,26.7,,0.0,0,9.4,,,707,
1998-03-19,,8.3,20.0,,0.0,0,22.3,,,498,
1998-03-20,,5.6,17.8,,0.0,0,22.0,,,727,
1998-03-21,,6.1,18.9,,0.0,0,12.2,,,690,
1998-03-22,,7.2,22.8,,0.0,0,7.6,,,730,
1998-03-23,,8.9,26.7,,0.0,0,16.6,,,733,
1998-03-24,,13.3,26.7,,0.0,0,19.1,,,532,
1998-03-25,,17.8,25.6,,0.0,0,23.0,,,497,
1998-03-26,,18.9,26.7,,0.0,0,28.4,,,359,
1998-03-27,,13.9,28.9,,5.8,0,15.8,,,488,
1998-03-28,,18.3,27.8,,0.0,0,18.4,,,594,
1998-03-29,,18.9,27.8,,0.0,0,22.3,,,341,
1998-03-30,,15.6,28.3,,15.0,0,22.7,,,261,
1998-03-31,,11.1,23.3,,3.0,0,12.6,,,747,
1998-04-01,16.7,7.2,25.6,,0.0,0,7.6,,,750,
1998-04-02,17.2,8.9,25.0,,0.0,0,9.0,,,514,
1998-04-03,20.0,12.2,27.2,,0.0,0,14.8,,,753,
1998-04-04,16.7,10.6,22.8,,0.0,0,14.0,,,754,
1998-04-05,17.2,10.0,24.4,,0.0,0,11.2,,,705,
1998-04-06,18.3,14.4,21.7,,0.0,0,13.0,,,50,
1998-04-07,23.9,17.2,30.0,,0.0,0,9.4,,,671,
1998-04-08,22.2,15.6,28.3,,10.2,0,16.6,,,560,
1998-04-09,19.4,12.8,25.6,,0.0,0,12.6,,,763,
1998-04-10,17.8,10.0,25.6,,0.0,0,6.8,,,765,
1998-04-11,18.3,10.6,26.1,,0.0,0,13.3,,,767,
1998-04-12,21.1,15.6,26.1,,0.0,0,22.7,,,371,
1998-04-13,23.9,18.9,28.9,,0.3,0,10.4,,,501,
1998-04-14,23.9,18.9,28.3,,0.0,0,13.0,,,521,
1998-04-15,23.3,18.3,27.8,,0.0,0,11.9,,,123,
1998-04-16,21.7,16.1,27.2,,0.0,0,18.0,,,685,
1998-04-17,17.8,13.9,21.7,,0.0,0,20.9,,,193,
1998-04-18,18.9,13.3,23.9,,0.0,0,15.1,,,311,
1998-04-19,18.3,10.0,26.1,,0.0,0,5.8,,,672,
1998-04-20,18.3,11.1,25.6,,0.0,0,10.1,,,725,
1998-04-21,17.8,12.2,23.3,,2.3,0,16.2,,,551,
1998-04-22,19.4,11.7,27.2,,0.0,0,9.0,,,787,
1998-04-23,20.0,11.1,28.3,,0.0,0,6.5,,,788,
1998-04-24,21.1,12.8,29.4,,0.0,0,16.6,,,765,
1998-04-25,21.1,15.6,26.1,,0.0,0,20.9,,,295,
1998-04-26,21.7,19.4,23.9,,6.6,0,10.1,,,52,
1998-04-27,19.4,16.1,22.8,,0.5,0,13.7,,,245,
1998-04-28,18.3,13.3,22.8,,0.0,0,13.0,,,572,
1998-04-29,18.9,12.2,25.6,,0.0,0,10.8,,,771,
1998-04-30,21.1,11.1,30.6,,0.0,0,9.7,,,751,
1998-05-01,24.4,15.0,33.3,,0.0,0,11.5,,,591,
1998-05-02,22.8,14.4,31.1,,0.0,0,13.7,,,581,
1998-05-03,23.9,18.3,28.9,,0.0,0,11.5,,,408,
1998-05-04,23.3,16.1,30.0,,0.0,0,10.4,,,681,
1998-05-05,25.0,20.0,30.0,,0.0,0,15.5,,,342,
1998-05-06,28.3,21.7,34.4,,0.0,0,13.3,,,440,
1998-05-07,29.4,19.4,38.9,,0.0,0,9.7,,,565,
1998-05-08,25.6,19.4,31.7,,0.0,0,13.0,,,157,
1998-05-09,28.9,21.7,36.1,,0.0,0,14.8,,,781,
1998-05-10,25.6,18.3,32.2,,0.0,0,11.2,,,814,
1998-05-11,24.4,16.1,32.2,,0.0,0,11.5,,,672,
1998-05-12,25.6,20.6,30.6,,0.0,0,15.8,,,598,
1998-05-13,25.0,20.6,29.4,,0.0,0,12.6,,,40,
1998-05-14,26.7,22.2,30.6,,0.0,0,13.7,,,0,
1998-05-15,27.8,23.3,32.2,,0.0,0,10.1,,,73,
1998-05-16,26.1,22.2,29.4,,0.0,0,7.2,,,0,
1998-05-17,26.7,20.0,32.8,,0.0,0,13.7,,,288,
1998-05-18,25.6,18.3,32.2,,0.0,0,11.9,,,262,
1998-05-19,26.1,17.8,34.4,,0.0,0,13.7,,,623,
1998-05-20,28.3,22.2,33.9,,0.0,0,15.1,,,476,
1998-05-21,28.3,22.2,33.9,,0.0,0,16.6,,,571,
1998-05-22,27.8,21.1,34.4,,0.0,0,16.6,,,628,
1998-05-23,26.7,22.2,31.1,,0.0,0,12.2,,,189,
1998-05-24,28.9,23.3,33.9,,0.0,0,15.5,,,247,
1998-05-25,27.8,22.8,32.8,,0.0,0,12.6,,,68,
1998-05-26,28.3,23.9,32.2,,0.0,0,13.0,,,129,
1998-05-27,26.1,18.9,32.8,,18.5,0,11.9,,,631,
1998-05-28,28.3,21.7,35.0,,0.0,0,10.1,,,674,
1998-05-29,28.3,21.1,35.6,,0.0,0,9.0,,,620,
1998-05-30,28.9,21.1,36.1,,0.0,0,9.4,,,693,
1998-05-31,30.6,23.3,37.2,,0.0,0,11.9,,,745,
1998-06-01,30.0,22.2,37.2,,0.0,0,13.0,,,839,
1998-06-02,30.0,22.8,36.7,,0.0,0,16.6,,,736,
1998-06-03,30.6,25.0,36.1,,0.0,0,17.6,,,665,
1998-06-04,31.7,26.7,36.7,,0.0,0,16.6,,,385,
1998-06-05,27.2,20.0,34.4,,7.9,0,14.8,,,188,
1998-06-06,23.3,17.8,28.9,,0.0,0,18.0,,,826,
1998-06-07,24.4,18.3,30.6,,0.0,0,15.1,,,67,
1998-06-08,30.0,25.0,35.0,,0.0,0,22.7,,,412,
1998-06-09,30.6,25.0,35.6,,0.0,0,16.6,,,290,
1998-06-10,31.1,26.1,35.6,,0.0,0,19.8,,,437,
1998-06-11,27.2,21.7,32.8,,21.6,0,10.8,,,277,
1998-06-12,31.1,26.1,36.1,,0.0,0,15.1,,,585,
1998-06-13,31.1,24.4,37.2,,0.0,0,15.5,,,530,
1998-06-14,33.9,25.0,42.2,,0.0,0,13.3,,,839,
1998-06-15,31.1,22.2,40.0,,0.0,0,12.2,,,809,
1998-06-16,30.6,22.8,37.8,,0.0,0,16.2,,,846,
1998-06-17,30.6,25.0,36.1,,0.0,0,20.5,,,494,
1998-06-18,32.2,27.2,36.7,,0.0,0,18.0,,,547,
1998-06-19,32.2,26.1,37.8,,0.0,0,18.0,,,733,
1998-06-20,32.2,26.1,38.3,,0.0,0,17.6,,,714,
1998-06-21,31.7,24.4,38.3,,0.0,0,18.7,,,799,
1998-06-22,31.7,25.6,37.2,,0.0,0,16.6,,,687,
1998-06-23,31.1,25.0,36.7,,0.0,0,16.6,,,668,
1998-06-24,31.1,25.0,36.7,,0.0,0,16.6,,,668,
1998-06-25,30.6,24.4,36.7,,0.0,0,13.0,,,680,
1998-06-26,31.1,25.0,36.7,,0.0,0,7.6,,,580,
1998-06-27,31.7,25.0,38.3,,0.0,0,12.6,,,751,
1998-06-28,31.1,26.1,36.1,,2.5,0,13.3,,,444,
1998-06-29,28.3,24.4,31.7,,7.6,0,8.3,,,204,
1998-06-30,30.6,24.4,36.1,,0.0,0,12.2,,,486,
1998-07-01,31.7,25.6,37.2,,0.0,0,9.0,,,486,
1998-07-02,30.6,25.0,36.1,,0.0,0,11.9,,,807,
1998-07-03,28.3,23.9,32.8,,5.3,0,10.8,,,215,
1998-07-04,27.8,25.0,30.6,,15.5,0,10.8,,,70,
1998-07-05,30.6,25.6,35.6,,0.0,0,13.7,,,500,
1998-07-06,30.6,23.9,37.2,,0.0,0,11.9,,,791,
1998-07-07,31.7,24.4,38.3,,0.0,0,12.6,,,833,
1998-07-08,30.6,24.4,36.1,,0.0,0,13.7,,,725,
1998-07-09,31.1,25.6,36.7,,0.0,0,11.2,,,199,
1998-07-10,31.7,26.1,37.2,,0.0,0,13.7,,,760,
1998-07-11,31.7,25.0,38.3,,0.0,0,15.1,,,804,
1998-07-12,32.2,25.0,39.4,,0.0,0,13.3,,,808,
1998-07-13,32.2,26.7,37.8,,2.0,0,9.0,,,352,
1998-07-14,31.1,23.9,38.3,,0.0,0,8.3,,,682,
1998-07-15,30.0,22.8,37.2,,0.0,0,7.9,,,607,
1998-07-16,31.7,24.4,38.9,,0.0,0,7.6,,,814,
1998-07-17,32.2,25.0,39.4,,0.0,0,10.1,,,718,
1998-07-18,31.7,25.0,37.8,,0.0,0,9.7,,,691,
1998-07-19,31.1,24.4,37.8,,0.0,0,13.7,,,732,
1998-07-20,31.1,25.0,37.2,,0.0,0,13.0,,,650,
1998-07-21,31.1,25.0,37.2,,0.0,0,12.6,,,683,
1998-07-22,31.7,25.6,37.8,,0.0,0,13.7,,,799,
1998-07-23,31.1,24.4,37.8,,0.0,0,14.8,,,799,
1998-07-24,31.1,24.4,37.8,,0.0,0,13.0,,,765,
1998-07-25,31.7,25.0,38.3,,0.0,0,14.0,,,759,
1998-07-26,31.7,25.6,37.8,,0.0,0,15.8,,,685,
1998-07-27,31.7,25.6,37.8,,0.0,0,13.0,,,694,
1998-07-28,31.7,25.0,37.8,,0.0,0,13.0,,,748,
1998-07-29,31.1,23.9,37.8,,0.0,0,15.5,,,820,
1998-07-30,31.7,24.4,38.3,,0.0,0,16.2,,,747,
1998-07-31,31.7,23.9,38.9,,0.0,0,11.5,,,761,
1998-08-01,32.2,24.4,40.0,,0.0,0,8.3,,,807,
1998-08-02,31.7,23.9,39.4,,0.0,0,9.0,,,792,
1998-08-03,32.8,25.0,40.6,,0.0,0,10.1,,,701,
1998-08-04,32.2,25.0,38.9,,0.0,0,10.1,,,474,
1998-08-05,30.0,24.4,35.6,,0.0,0,7.6,,,364,
1998-08-06,27.2,22.2,31.7,,3.6,0,7.2,,,154,
1998-08-07,28.3,23.3,33.3,,1.5,0,8.3,,,446,
1998-08-08,31.1,24.4,37.2,,0.0,0,9.4,,,615,
1998-08-09,30.6,23.3,37.2,,0.0,0,10.1,,,769,
1998-08-10,31.1,23.9,37.8,,0.0,0,10.1,,,803,
1998-08-11,31.7,24.4,38.3,,0.0,0,9.7,,,801,
1998-08-12,31.1,24.4,37.8,,0.0,0,9.4,,,773,
1998-08-13,31.1,26.1,36.1,,0.0,0,10.8,,,417,
1998-08-14,26.1,23.9,28.3,,1.3,0,6.8,,,84,
1998-08-15,29.4,22.2,36.7,,0.0,0,7.9,,,724,
1998-08-16,28.9,23.3,34.4,,0.0,0,6.1,,,293,
1998-08-17,28.3,25.0,31.1,,2.3,0,4.0,,,21,
1998-08-18,29.4,24.4,33.9,,4.3,0,5.0,,,204,
1998-08-19,30.0,23.9,35.6,,0.0,0,3.2,,,536,
1998-08-20,31.7,24.4,38.3,,0.0,0,9.0,,,500,
1998-08-21,30.0,23.3,36.7,,0.8,0,11.9,,,247,
1998-08-22,25.0,23.3,26.7,,14.0,0,17.6,,,0,
1998-08-23,27.2,24.4,30.0,,6.6,0,10.8,,,105,
1998-08-24,29.4,24.4,33.9,,0.3,0,6.8,,,277,
1998-08-25,30.0,25.0,35.0,,0.0,0,6.1,,,530,
1998-08-26,30.0,24.4,35.6,,0.0,0,6.8,,,502,
1998-08-27,30.6,24.4,36.1,,0.0,0,7.2,,,615,
1998-08-28,31.7,26.1,36.7,,0.0,0,7.2,,,571,
1998-08-29,32.2,25.0,38.9,,0.0,0,9.0,,,503,
1998-08-30,30.0,22.8,36.7,,0.8,0,7.2,,,413,
1998-08-31,30.0,23.9,36.1,,0.0,0,6.8,,,379,
1998-09-01,30.6,24.4,36.7,,1.5,0,9.4,,,468,
1998-09-02,31.7,25.6,37.2,,0.0,0,7.9,,,611,
1998-09-03,32.8,26.1,38.9,,0.5,0,7.2,,,596,
1998-09-04,31.7,24.4,38.3,,0.0,0,5.8,,,425,
1998-09-05,29.4,22.2,36.1,,0.0,0,6.8,,,609,
1998-09-06,30.0,23.9,36.1,,0.0,0,6.1,,,568,
1998-09-07,30.0,23.3,36.7,,0.0,0,7.6,,,627,
1998-09-08,29.4,23.3,35.6,,0.0,0,11.2,,,584,
1998-09-09,31.1,25.0,36.7,,0.0,0,16.9,,,561,
1998-09-10,25.0,21.7,28.3,,5.8,0,26.3,,,8,
1998-09-11,23.3,22.2,23.9,,59.7,0,30.2,,,0,
1998-09-12,23.9,22.2,25.0,,5.8,0,15.8,,,0,
1998-09-13,25.6,22.8,27.8,,0.0,0,6.1,,,24,
1998-09-14,25.6,23.3,27.2,,4.3,0,4.0,,,0,
1998-09-15,26.7,22.8,30.6,,51.3,0,10.4,,,137,
1998-09-16,23.9,22.2,25.6,,37.8,0,13.0,,,2,
1998-09-17,27.2,23.9,30.6,,0.0,0,14.0,,,120,
1998-09-18,28.3,23.9,32.8,,0.0,0,11.5,,,455,
1998-09-19,28.3,23.3,33.3,,0.0,0,5.4,,,596,
1998-09-20,28.3,23.3,33.3,,0.0,0,4.7,,,600,
1998-09-21,28.9,23.9,33.3,,0.0,0,7.2,,,567,
1998-09-22,28.9,23.9,33.9,,0.0,0,4.7,,,553,
1998-09-23,28.9,23.3,34.4,,0.5,0,9.7,,,496,
1998-09-24,28.3,23.9,32.8,,0.0,0,6.1,,,523,
1998-09-25,27.8,22.8,32.2,,0.0,0,7.6,,,464,
1998-09-26,28.3,23.9,32.8,,0.0,0,7.6,,,326,
1998-09-27,28.9,24.4,33.3,,0.0,0,3.2,,,676,
1998-09-28,30.6,25.0,35.6,,4.3,0,3.6,,,570,
1998-09-29,30.0,23.9,35.6,,0.0,0,3.2,,,664,
1998-09-30,28.3,23.3,33.3,,0.0,0,3.6,,,608,
1998-10-01,27.8,22.8,32.8,,0.0,0,10.1,,,660,
1998-10-02,28.3,23.9,32.2,,0.0,0,15.1,,,275,
1998-10-03,28.9,24.4,32.8,,0.0,0,14.4,,,449,
1998-10-04,29.4,25.0,33.3,,0.0,0,17.6,,,464,
1998-10-05,25.0,17.2,32.8,,8.9,0,22.7,,,414,
1998-10-06,18.9,13.9,23.3,,76.5,0,22.0,,,237,
1998-10-07,20.6,13.3,27.8,,0.0,0,10.4,,,692,
1998-10-08,20.0,12.2,27.8,,0.0,0,4.7,,,700,
1998-10-09,20.6,14.4,26.1,,0.0,0,3.2,,,691,
1998-10-10,20.0,13.3,26.7,,0.0,0,6.1,,,682,
1998-10-11,21.7,14.4,28.3,,0.0,0,4.0,,,602,
1998-10-12,25.6,21.7,29.4,,0.0,0,8.6,,,353,
1998-10-13,24.4,19.4,28.9,,0.0,0,5.4,,,379,
1998-10-14,22.8,17.2,27.8,,0.0,0,6.1,,,231,
1998-10-15,23.9,17.8,29.4,,0.0,0,12.2,,,326,
1998-10-16,25.6,20.6,30.6,,0.0,0,16.2,,,259,
1998-10-17,23.3,20.6,25.6,,158.5,0,11.9,,,0,
1998-10-18,19.4,16.7,22.2,,37.1,0,17.3,,,0,
1998-10-19,16.1,15.0,17.2,,25.9,0,16.2,,,0,
1998-10-20,18.3,16.1,20.0,,2.5,0,12.6,,,0,
1998-10-21,15.6,13.9,16.7,,3.8,0,18.7,,,0,
1998-10-22,18.3,13.9,22.2,,0.0,0,17.6,,,583,
1998-10-23,15.6,10.6,20.0,,0.0,0,9.0,,,558,
1998-10-24,16.7,10.6,22.8,,0.0,0,4.7,,,590,
1998-10-25,20.0,13.3,26.1,,0.0,0,5.8,,,359,
1998-10-26,22.8,18.3,26.7,,0.0,0,10.1,,,297,
1998-10-27,22.2,19.4,25.0,,1.3,0,10.1,,,43,
1998-10-28,23.3,19.4,26.7,,0.3,0,7.2,,,20,
1998-10-29,23.9,20.6,27.2,,0.0,0,9.4,,,337,
1998-10-30,23.9,20.6,26.7,,0.0,0,9.0,,,44,
1998-10-31,24.4,20.6,28.3,,0.0,0,14.0,,,132,
1998-11-01,18.3,12.8,23.9,,43.7,0,14.8,,,338,
1998-11-02,17.8,10.6,24.4,,0.0,0,5.8,,,657,
1998-11-03,18.9,11.7,25.6,,0.0,0,6.1,,,486,
1998-11-04,13.9,9.4,18.3,,3.0,0,20.5,,,0,
1998-11-05,10.0,7.2,12.8,,1.0,0,15.8,,,27,
1998-11-06,8.3,5.6,11.1,,0.3,0,11.2,,,0,
1998-11-07,12.2,10.6,13.3,,4.1,0,7.6,,,0,
1998-11-08,14.4,12.8,15.6,,0.3,0,4.7,,,0,
1998-11-09,19.4,13.3,25.0,,0.0,0,14.0,,,3,
1998-11-10,17.2,10.0,23.9,,0.5,0,15.8,,,440,
1998-11-11,13.9,7.8,19.4,,0.0,0,9.0,,,520,
1998-11-12,12.8,10.6,14.4,,22.1,0,11.9,,,0,
1998-11-13,13.3,10.6,15.6,,7.1,0,14.0,,,0,
1998-11-14,14.4,12.8,16.1,,19.8,0,13.0,,,0,
1998-11-15,16.7,13.3,20.0,,0.0,0,13.7,,,164,
1998-11-16,17.2,10.0,23.9,,0.0,0,6.1,,,386,
1998-11-17,17.8,11.1,23.9,,0.0,0,6.1,,,489,
1998-11-18,21.1,16.7,25.0,,0.0,0,12.2,,,195,
1998-11-19,22.8,18.9,26.7,,0.3,0,11.2,,,195,
1998-11-20,16.7,11.7,21.7,,0.5,0,18.7,,,25,
1998-11-21,15.0,11.1,18.9,,0.0,0,10.8,,,368,
1998-11-22,15.6,7.8,22.8,,0.0,0,6.5,,,632,
1998-11-23,18.3,13.3,22.8,,0.0,0,9.7,,,201,
1998-11-24,19.4,13.3,25.6,,0.0,0,5.8,,,332,
1998-11-25,23.3,18.3,27.8,,0.0,0,9.7,,,357,
1998-11-26,20.6,14.4,26.1,,0.0,0,5.0,,,453,
1998-11-27,20.6,15.6,25.6,,0.0,0,7.6,,,29,
1998-11-28,21.1,16.7,25.6,,0.0,0,11.9,,,96,
1998-11-29,23.9,20.0,27.2,,0.0,0,18.7,,,113,
1998-11-30,22.2,16.7,27.2,,0.0,0,10.8,,,491,
1998-12-01,18.9,13.9,23.9,,0.0,0,8.3,,,401,
1998-12-02,21.1,15.6,26.1,,0.0,0,10.4,,,358,
1998-12-03,21.7,18.9,23.9,,3.8,0,15.8,,,12,
1998-12-04,22.2,18.9,25.6,,0.0,0,14.0,,,180,
1998-12-05,23.9,20.6,26.7,,0.0,0,18.7,,,140,
1998-12-06,21.7,17.8,25.6,,0.0,0,16.2,,,61,
1998-12-07,13.9,8.9,18.3,,0.0,0,17.3,,,0,
1998-12-08,9.4,5.6,13.3,,0.0,0,18.4,,,307,
1998-12-09,9.4,7.8,11.1,,0.8,0,13.0,,,0,
1998-12-10,8.3,7.2,8.9,,19.6,0,23.8,,,0,
1998-12-11,6.7,5.6,7.2,,12.7,0,20.9,,,0,
1998-12-12,10.0,5.6,14.4,,0.0,0,15.1,,,250,
1998-12-13,11.1,2.8,19.4,,0.0,0,10.4,,,412,
1998-12-14,13.3,7.8,18.9,,0.0,0,9.4,,,612,
1998-12-15,11.1,5.0,17.2,,0.0,0,4.0,,,556,
1998-12-16,11.7,3.9,19.4,,0.0,0,5.0,,,612,
1998-12-17,12.2,7.8,16.1,,0.0,0,8.6,,,405,
1998-12-18,11.1,6.7,15.6,,1.0,0,2.9,,,48,
1998-12-19,12.8,7.8,17.2,,0.0,0,12.2,,,408,
1998-12-20,12.2,9.4,15.0,,0.0,0,5.4,,,0,
1998-12-21,12.8,0.0,25.0,,0.0,0,18.4,,,2,
1998-12-22,-1.1,-2.8,0.6,,0.0,0,25.9,,,0,
1998-12-23,-1.1,-3.3,0.6,,1.8,0,16.6,,,0,
1998-12-24,0.0,-1.1,1.1,,0.0,0,18.0,,,0,
1998-12-25,2.2,-1.7,6.1,,0.0,0,8.6,,,213,
1998-12-26,5.0,-3.9,13.3,,0.0,0,7.6,,,600,
1998-12-27,13.3,3.9,22.2,,0.0,0,10.8,,,173,
1998-12-28,11.1,5.6,16.7,,0.0,0,9.4,,,460,
1998-12-29,13.9,4.4,22.8,,0.0,0,14.0,,,466,
1998-12-30,10.6,3.9,17.2,,0.0,0,10.4,,,557,
1998-12-31,13.3,10.6,15.6,,0.0,0,11.5,,,0,
1999-01-01,17.2,10.6,23.9,,0.3,0,9.4,,,129,
1999-01-02,11.1,3.9,17.8,,0.0,0,25.6,,,605,
1999-01-03,2.8,0.0,5.0,,0.0,0,21.2,,,82,
1999-01-04,1.7,-2.2,5.6,,0.0,0,7.2,,,605,
1999-01-05,5.6,-2.8,13.3,,0.0,0,13.0,,,379,
1999-01-06,12.2,7.2,17.2,,0.0,0,7.2,,,195,
1999-01-07,16.7,9.4,23.3,,0.3,0,8.6,,,162,
1999-01-08,13.3,2.2,23.9,,0.0,0,20.9,,,264,
1999-01-09,4.4,-0.6,8.9,,0.0,0,20.2,,,492,
1999-01-10,5.6,-2.8,13.9,,0.0,0,6.5,,,619,
1999-01-11,11.7,2.8,20.0,,0.0,0,12.2,,,547,
1999-01-12,17.8,12.8,22.8,,0.0,0,14.0,,,389,
1999-01-13,11.7,4.4,18.3,,0.0,0,13.0,,,178,
1999-01-14,9.4,3.9,14.4,,0.0,0,16.6,,,486,
1999-01-15,8.9,-1.1,18.3,,0.0,0,9.4,,,625,
1999-01-16,13.9,5.0,22.8,,0.0,0,13.7,,,615,
1999-01-17,20.0,12.2,27.2,,0.0,0,9.4,,,527,
1999-01-18,16.1,10.0,21.7,,0.0,0,9.0,,,627,
1999-01-19,15.6,7.2,23.9,,0.0,0,11.5,,,343,
1999-01-20,17.8,11.7,23.9,,0.0,0,11.5,,,198,
1999-01-21,22.8,18.3,26.7,,0.0,0,13.3,,,480,
1999-01-22,14.4,7.8,20.6,,0.0,0,19.8,,,261,
1999-01-23,13.3,7.2,18.9,,0.0,0,10.1,,,634,
1999-01-24,13.9,3.9,23.9,,0.0,0,9.4,,,634,
1999-01-25,16.1,8.3,23.9,,0.0,0,9.0,,,636,
1999-01-26,18.3,12.8,23.9,,0.0,0,18.0,,,396,
1999-01-27,20.0,15.0,24.4,,0.0,0,14.8,,,206,
1999-01-28,20.6,16.1,25.0,,1.0,0,10.4,,,38,
1999-01-29,15.0,8.9,20.6,,3.6,0,14.0,,,12,
1999-01-30,10.0,4.4,15.6,,0.0,0,13.3,,,634,
1999-01-31,12.2,6.1,17.8,,0.0,0,7.2,,,509,
1999-02-01,13.9,5.6,22.2,,0.0,0,7.9,,,542,
1999-02-02,15.0,10.0,19.4,,0.0,0,10.4,,,409,
1999-02-03,17.2,8.3,25.6,,0.0,0,8.3,,,382,
1999-02-04,17.8,13.3,21.7,,0.0,0,14.0,,,70,
1999-02-05,20.0,16.1,23.9,,0.0,0,10.1,,,20,
1999-02-06,22.8,19.4,25.6,,0.0,0,14.4,,,29,
1999-02-07,22.2,15.6,28.3,,0.0,0,7.6,,,623,
1999-02-08,20.0,16.7,23.3,,0.0,0,11.5,,,13,
1999-02-09,24.4,19.4,28.9,,0.0,0,12.6,,,405,
1999-02-10,23.3,18.9,27.8,,0.0,0,18.4,,,215,
1999-02-11,16.1,9.4,22.8,,0.5,0,23.4,,,95,
1999-02-12,9.4,3.9,15.0,,0.0,0,14.8,,,641,
1999-02-13,11.7,3.3,19.4,,0.0,0,6.8,,,644,
1999-02-14,11.1,0.6,21.1,,0.0,0,10.1,,,666,
1999-02-15,15.0,5.6,23.9,,0.0,0,15.5,,,611,
1999-02-16,15.6,10.6,20.6,,0.0,0,10.1,,,161,
1999-02-17,15.0,8.9,21.1,,0.0,0,10.8,,,555,
1999-02-18,17.8,9.4,26.1,,0.0,0,13.3,,,656,
1999-02-19,14.4,8.3,20.6,,0.0,0,12.2,,,556,
1999-02-20,16.1,10.6,21.7,,0.0,0,13.3,,,69,
1999-02-21,12.2,6.7,17.2,,0.0,0,16.9,,,648,
1999-02-22,10.0,2.8,16.7,,0.0,0,14.4,,,307,
1999-02-23,16.7,11.1,22.2,,0.0,0,9.0,,,639,
1999-02-24,16.1,7.8,23.9,,0.0,0,11.9,,,216,
1999-02-25,18.9,13.3,24.4,,0.0,0,11.2,,,26,
1999-02-26,21.1,18.9,22.8,,0.0,0,15.5,,,18,
1999-02-27,23.3,16.1,30.6,,0.3,0,15.1,,,314,
1999-02-28,17.2,8.9,25.6,,0.0,0,10.4,,,542,
1999-03-01,18.9,8.3,28.9,,0.0,0,13.0,,,693,
1999-03-02,23.3,16.1,30.6,,0.0,0,22.7,,,632,
1999-03-03,14.4,9.4,18.9,,0.0,0,15.1,,,697,
1999-03-04,13.3,5.6,21.1,,0.0,0,12.2,,,535,
1999-03-05,22.2,18.3,26.1,,0.5,0,12.2,,,420,
1999-03-06,19.4,13.3,25.0,,0.0,0,15.5,,,240,
1999-03-07,13.9,11.1,16.7,,0.3,0,17.3,,,0,
1999-03-08,21.1,13.9,28.3,,6.4,0,18.0,,,341,
1999-03-09,16.7,11.1,22.2,,0.0,0,14.8,,,534,
1999-03-10,20.0,14.4,25.6,,0.0,0,5.8,,,150,
1999-03-11,21.1,16.7,25.6,,0.5,0,11.5,,,100,
1999-03-12,17.8,10.6,24.4,,33.8,0,15.1,,,15,
1999-03-13,8.9,5.6,12.2,,4.3,0,25.9,,,300,
1999-03-14,11.1,4.4,17.8,,0.0,0,22.3,,,683,
1999-03-15,12.8,6.1,19.4,,0.0,0,9.0,,,718,
1999-03-16,14.4,5.0,23.9,,0.0,0,13.3,,,595,
1999-03-17,17.8,11.7,23.3,,0.0,0,13.3,,,0,
1999-03-18,19.4,17.2,21.7,,42.2,0,18.0,,,0,
1999-03-19,15.6,11.1,20.0,,0.3,0,14.8,,,0,
1999-03-20,15.6,9.4,21.7,,0.0,0,16.6,,,677,
1999-03-21,16.1,8.9,22.8,,0.0,0,7.6,,,729,
1999-03-22,16.7,8.9,24.4,,0.0,0,13.7,,,730,
1999-03-23,20.6,16.1,25.0,,0.0,0,13.3,,,95,
1999-03-24,17.8,14.4,21.1,,0.0,0,11.2,,,0,
1999-03-25,16.1,13.3,18.9,,0.0,0,16.6,,,125,
1999-03-26,15.6,10.0,21.1,,0.0,0,13.7,,,292,
1999-03-27,16.7,13.3,19.4,,13.7,0,16.6,,,0,
1999-03-28,18.9,13.3,24.4,,2.0,0,13.7,,,250,
1999-03-29,15.6,13.3,17.8,,0.0,0,19.4,,,0,
1999-03-30,16.1,12.8,19.4,,0.0,0,12.6,,,90,
1999-03-31,16.7,13.9,19.4,,0.0,0,9.0,,,0,
1999-04-01,18.9,16.1,21.1,,1.0,0,13.3,,,0,
1999-04-02,23.3,20.6,26.1,,0.3,0,15.1,,,120,
1999-04-03,21.7,15.6,27.2,,0.0,0,15.1,,,360,
1999-04-04,18.3,14.4,22.2,,0.5,0,9.4,,,0,
1999-04-05,20.6,12.2,28.3,,2.0,0,15.1,,,525,
1999-04-06,20.0,11.1,28.3,,0.0,0,8.3,,,643,
1999-04-07,23.9,18.9,28.3,,0.0,0,12.6,,,132,
1999-04-08,26.1,20.6,31.1,,0.0,0,17.6,,,583,
1999-04-09,25.6,20.0,30.6,,0.0,0,12.6,,,482,
1999-04-10,25.0,18.9,30.6,,0.0,0,13.7,,,600,
1999-04-11,22.8,15.6,29.4,,0.0,0,13.0,,,713,
1999-04-12,22.8,17.2,27.8,,0.0,0,11.9,,,498,
1999-04-13,23.3,19.4,27.2,,0.0,0,17.6,,,151,
1999-04-14,23.9,16.7,31.1,,1.0,0,24.5,,,564,
1999-04-15,15.6,10.6,20.6,,0.0,0,27.4,,,774,
1999-04-16,15.0,10.0,19.4,,0.0,0,14.8,,,135,
1999-04-17,14.4,5.6,23.3,,0.0,0,9.7,,,773,
1999-04-18,16.7,7.2,25.6,,0.0,0,8.3,,,686,
1999-04-19,22.2,15.0,29.4,,0.0,0,14.8,,,781,
1999-04-20,23.3,17.2,29.4,,0.0,0,19.8,,,675,
1999-04-21,23.3,20.0,26.1,,0.0,0,21.6,,,186,
1999-04-22,26.1,21.7,30.6,,0.0,0,19.8,,,613,
1999-04-23,27.2,22.8,31.7,,0.0,0,18.4,,,604,
1999-04-24,25.6,22.2,28.3,,0.0,0,10.4,,,568,
1999-04-25,23.3,20.0,26.1,,5.6,0,15.1,,,324,
1999-04-26,21.7,17.2,26.1,,9.7,0,10.8,,,283,
1999-04-27,24.4,17.8,31.1,,0.0,0,8.3,,,679,
1999-04-28,23.9,17.2,30.6,,0.0,0,9.7,,,668,
1999-04-29,25.0,18.9,31.1,,0.0,0,12.2,,,573,
1999-04-30,22.8,17.8,27.8,,0.0,0,16.6,,,598,
1999-05-01,20.6,17.2,23.9,,0.8,0,16.6,,,196,
1999-05-02,21.1,18.3,23.3,,0.0,0,13.7,,,36,
1999-05-03,25.0,20.6,29.4,,0.3,0,17.6,,,168,
1999-05-04,28.9,23.3,34.4,,0.0,0,16.6,,,506,
1999-05-05,27.2,21.7,32.8,,0.0,0,15.5,,,701,
1999-05-06,22.2,15.0,28.9,,0.0,0,12.2,,,792,
1999-05-07,22.2,15.0,29.4,,0.0,0,8.6,,,771,
1999-05-08,23.9,15.0,32.2,,0.0,0,9.7,,,765,
1999-05-09,27.2,23.3,30.6,,0.0,0,14.8,,,175,
1999-05-10,21.1,16.7,25.0,,46.0,0,15.1,,,296,
1999-05-11,22.8,16.1,28.9,,0.0,0,7.9,,,272,
1999-05-12,22.2,20.0,24.4,,0.0,0,9.7,,,0,
1999-05-13,23.9,18.9,28.9,,0.0,0,8.6,,,542,
1999-05-14,26.1,20.0,31.7,,0.0,0,13.0,,,466,
1999-05-15,27.8,22.8,32.2,,0.0,0,16.6,,,466,
1999-05-16,27.2,22.2,31.7,,0.0,0,16.6,,,540,
1999-05-17,24.4,17.8,31.1,,100.3,0,16.9,,,262,
1999-05-18,22.2,18.9,25.6,,0.0,0,13.0,,,251,
1999-05-19,23.3,17.2,28.9,,0.0,0,6.8,,,616,
1999-05-20,25.6,21.1,30.0,,0.0,0,13.3,,,558,
1999-05-21,25.6,20.6,30.6,,0.3,0,10.4,,,476,
1999-05-22,26.7,22.2,31.1,,0.0,0,11.5,,,,
1999-05-23,26.7,21.7,31.7,,0.0,0,9.0,,,,
1999-05-24,26.7,21.7,31.1,,1.0,0,10.4,,,,
1999-05-25,26.1,21.1,30.6,,0.0,0,10.1,,,,
1999-05-26,24.4,18.9,30.0,,22.9,0,13.7,,,,
1999-05-27,,17.8,31.1,,0.0,0,10.4,,,,
1999-05-28,24.4,18.9,29.4,,8.1,0,8.3,,,,
1999-05-29,24.4,18.3,30.6,,0.0,0,7.9,,,,
1999-05-30,27.2,22.2,31.7,,0.0,0,13.3,,,,
1999-05-31,27.2,22.8,31.7,,0.0,0,12.6,,,,
1999-06-01,28.3,23.9,32.8,,0.0,0,16.9,,,,
1999-06-02,27.8,23.9,31.1,,0.0,0,15.8,,,,
1999-06-03,27.8,23.3,32.2,,0.0,0,16.2,,,,
1999-06-04,28.3,23.9,32.2,,0.0,0,19.4,,,,
1999-06-05,28.9,24.4,32.8,,0.0,0,19.1,,,,
1999-06-06,27.8,22.8,32.8,,0.0,0,13.0,,,,
1999-06-07,27.8,21.7,33.3,,0.0,0,8.6,,,,
1999-06-08,27.8,22.2,32.8,,0.0,0,9.0,,,,
1999-06-09,27.2,21.7,32.2,,0.0,0,10.1,,,,
1999-06-10,27.8,22.2,33.3,,0.0,0,10.4,,,,
1999-06-11,28.9,23.3,34.4,,0.0,0,10.4,,,,
1999-06-12,29.4,23.9,35.0,,0.0,0,9.7,,,,
1999-06-13,27.8,22.2,33.3,,13.5,0,8.3,,,,
1999-06-14,27.2,22.2,32.2,,1.3,0,10.8,,,,
1999-06-15,26.7,22.8,30.0,,22.4,0,9.4,,,,
1999-06-16,27.2,21.1,32.8,,0.0,0,8.6,,,,
1999-06-17,26.7,23.3,29.4,,0.0,0,15.1,,,,
1999-06-18,26.7,21.7,31.7,,0.0,0,9.7,,,,
1999-06-19,27.8,22.2,33.3,,28.2,0,8.3,,,,
1999-06-20,23.3,22.2,24.4,,10.7,0,5.8,,,,
1999-06-21,25.6,22.2,28.3,,1.3,0,6.5,,,,
1999-06-22,26.1,22.2,30.0,,3.8,0,7.9,,,,
1999-06-23,28.9,24.4,32.8,,0.0,0,14.8,,,,
1999-06-24,28.3,24.4,31.7,,0.0,0,9.0,,,,
1999-06-25,27.8,24.4,31.1,,4.6,0,7.6,,,,
1999-06-26,28.3,23.9,32.2,,0.0,0,12.6,,,,
1999-06-27,29.4,25.6,32.8,,0.0,0,15.1,,,,
1999-06-28,29.4,25.0,33.3,,0.0,0,15.5,,,,
1999-06-29,28.9,25.0,32.2,,0.0,0,13.7,,,,
1999-06-30,28.9,24.4,32.8,,0.0,0,19.8,,,,
1999-07-01,28.9,24.4,33.3,,0.0,0,20.5,,,,
1999-07-02,29.4,25.0,33.9,,2.0,0,16.2,,,,
1999-07-03,28.9,23.9,33.3,,1.3,0,9.7,,,,
1999-07-04,27.8,23.3,32.2,,0.8,0,7.9,,,,
1999-07-05,27.8,22.8,32.2,,0.0,0,7.6,,,,
1999-07-06,28.9,23.3,33.9,,0.3,0,6.8,,,,
1999-07-07,28.9,22.8,34.4,,0.0,0,6.8,,,,
1999-07-08,29.4,23.9,35.0,,0.3,0,5.8,,,,
1999-07-09,31.7,23.3,33.3,,0.3,0,10.8,,,,
1999-07-10,27.8,22.8,32.8,,7.1,0,10.1,,,,
1999-07-11,26.7,21.7,31.1,,44.2,0,2.2,,,,
1999-07-12,27.2,21.7,32.8,,0.0,0,5.8,,,,
1999-07-13,27.8,22.2,33.3,,0.0,0,6.8,,,,
1999-07-14,27.8,22.8,32.8,,0.0,0,12.6,,,,
1999-07-15,27.8,22.8,32.8,,0.0,0,13.7,,,,
1999-07-16,28.3,22.2,33.9,,0.0,0,9.4,,,,
1999-07-17,27.2,22.8,31.7,,10.4,0,7.6,,,,
1999-07-18,27.8,22.2,33.3,,16.8,0,4.7,,,,
1999-07-19,,22.8,31.7,,0.0,0,4.7,,,,
1999-07-20,,22.8,30.0,,0.3,0,6.1,,,,
1999-07-21,,22.2,29.4,,29.0,0,8.3,,,,
1999-07-22,,23.3,32.8,,0.0,0,,,,,
1999-07-23,,23.3,35.0,,0.0,0,4.0,,,,
1999-07-24,29.4,22.2,36.1,,0.0,0,6.5,,,,
1999-07-25,28.3,22.2,34.4,,0.0,0,9.0,,,,
1999-07-26,30.0,23.9,35.6,,0.0,0,10.1,,,,
1999-07-27,30.6,24.4,36.1,,0.0,0,9.7,,,,
1999-07-28,30.6,23.9,36.7,,0.0,0,10.4,,,,
1999-07-29,30.6,23.3,37.2,,0.0,0,11.5,,,,
1999-07-30,31.1,23.9,37.8,,0.0,0,14.0,,,,
1999-07-31,31.1,24.4,37.8,,0.0,0,13.3,,,,
1999-08-01,31.1,24.4,37.2,,0.0,0,11.2,,,,
1999-08-02,30.6,23.9,36.7,,0.0,0,7.6,,,,
1999-08-03,30.6,23.3,37.2,,17.8,0,4.0,,,,
1999-08-04,30.6,23.9,36.7,,0.0,0,4.0,,,,
1999-08-05,31.1,23.3,38.3,,0.0,0,4.7,,,,
1999-08-06,31.1,24.4,37.8,,0.0,0,7.6,,,,
1999-08-07,31.7,25.0,37.8,,0.0,0,7.9,,,,
1999-08-08,31.1,25.0,37.2,,0.0,0,8.6,,,,
1999-08-09,31.7,25.0,38.3,,0.0,0,10.1,,,,
1999-08-10,31.7,24.4,38.9,,0.0,0,11.9,,,,
1999-08-11,31.7,24.4,38.3,,0.0,0,12.2,,,,
1999-08-12,31.7,25.0,38.3,,0.0,0,14.4,,,,
1999-08-13,31.7,24.4,38.9,,0.0,0,10.4,,,,
1999-08-14,31.7,23.9,39.4,,0.0,0,5.8,,,,
1999-08-15,33.3,26.1,40.0,,0.0,0,5.0,,,,
1999-08-16,32.2,26.1,38.3,,0.0,0,7.2,,,,
1999-08-17,30.6,23.9,36.7,,0.0,0,7.2,,,,
1999-08-18,31.1,24.4,37.2,,0.0,0,6.1,,,,
1999-08-19,31.1,23.3,38.9,,0.0,0,5.4,,,,
1999-08-20,33.9,26.1,41.1,,0.0,0,7.6,,,,
1999-08-21,32.2,23.9,40.0,,0.0,0,6.8,,,,
1999-08-22,30.6,25.0,36.1,,0.0,0,6.8,,,,
1999-08-23,30.0,25.6,33.9,,0.0,0,10.1,,,,
1999-08-24,30.6,25.6,35.6,,0.0,0,6.5,,,,
1999-08-25,31.7,24.4,38.3,,0.0,0,7.6,,,,
1999-08-26,32.2,25.0,38.9,,0.0,0,5.8,,,,
1999-08-27,32.2,25.0,39.4,,0.0,0,7.6,,,,
1999-08-28,31.1,25.0,37.2,,0.0,0,5.4,,,,
1999-08-29,31.1,23.3,38.9,,0.0,0,4.7,,,,
1999-08-30,,22.8,38.9,,0.0,0,4.7,,,,
1999-08-31,30.6,22.2,38.3,,0.0,0,5.8,,,,
1999-09-01,28.9,22.8,35.0,,0.0,0,7.6,,,,
1999-09-02,29.4,23.3,35.0,,0.0,0,7.9,,,,
1999-09-03,30.6,23.9,37.2,,0.0,0,10.4,,,,
1999-09-04,31.1,25.0,37.2,,2.3,0,11.5,,,,
1999-09-05,30.6,23.9,37.2,,0.0,0,8.6,,,,
1999-09-06,29.4,22.2,36.7,,0.0,0,6.8,,,,
1999-09-07,29.4,22.2,36.1,,0.0,0,7.6,,,,
1999-09-08,30.0,22.8,37.2,,0.0,0,6.1,,,,
1999-09-09,30.6,23.9,36.7,,0.0,0,8.3,,,,
1999-09-10,30.6,23.9,36.7,,0.0,0,9.4,,,,
1999-09-11,29.4,22.8,36.1,,0.0,0,13.0,,,,
1999-09-12,30.0,22.8,36.7,,0.0,0,9.7,,,,
1999-09-13,28.3,23.9,32.2,,0.0,0,10.4,,,,
1999-09-14,27.8,21.7,33.3,,0.0,0,9.0,,,,
1999-09-15,27.8,21.1,34.4,,0.0,0,8.3,,,,
1999-09-16,25.6,16.7,33.9,,0.0,0,6.8,,,,
1999-09-17,26.1,17.2,34.4,,0.0,0,5.8,,,,
1999-09-18,27.2,20.0,34.4,,0.0,0,5.4,,,,
1999-09-19,27.8,19.4,35.6,,0.0,0,5.8,,,,
1999-09-20,30.0,21.1,38.3,,0.0,0,5.8,,,,
1999-09-21,23.9,18.9,28.3,,0.0,0,16.6,,,,
1999-09-22,22.2,15.0,28.9,,0.0,0,9.0,,,,
1999-09-23,21.7,12.2,31.1,,0.0,0,5.4,,,,
1999-09-24,24.4,15.6,33.3,,0.0,0,9.7,,,,
1999-09-25,26.7,20.0,32.8,,4.1,0,13.3,,,,
1999-09-26,28.3,21.7,35.0,,0.0,0,14.0,,,,
1999-09-27,29.4,23.3,35.6,,0.0,0,13.7,,,,
1999-09-28,27.8,20.6,34.4,,0.8,0,9.4,,,,
1999-09-29,21.1,16.7,25.6,,0.0,0,16.9,,,,
1999-09-30,21.7,14.4,28.3,,0.0,0,6.1,,,,
1999-10-01,21.1,11.7,30.6,,0.0,0,7.6,,,,
1999-10-02,24.4,15.6,33.3,,0.0,0,6.8,,,,
1999-10-03,28.9,23.3,33.9,,0.0,0,9.4,,,,
1999-10-04,25.6,20.6,30.0,,0.0,0,10.8,,,,
1999-10-05,23.9,16.1,31.1,,0.0,0,7.6,,,,
1999-10-06,24.4,17.2,31.1,,0.0,0,6.5,,,,
1999-10-07,22.8,13.3,31.7,,0.0,0,7.6,,,,
1999-10-08,24.4,16.7,32.2,,0.0,0,4.0,,,,
1999-10-09,25.0,18.9,31.1,,0.0,0,9.7,,,,
1999-10-10,25.6,18.3,32.2,,0.0,0,9.0,,,,
1999-10-11,25.6,18.3,32.2,,0.0,0,7.2,,,,
1999-10-12,24.4,17.2,31.7,,0.0,0,3.6,,,,
1999-10-13,26.1,18.9,33.3,,0.0,0,3.6,,,,
1999-10-14,26.1,18.3,33.3,,0.0,0,5.4,,,,
1999-10-15,27.2,21.7,32.8,,0.0,0,11.9,,,,
1999-10-16,26.7,21.1,32.2,,0.0,0,9.4,,,,
1999-10-17,16.7,10.6,22.8,,9.4,0,14.4,,,,
1999-10-18,11.7,8.9,14.4,,9.9,0,11.2,,,,
1999-10-19,15.0,9.4,20.0,,0.0,0,10.1,,,,
1999-10-20,15.6,7.8,23.3,,0.0,0,5.0,,,,
1999-10-21,17.2,7.8,26.7,,0.0,0,2.9,,,,
1999-10-22,21.1,10.6,31.1,,0.0,0,9.0,,,,
1999-10-23,21.7,15.6,27.2,,0.0,0,10.4,,,,
1999-10-24,-17.8,8.3,25.6,,0.0,0,5.8,,,,
1999-10-25,22.8,16.1,28.9,,0.0,0,7.6,,,,
1999-10-26,21.1,13.9,28.3,,0.0,0,5.8,,,,
1999-10-27,20.0,11.1,28.3,,0.0,0,7.9,,,,
1999-10-28,23.3,16.1,30.0,,0.0,0,9.4,,,,
1999-10-29,23.9,17.2,30.0,,0.0,0,13.3,,,,
1999-10-30,16.1,10.0,21.7,,23.1,0,11.2,,,,
1999-10-31,14.4,9.4,19.4,,0.0,0,8.6,,,,
1999-11-01,19.4,12.2,26.1,,0.0,0,11.5,,,,
1999-11-02,12.2,5.6,18.3,,0.0,0,15.8,,,,
1999-11-03,12.2,3.9,20.6,,0.0,0,7.2,,,,
1999-11-04,18.3,9.4,26.7,,0.0,0,9.0,,,,
1999-11-05,22.2,15.6,28.3,,0.0,0,9.0,,,,
1999-11-06,21.1,15.0,26.7,,0.0,0,4.7,,,,
1999-11-07,20.0,13.3,26.7,,0.0,0,2.5,,,,
1999-11-08,18.3,10.0,26.7,,0.0,0,4.7,,,,
1999-11-09,18.9,11.1,26.1,,0.0,0,6.1,,,,
1999-11-10,20.6,14.4,26.1,,0.0,0,2.5,,,,
1999-11-11,20.6,12.8,28.3,,0.0,0,4.0,,,,
1999-11-12,20.6,12.2,28.3,,0.0,0,3.2,,,,
1999-11-13,20.6,12.2,28.9,,0.0,0,3.6,,,,
1999-11-14,18.9,9.4,28.3,,0.0,0,1.8,,,,
1999-11-15,21.1,12.8,29.4,,0.0,0,5.0,,,,
1999-11-16,20.0,11.7,28.3,,0.0,0,3.6,,,,
1999-11-17,18.9,11.7,26.1,,0.0,0,7.6,,,,
1999-11-18,20.6,13.9,27.2,,0.0,0,10.1,,,,
1999-11-19,21.7,16.1,26.7,,0.0,0,11.5,,,,
1999-11-20,16.7,8.9,24.4,,0.0,0,4.3,,,,
1999-11-21,21.1,13.9,27.8,,0.0,0,11.5,,,,
1999-11-22,24.4,19.4,28.9,,0.0,0,18.0,,,,
1999-11-23,16.7,11.7,21.7,,0.0,0,10.8,,,,
1999-11-24,11.1,7.2,14.4,,3.8,0,15.1,,,,
1999-11-25,9.4,3.3,15.6,,0.0,0,7.6,,,,
1999-11-26,12.2,2.8,21.7,,0.0,0,6.1,,,,
1999-11-27,15.6,5.6,25.6,,0.0,0,7.6,,,,
1999-11-28,18.3,9.4,26.7,,0.0,0,4.0,,,,
1999-11-29,17.2,11.1,22.8,,0.0,0,9.0,,,,
1999-11-30,15.6,10.6,20.0,,0.0,0,6.5,,,,
1999-12-01,15.6,8.3,22.8,,0.0,0,10.1,,,,
1999-12-02,20.6,15.6,25.6,,0.0,0,14.0,,,,
1999-12-03,23.3,18.3,28.3,,0.0,0,18.7,,,,
1999-12-04,16.7,10.0,23.3,,0.0,0,18.7,,,,
1999-12-05,11.1,5.6,16.1,,0.0,0,13.7,,,,
1999-12-06,8.3,0.0,16.1,,0.0,0,5.8,,,,
1999-12-07,12.8,2.8,22.8,,0.0,0,9.4,,,,
1999-12-08,21.1,16.1,25.6,,0.0,0,14.8,,,,
1999-12-09,15.6,8.9,21.7,,0.3,0,19.1,,,,
1999-12-10,11.1,4.4,17.8,,0.0,0,7.6,,,,
1999-12-11,16.1,10.6,21.1,,2.3,0,10.1,,,,
1999-12-12,14.4,8.9,20.0,,19.1,0,16.6,,,,
1999-12-13,9.4,3.9,15.0,,0.0,0,8.3,,,,
1999-12-14,13.9,3.9,23.9,,0.0,0,11.2,,,,
1999-12-15,8.3,2.8,13.9,,0.0,0,7.6,,,,
1999-12-16,8.9,0.6,17.2,,0.0,0,5.8,,,,
1999-12-17,12.8,3.9,21.7,,0.0,0,5.4,,,,
1999-12-18,10.0,4.4,15.6,,0.0,0,11.5,,,,
1999-12-19,12.2,3.3,20.6,,0.0,0,5.0,,,,
1999-12-20,8.3,3.9,12.2,,7.4,0,14.8,,,,
1999-12-21,4.4,1.1,7.8,,0.3,0,9.0,,,,
1999-12-22,6.7,1.1,12.2,,0.0,0,3.6,,,,
1999-12-23,10.6,3.9,16.7,,0.0,0,4.0,,,,
1999-12-24,13.9,6.1,21.7,,0.0,0,9.7,,,,
1999-12-25,11.7,7.8,15.6,,0.0,0,4.7,,,,
1999-12-26,13.3,8.3,18.3,,0.0,0,5.4,,,,
1999-12-27,15.6,9.4,21.7,,0.0,0,11.9,,,,
1999-12-28,12.2,4.4,20.0,,0.0,0,10.1,,,,
1999-12-29,17.8,9.4,26.1,,0.0,0,9.0,,,,
1999-12-30,17.2,7.8,26.7,,0.0,0,6.5,,,,
1999-12-31,15.6,8.3,22.8,,0.0,0,6.5,,,,
2000-01-01,15.0,5.6,24.4,74,0.0,0,8.6,,1014.6,,
2000-01-02,20.6,17.2,23.3,81,0.0,0,11.9,,1010.4,,
2000-01-03,16.1,10.0,21.7,40,0.0,0,17.3,,1012.8,,
2000-01-04,6.7,0.0,12.8,38,0.0,0,13.7,,1030.2,,
2000-01-05,6.7,-2.8,15.6,48,0.0,0,9.0,,1025.2,,
2000-01-06,12.8,5.6,19.4,81,1.0,0,7.6,,1022.3,,
2000-01-07,11.7,10.0,12.8,100,44.7,0,10.8,,1024.9,,
2000-01-08,13.3,9.4,16.7,90,3.6,0,6.8,,1018.5,,
2000-01-09,15.0,4.4,25.0,68,0.0,0,5.8,,1012.2,,
2000-01-10,16.7,7.2,26.1,42,0.0,0,10.1,,1014.0,,
2000-01-11,15.0,5.0,24.4,64,0.0,0,5.4,,1016.1,,
2000-01-12,20.6,15.0,25.6,87,0.0,0,10.8,,1015.8,,
2000-01-13,18.3,15.0,21.7,,0.0,0,11.9,,,,
2000-01-14,15.0,9.4,20.0,27,0.0,0,10.1,,1035.0,,
2000-01-15,16.7,9.4,23.9,64,0.0,0,10.4,,1028.9,,
2000-01-16,18.9,13.3,24.4,76,0.0,0,10.1,,1025.2,,
2000-01-17,20.0,13.9,25.6,77,0.0,0,6.1,,1023.5,,
2000-01-18,21.1,13.9,28.3,68,0.0,0,7.6,,1018.4,,
2000-01-19,20.6,10.6,30.6,59,0.0,0,8.6,,1013.3,,
2000-01-20,13.3,7.2,18.9,37,0.0,0,15.8,,1021.7,,
2000-01-21,10.0,4.4,15.6,57,0.0,0,10.1,,1018.8,,
2000-01-22,19.4,14.4,23.9,81,0.0,0,7.9,,1010.3,,
2000-01-23,16.7,10.0,23.3,56,0.0,0,10.4,,1014.3,,
2000-01-24,10.6,5.6,15.0,54,0.0,0,9.7,,1022.8,,
2000-01-25,10.0,3.3,16.1,43,0.0,0,8.6,,1020.9,,
2000-01-26,7.2,5.6,8.3,44,0.0,0,12.2,,1021.6,,
2000-01-27,3.9,1.7,6.1,86,23.1,0,14.4,,1019.5,,
2000-01-28,1.1,-0.6,2.2,81,0.0,0,15.8,,1027.0,,
2000-01-29,2.8,-1.1,6.7,71,0.0,0,10.8,,1029.1,,
2000-01-30,2.8,-3.3,8.3,72,0.0,0,6.5,,1028.7,,
2000-01-31,8.9,5.6,12.2,,0.0,0,6.5,,,,
2000-02-01,8.9,7.2,10.6,81,5.6,0,9.7,,1023.0,,
2000-02-02,9.4,5.6,12.8,80,0.8,0,6.1,,1029.3,,
2000-02-03,13.3,2.8,23.9,68,0.0,0,4.3,,1022.3,,
2000-02-04,11.7,6.7,16.7,44,0.0,0,16.6,,1027.2,,
2000-02-05,7.8,1.7,13.9,47,0.0,0,6.8,,1031.4,,
2000-02-06,11.1,2.8,18.9,76,0.0,0,8.3,,1026.1,,
2000-02-07,17.8,12.8,22.8,69,0.0,0,6.8,,1025.6,,
2000-02-08,16.1,7.8,23.9,60,0.0,0,5.0,,1027.5,,
2000-02-09,17.2,10.0,23.9,74,0.0,0,13.0,,1020.2,,
2000-02-10,21.7,15.0,28.3,72,0.0,0,12.6,,1010.5,,
2000-02-11,17.2,11.7,22.8,66,0.0,0,5.8,,1011.4,,
2000-02-12,13.3,7.2,19.4,60,0.0,0,9.4,,1015.1,,
2000-02-13,21.1,14.4,27.8,72,0.0,0,8.6,,1008.4,,
2000-02-14,16.1,8.9,23.3,,0.0,0,8.3,,,,
2000-02-15,20.0,10.6,28.9,67,0.0,0,10.8,,1015.4,,
2000-02-16,23.3,20.0,26.7,78,0.0,0,7.9,,1016.5,,
2000-02-17,25.0,20.6,28.9,75,0.0,0,15.5,,1012.9,,
2000-02-18,20.6,12.8,28.3,66,0.3,0,14.8,,1014.4,,
2000-02-19,11.7,5.6,17.2,51,0.0,0,12.2,,1027.7,,
2000-02-20,14.4,9.4,18.9,51,0.0,0,6.1,,1029.6,,
2000-02-21,17.2,11.7,22.8,81,0.0,0,10.4,,1024.8,,
2000-02-22,19.4,14.4,24.4,84,20.3,0,18.4,,1017.4,,
2000-02-23,19.4,12.2,26.7,68,0.3,0,7.6,,1016.5,,
2000-02-24,22.8,18.3,27.2,78,0.0,0,18.7,,1013.9,,
2000-02-25,23.9,20.0,27.8,75,0.5,0,18.0,,1010.1,,
2000-02-26,15.6,8.3,22.8,58,16.8,0,12.2,,1017.2,,
2000-02-27,14.4,5.0,23.3,49,0.0,0,6.1,,1025.0,,
2000-02-28,15.6,6.7,23.9,60,0.0,0,12.6,,1019.7,,
2000-02-29,21.7,17.8,25.6,80,0.0,0,11.5,,1015.0,,
2000-03-01,21.7,16.1,26.7,73,0.0,0,10.4,,1018.7,,
2000-03-02,23.9,19.4,27.8,76,0.0,0,16.6,,1012.0,,
2000-03-03,16.1,10.0,21.7,55,0.0,0,12.2,,1016.2,,
2000-03-04,13.3,6.1,20.0,56,0.0,0,9.4,,1019.1,,
2000-03-05,15.6,8.9,21.7,69,0.0,0,10.8,,1014.7,,
2000-03-06,22.2,17.2,27.2,78,0.0,0,14.4,,1014.9,,
2000-03-07,27.8,20.6,27.2,71,2.8,0,22.0,,1013.0,,
2000-03-08,23.3,16.1,26.1,46,3.6,0,7.9,,1014.6,,
2000-03-09,24.4,15.6,30.0,57,0.0,0,4.3,,1014.2,,
2000-03-10,21.7,13.9,28.9,74,0.0,0,14.4,,1011.4,,
2000-03-11,11.7,5.6,17.2,52,0.0,0,16.6,,1024.3,,
2000-03-12,12.2,3.3,20.6,57,0.0,0,5.8,,1023.5,,
2000-03-13,16.1,9.4,22.2,70,0.0,0,9.4,,1020.0,,
2000-03-14,16.1,13.9,18.3,87,0.3,0,7.2,,1015.6,,
2000-03-15,18.9,12.8,24.4,80,0.0,0,5.0,,1010.6,,
2000-03-16,17.8,6.7,28.9,80,3.0,0,9.7,,1011.7,,
2000-03-17,7.8,5.0,10.6,84,16.8,0,9.4,,1020.7,,
2000-03-18,16.1,9.4,22.2,80,0.0,0,6.1,,1013.5,,
2000-03-19,15.0,8.3,21.7,44,0.0,0,12.2,,1015.9,,
2000-03-20,16.1,6.7,25.6,58,0.0,0,13.7,,1010.8,,
2000-03-21,19.4,17.2,21.7,93,1.3,0,14.0,,1012.0,,
2000-03-22,22.8,17.8,27.2,88,1.3,0,18.4,,1015.4,,
2000-03-23,21.1,17.8,24.4,69,0.0,0,11.2,,1013.9,,
2000-03-24,25.6,20.0,30.6,74,0.0,0,10.8,,1014.2,,
2000-03-25,24.4,19.4,29.4,72,0.0,0,10.8,,1015.8,,
2000-03-26,25.6,20.0,30.6,78,0.0,0,9.7,,1011.6,,
2000-03-27,23.9,18.3,28.9,62,0.0,0,10.1,,1007.3,,
2000-03-28,21.7,15.0,28.3,75,0.0,0,11.9,,1002.9,,
2000-03-29,25.0,17.2,32.8,60,0.0,0,9.7,,1004.1,,
2000-03-30,17.8,11.7,23.3,63,0.0,0,10.1,,1014.1,,
2000-03-31,17.8,11.7,23.3,73,0.0,0,10.4,,1014.4,,
2000-04-01,18.3,15.0,21.1,93,6.1,0,6.5,,1010.8,,
2000-04-02,14.4,12.8,15.6,96,32.3,0,9.0,,1012.6,,
2000-04-03,15.6,11.1,20.0,76,4.3,0,11.2,,1017.2,,
2000-04-04,14.4,6.1,22.2,50,0.0,0,8.3,,1026.7,,
2000-04-05,18.3,10.0,26.1,55,0.0,0,14.0,,1018.8,,
2000-04-06,21.7,14.4,28.9,73,0.0,0,16.9,,1011.8,,
2000-04-07,24.4,18.3,30.6,72,0.0,0,16.6,,1009.2,,
2000-04-08,15.6,10.6,20.0,32,0.0,0,16.6,,1026.7,,
2000-04-09,15.6,6.7,23.9,51,0.0,0,12.6,,1023.4,,
2000-04-10,20.0,15.0,24.4,79,0.0,0,14.4,,1014.5,,
2000-04-11,21.1,15.6,26.7,86,8.4,0,13.7,,1014.9,,
2000-04-12,18.3,15.6,20.6,86,9.9,0,11.2,,1020.7,,
2000-04-13,19.4,13.9,24.4,77,0.0,0,7.2,,1020.2,,
2000-04-14,17.8,13.3,22.2,89,0.0,0,8.6,,1014.6,,
2000-04-15,22.2,16.1,27.8,80,0.0,0,14.4,,1010.2,,
2000-04-16,25.6,20.0,30.6,75,0.0,0,7.6,,1014.6,,
2000-04-17,24.4,18.3,30.0,74,0.0,0,9.0,,1017.1,,
2000-04-18,23.3,20.0,26.7,82,0.0,0,13.7,,1013.9,,
2000-04-19,26.1,21.1,30.6,76,0.0,0,15.1,,1009.3,,
2000-04-20,22.8,15.6,30.0,50,0.0,0,11.2,,1015.2,,
2000-04-21,21.1,13.9,27.8,49,0.0,0,9.0,,1019.2,,
2000-04-22,20.0,11.1,28.3,58,0.0,0,12.2,,1010.7,,
2000-04-23,28.9,21.1,36.7,54,0.0,0,11.2,,1001.8,,
2000-04-24,25.0,18.9,31.1,46,0.0,0,11.9,,1009.2,,
2000-04-25,23.3,16.1,30.6,53,0.0,0,7.6,,1016.4,,
2000-04-26,23.9,15.6,32.2,58,0.0,0,7.6,,1017.5,,
2000-04-27,25.6,18.3,32.2,63,0.0,0,13.0,,1014.3,,
2000-04-28,25.6,20.6,30.6,57,0.0,0,9.0,,1014.8,,
2000-04-29,23.9,18.3,29.4,70,0.0,0,11.2,,1013.6,,
2000-04-30,26.7,22.2,30.6,76,0.0,0,18.4,,1012.0,,
2000-05-01,20.0,16.1,23.9,93,67.3,0,9.4,,1014.5,,
2000-05-02,20.6,15.6,25.6,87,4.6,0,4.7,,1013.8,,
2000-05-03,22.2,15.0,28.9,82,0.0,0,7.6,,1012.6,,
2000-05-04,26.1,21.1,30.6,85,0.0,0,11.2,,1011.4,,
2000-05-05,25.6,20.6,30.6,86,0.0,0,15.1,,1011.9,,
2000-05-06,27.2,22.2,32.2,80,0.0,0,18.0,,1011.4,,
2000-05-07,27.2,22.2,32.2,82,0.0,0,16.6,,1011.8,,
2000-05-08,27.2,21.7,32.8,79,0.0,0,18.4,,1009.9,,
2000-05-09,26.7,22.8,30.0,85,0.5,0,8.6,,1008.6,,
2000-05-10,27.2,21.7,32.2,78,0.0,0,12.2,,1010.0,,
2000-05-11,28.3,23.9,32.8,83,0.0,0,18.0,,1006.9,,
2000-05-12,26.7,19.4,33.9,83,0.0,0,16.2,,1006.8,,
2000-05-13,23.9,19.4,27.8,70,0.5,0,14.4,,1016.7,,
2000-05-14,22.8,17.8,27.8,56,0.0,0,10.1,,1020.9,,
2000-05-15,23.9,16.7,30.6,74,0.0,0,11.2,,1017.4,,
2000-05-16,28.3,22.8,33.3,78,0.0,0,19.1,,1012.0,,
2000-05-17,27.2,22.8,31.7,73,0.0,0,20.9,,1008.0,,
2000-05-18,27.8,23.9,31.1,73,0.0,0,15.8,,1010.0,,
2000-05-19,23.9,17.2,30.6,83,7.9,0,11.2,,1014.8,,
2000-05-20,21.7,17.2,26.1,78,0.0,0,6.1,,1015.4,,
2000-05-21,25.6,18.3,32.8,72,0.0,0,5.4,,1014.6,,
2000-05-22,27.8,20.6,35.0,62,0.0,0,8.6,,1012.7,,
2000-05-23,28.3,21.7,34.4,69,0.0,0,14.8,,1008.5,,
2000-05-24,29.4,22.8,35.6,72,0.0,0,16.6,,1005.1,,
2000-05-25,30.0,25.0,34.4,72,0.0,0,18.0,,1004.8,,
2000-05-26,29.4,25.6,33.3,75,0.0,0,17.3,,1004.8,,
2000-05-27,26.7,20.0,33.3,75,1.8,0,13.3,,1009.2,,
2000-05-28,26.7,20.0,32.8,71,0.0,0,4.3,,1014.0,,
2000-05-29,28.3,22.8,33.9,70,0.0,0,6.5,,1012.5,,
2000-05-30,29.4,23.3,35.6,66,0.0,0,11.2,,1011.6,,
2000-05-31,28.3,22.2,34.4,64,0.0,0,13.3,,1013.2,,
2000-06-01,29.4,23.3,35.6,68,0.0,0,14.0,,1015.0,,
2000-06-02,28.9,22.8,35.0,71,0.0,0,12.2,,1017.1,,
2000-06-03,29.4,23.9,35.0,69,0.0,0,13.0,,1015.6,,
2000-06-04,25.0,20.6,29.4,83,25.1,0,9.4,,1012.4,,
2000-06-05,26.1,21.7,30.0,74,0.0,0,9.4,,1015.7,,
2000-06-06,25.0,18.3,31.1,56,0.0,0,10.8,,1018.8,,
2000-06-07,23.9,17.2,30.0,56,0.0,0,7.6,,1018.4,,
2000-06-08,24.4,17.8,30.6,78,6.1,0,9.0,,1014.9,,
2000-06-09,22.8,21.7,23.9,97,35.3,0,10.1,,1012.8,,
2000-06-10,26.1,21.1,31.1,92,16.5,0,11.5,,1012.7,,
2000-06-11,27.2,22.2,32.2,82,0.0,0,11.5,,1015.3,,
2000-06-12,27.8,23.9,31.7,83,6.4,0,7.6,,1017.0,,
2000-06-13,27.2,22.8,31.7,75,0.0,0,13.0,,1013.9,0,
2000-06-14,28.3,24.4,32.2,74,0.3,0,14.8,,1011.4,0,
2000-06-15,27.8,23.9,31.7,76,0.0,0,14.8,,1008.9,0,
2000-06-16,28.9,23.9,33.3,72,0.0,0,17.3,,1006.2,,
2000-06-17,28.9,24.4,32.8,78,0.0,0,13.0,,1011.3,,
2000-06-18,27.8,22.8,32.2,86,30.7,0,9.0,,1016.1,,
2000-06-19,27.8,22.2,32.8,81,13.5,0,12.2,,1015.8,,
2000-06-20,28.9,25.0,32.8,73,0.0,0,16.6,,1013.4,,
2000-06-21,28.9,25.0,32.8,72,0.0,0,15.1,,1013.5,,
2000-06-22,28.3,23.3,33.3,73,0.0,0,12.6,,1014.9,,
2000-06-23,28.9,23.9,33.3,68,0.0,0,15.1,,1014.2,,
2000-06-24,28.3,22.8,33.9,69,0.0,0,14.8,,1012.9,,
2000-06-25,29.4,23.9,34.4,69,0.0,0,15.1,,1013.1,,
2000-06-26,28.9,23.9,33.9,70,0.0,0,11.9,,1013.6,,
2000-06-27,29.4,24.4,34.4,68,0.0,0,8.6,,1015.0,,
2000-06-28,29.4,23.3,35.0,68,0.0,0,9.0,,1014.3,,
2000-06-29,28.9,22.8,35.0,64,0.0,0,7.2,,1014.2,,
2000-06-30,28.9,22.8,35.0,65,0.0,0,11.2,,1013.3,,
2000-07-01,30.6,25.0,36.1,67,0.0,0,13.7,,1013.1,,
2000-07-02,29.4,23.3,35.6,70,0.0,0,14.8,,1012.2,,
2000-07-03,30.0,23.9,35.6,66,0.0,0,16.6,,1012.7,,
2000-07-04,30.0,23.9,35.6,66,0.0,0,14.8,,1013.8,,
2000-07-05,29.4,23.3,35.6,67,0.0,0,11.2,,1013.7,,
2000-07-06,29.4,22.8,35.6,63,0.0,0,10.4,,1013.4,,
2000-07-07,30.6,23.9,37.2,64,0.0,0,11.2,,1013.8,,
2000-07-08,30.6,23.3,37.2,62,0.0,0,7.2,,1014.8,,
2000-07-09,29.4,22.2,36.7,64,0.0,0,11.2,,1014.4,,
2000-07-10,31.1,24.4,37.2,68,0.0,0,14.4,,1014.1,,
2000-07-11,31.1,24.4,37.2,66,0.0,0,14.8,,1013.6,,
2000-07-12,31.7,24.4,38.3,,0.0,0,13.0,,1014.0,,
2000-07-13,31.7,22.8,40.0,,0.0,0,8.6,,1014.7,0,
2000-07-14,32.8,23.9,41.1,,0.0,0,6.8,,1013.4,,
2000-07-15,33.3,24.4,41.7,36,0.0,0,7.9,,1010.5,0,
2000-07-16,32.8,25.0,40.6,37,0.0,0,10.4,,1009.8,,
2000-07-17,30.6,22.8,37.8,52,0.0,0,11.5,,1013.7,,
2000-07-18,30.0,22.2,37.8,53,0.0,0,9.4,,1015.6,,
2000-07-19,31.7,23.9,38.9,50,0.0,0,10.8,,1015.3,,
2000-07-20,31.7,22.8,40.0,49,0.0,0,9.7,,1013.2,,
2000-07-21,31.7,23.3,40.0,42,0.0,0,8.3,,1012.1,,
2000-07-22,31.1,23.3,38.3,47,0.0,0,8.3,,1013.4,,
2000-07-23,30.0,21.7,38.3,69,36.6,0,4.3,,1015.4,,
2000-07-24,28.9,21.7,36.1,66,0.0,0,5.8,,1015.0,0,
2000-07-25,29.4,21.1,37.2,56,0.0,0,7.2,,1012.2,0,
2000-07-26,30.6,23.9,37.2,57,0.0,0,11.5,,1013.2,,
2000-07-27,30.6,24.4,36.1,62,0.0,0,11.2,,1014.5,,
2000-07-28,30.0,22.8,36.7,58,0.0,0,10.4,,1013.2,,
2000-07-29,30.0,22.8,37.2,54,0.0,0,9.0,,1011.4,,
2000-07-30,27.8,22.2,33.3,73,10.4,0,5.0,,1012.2,0,
2000-07-31,28.9,22.8,34.4,74,0.5,0,5.4,,1014.0,,
2000-08-01,28.9,21.7,36.1,64,0.0,0,5.8,,1014.6,,
2000-08-02,30.0,22.2,37.8,57,0.0,0,7.2,,1012.8,,
2000-08-03,30.6,23.3,37.8,58,0.0,0,9.7,,1013.0,,
2000-08-04,30.0,23.3,36.7,64,0.0,0,10.1,,1015.4,,
2000-08-05,30.6,23.3,37.2,61,0.0,0,13.3,,1014.8,,
2000-08-06,31.7,24.4,38.3,61,0.0,0,13.3,,1012.7,0,
2000-08-07,31.1,24.4,37.8,62,0.0,0,13.3,,1013.7,,
2000-08-08,31.7,25.0,37.8,71,0.0,0,11.9,,1014.4,,
2000-08-09,31.1,24.4,37.2,68,0.0,0,11.2,,1016.3,,
2000-08-10,30.6,23.3,37.8,58,0.0,0,6.8,,1016.5,,
2000-08-11,31.1,22.8,39.4,53,0.0,0,6.1,,1014.7,,
2000-08-12,32.2,24.4,40.0,43,0.0,0,6.1,,1012.2,,
2000-08-13,31.7,23.9,39.4,46,0.0,0,6.8,,1011.0,,
2000-08-14,30.6,23.3,37.2,60,0.0,0,9.4,,1013.6,,
2000-08-15,28.9,24.4,32.8,74,0.8,0,8.3,,1018.8,,
2000-08-16,30.6,22.8,37.8,60,0.0,0,6.1,,1019.5,,
2000-08-17,31.1,22.2,39.4,51,0.0,0,8.6,,1015.6,,
2000-08-18,31.1,23.3,38.9,51,0.0,0,10.4,,1015.6,,
2000-08-19,30.6,22.8,37.8,56,0.0,0,9.0,,1016.4,,
2000-08-20,30.0,22.8,37.2,59,0.0,0,10.8,,1015.2,,
2000-08-21,31.1,23.9,38.3,62,0.0,0,9.0,,1015.9,,
2000-08-22,29.4,23.3,35.6,81,2.5,0,2.9,,1018.1,,
2000-08-23,28.9,21.7,36.1,70,0.0,0,7.2,,1018.8,,
2000-08-24,30.6,23.3,37.2,63,0.0,0,6.1,,1017.9,,
2000-08-25,31.1,23.9,37.8,65,0.0,0,8.6,,1015.4,,
2000-08-26,30.6,23.3,37.8,62,0.0,0,10.4,,1012.7,,
2000-08-27,30.6,22.8,37.8,62,0.0,0,10.8,,1011.5,,
2000-08-28,31.7,24.4,38.3,63,0.0,0,13.0,,1012.7,,
2000-08-29,31.1,23.9,38.3,61,0.0,0,10.1,,1013.6,,
2000-08-30,31.1,22.8,39.4,50,0.0,0,8.3,,1012.5,,
2000-08-31,33.9,25.6,41.7,37,0.0,0,7.6,,1010.4,,
2000-09-01,34.4,26.7,41.7,40,0.0,0,5.0,,1011.2,,
2000-09-02,33.9,25.6,41.7,44,0.5,0,6.8,,1010.7,,
2000-09-03,33.3,24.4,42.2,42,0.0,0,4.3,,1009.9,,
2000-09-04,35.0,26.1,43.3,32,0.0,0,7.9,,1009.9,,
2000-09-05,35.0,25.6,44.4,34,0.0,0,6.1,,1010.2,,
2000-09-06,30.6,23.9,37.2,36,0.0,0,10.8,,1011.1,,
2000-09-07,28.9,21.7,36.1,45,0.0,0,7.6,,1010.4,,
2000-09-08,27.8,22.8,32.8,61,0.0,0,8.6,,1010.5,,
2000-09-09,30.6,24.4,36.1,64,0.0,0,7.6,,1009.3,,
2000-09-10,31.1,23.9,38.3,61,0.0,0,8.6,,1010.2,,
2000-09-11,32.2,25.0,38.9,61,0.0,0,12.2,,1009.5,,
2000-09-12,31.1,23.9,37.8,64,0.0,0,11.5,,1009.6,,
2000-09-13,27.2,22.2,32.2,80,16.0,0,9.4,,1013.0,,
2000-09-14,28.9,22.8,34.4,81,12.7,0,4.0,,1014.5,,
2000-09-15,28.9,22.2,35.6,69,0.0,0,7.6,,1014.1,,
2000-09-16,26.7,21.7,31.7,46,0.0,0,9.0,,1015.0,,
2000-09-17,23.3,15.0,31.7,38,0.0,0,4.7,,1016.3,,
2000-09-18,23.9,13.3,33.9,41,0.0,0,4.0,,1014.3,,
2000-09-19,26.7,18.3,34.4,54,0.0,0,10.4,,1010.3,,
2000-09-20,30.0,22.8,36.7,66,0.0,0,10.8,,1007.9,0,
2000-09-21,25.6,20.6,30.6,80,4.8,0,8.3,,1009.0,0,
2000-09-22,30.6,24.4,36.7,72,0.0,0,13.3,,1006.7,0,
2000-09-23,32.2,26.7,37.8,68,0.0,0,17.3,,1008.0,0,
2000-09-24,23.9,15.0,32.8,82,10.2,0,13.0,,1011.1,0,
2000-09-25,16.7,11.7,21.7,60,0.5,0,14.4,,1021.6,0,
2000-09-26,17.2,9.4,24.4,55,0.0,0,7.6,,1022.7,0,
2000-09-27,18.9,10.6,26.7,60,0.0,0,4.7,,1021.3,0,
2000-09-28,21.1,12.2,29.4,55,0.0,0,5.0,,1020.7,0,
2000-09-29,21.1,12.2,29.4,50,0.0,0,4.0,,1018.7,0,
2000-09-30,22.8,13.9,31.1,50,0.0,0,3.2,,1015.5,0,
2000-10-01,23.3,14.4,32.2,50,0.0,0,6.1,,1012.6,0,
2000-10-02,26.7,18.3,34.4,59,0.0,0,11.9,,1010.9,0,
2000-10-03,28.9,22.8,34.4,65,0.0,0,13.0,,1010.9,0,
2000-10-04,28.3,21.7,34.4,66,0.0,0,12.2,,1011.0,0,
2000-10-05,29.4,23.3,35.0,71,0.0,0,9.7,,1010.6,0,
2000-10-06,21.7,15.6,27.2,78,0.0,0,12.6,,1018.3,0,
2000-10-07,12.8,8.9,16.1,81,8.1,0,16.6,,1027.9,0,
2000-10-08,7.8,6.1,9.4,80,7.4,0,8.6,,1034.3,0,
2000-10-09,8.3,6.1,10.6,73,1.8,0,5.4,,1034.0,0,
2000-10-10,11.7,8.3,14.4,68,0.3,0,2.9,,1027.9,0,
2000-10-11,16.1,12.2,19.4,60,0.0,0,5.4,,1024.8,,
2000-10-12,22.2,16.7,27.8,63,0.0,0,9.0,,1022.9,,
2000-10-13,22.8,16.1,29.4,74,0.0,0,9.4,,1020.2,,
2000-10-14,22.8,17.2,27.8,75,0.0,0,7.6,,1017.7,,
2000-10-15,23.9,18.9,28.9,85,32.8,0,8.3,,1016.5,,
2000-10-16,24.4,18.3,30.6,86,18.3,0,6.1,,1016.4,0,
2000-10-17,21.1,17.8,23.9,95,1.3,0,3.6,,1019.7,,
2000-10-18,21.7,16.7,26.1,79,0.0,0,6.1,,1021.9,,
2000-10-19,22.2,16.1,27.8,73,0.5,0,4.7,,1019.5,0,
2000-10-20,22.2,17.2,26.7,79,0.0,0,7.6,,1017.5,0,
2000-10-21,21.7,17.8,25.0,92,34.0,0,9.0,,1015.0,0,
2000-10-22,23.3,20.0,26.1,98,36.8,0,10.1,,1016.0,0,
2000-10-23,23.3,21.7,24.4,99,3.6,0,9.0,,1022.3,0,
2000-10-24,23.9,20.6,26.7,94,1.3,0,10.8,,1023.0,0,
2000-10-25,24.4,20.0,28.3,88,0.0,0,10.4,,1018.0,0,
2000-10-26,23.9,20.0,27.8,87,2.3,0,9.7,,1015.3,,
2000-10-27,25.0,20.6,28.9,89,3.8,0,9.4,,1017.0,0,
2000-10-28,23.9,21.1,26.7,87,1.0,0,14.8,,1017.2,0,
2000-10-29,25.6,21.7,29.4,81,0.0,0,11.9,,1015.5,0,
2000-10-30,25.0,21.1,28.3,80,0.0,0,13.0,,1016.5,,
2000-10-31,25.0,21.1,28.3,82,0.0,0,15.5,,1014.6,,
2000-11-01,23.3,19.4,27.2,86,0.0,0,11.2,,1012.8,,
2000-11-02,22.2,18.3,25.6,91,55.1,0,5.0,,1014.4,,
2000-11-03,19.4,17.8,21.1,99,50.8,0,10.1,,1015.9,,
2000-11-04,19.4,17.8,21.1,95,1.3,0,5.8,,1014.8,,
2000-11-05,20.6,15.6,25.6,95,24.1,0,8.6,,1006.8,0,
2000-11-06,18.3,12.8,23.3,73,0.0,0,9.4,,,0,
2000-11-07,11.1,8.3,13.3,87,16.3,0,13.0,,1009.4,0,
2000-11-08,6.7,3.9,8.9,86,7.6,0,16.2,,1011.1,0,
2000-11-09,8.9,0.6,17.2,72,0.0,0,5.0,,1013.9,0,
2000-11-10,11.7,4.4,18.9,70,0.0,0,5.8,,1017.8,0,
2000-11-11,15.0,11.7,17.8,81,0.0,0,9.0,,1015.3,0,
2000-11-12,15.0,6.1,23.3,94,0.3,0,9.7,,1013.5,0,
2000-11-13,8.9,4.4,12.8,62,0.0,0,13.0,,1022.9,0,
2000-11-14,7.8,1.7,13.9,63,0.0,0,4.7,,1026.6,,
2000-11-15,8.3,3.3,12.8,78,3.0,0,3.2,,1017.7,,
2000-11-16,13.9,10.0,17.8,90,1.3,0,10.1,,1013.9,,
2000-11-17,8.3,5.6,10.6,66,0.8,0,12.2,,1022.3,,
2000-11-18,6.1,4.4,7.8,93,24.1,0,12.6,,1021.9,,
2000-11-19,8.9,2.8,15.0,78,0.0,0,4.0,,1025.3,,
2000-11-20,9.4,1.7,16.7,76,0.0,0,5.0,,1030.4,,
2000-11-21,8.9,1.7,15.6,68,0.0,0,4.0,,1033.3,,
2000-11-22,12.2,7.2,16.7,83,1.5,0,6.1,,1025.3,,
2000-11-23,17.2,13.3,21.1,98,13.2,0,6.1,,1012.8,,
2000-11-24,12.2,10.0,14.4,82,2.5,0,15.8,,1011.8,0,
2000-11-25,12.8,7.2,17.8,79,0.0,0,5.0,,1017.0,0,
2000-11-26,13.3,7.8,18.3,,0.0,0,6.1,,1019.7,0,
2000-11-27,13.9,5.0,22.8,,0.0,0,3.2,,1018.5,,
2000-11-28,19.4,13.3,25.0,85,0.0,0,5.8,,1016.3,0,
2000-11-29,15.0,10.6,19.4,68,0.0,0,9.7,,1023.4,0,
2000-11-30,14.4,8.9,19.4,62,0.0,0,9.0,,1023.2,,
2000-12-01,13.9,8.3,19.4,74,0.0,0,9.0,,1022.6,,
2000-12-02,6.7,3.9,9.4,60,0.0,0,14.4,,1032.2,,
2000-12-03,4.4,3.3,5.0,80,1.5,0,6.1,,1032.8,,
2000-12-04,6.7,3.9,9.4,83,0.3,0,1.8,,1031.2,,
2000-12-05,10.0,8.3,11.7,77,0.0,0,5.8,,1027.9,,
2000-12-06,8.9,3.9,13.9,75,0.8,0,10.4,,1022.8,,
2000-12-07,8.3,-0.6,16.7,69,0.0,0,5.8,,1021.0,,
2000-12-08,11.1,3.3,18.3,65,0.0,0,5.8,,1018.2,,
2000-12-09,11.7,4.4,18.3,85,0.0,0,1.8,,1017.5,,
2000-12-10,16.1,11.7,20.6,92,0.0,0,6.1,,1014.9,,
2000-12-11,11.7,-0.6,23.3,80,0.3,0,16.2,,1016.8,,
2000-12-12,-1.7,-3.3,-0.6,66,1.3,0,13.0,,1028.8,,
2000-12-13,3.9,-2.2,9.4,94,13.5,0,6.8,,1020.3,,
2000-12-14,7.2,1.1,12.8,76,0.0,0,7.2,,1026.9,,
2000-12-15,10.6,7.8,12.8,92,0.3,0,5.8,,1018.6,,
2000-12-16,10.6,3.3,17.8,58,0.0,0,12.6,,1020.3,,
2000-12-17,4.4,-2.2,11.1,48,0.0,0,10.1,,1027.2,,
2000-12-18,9.4,3.3,15.6,56,0.0,0,14.4,,1023.2,,
2000-12-19,7.2,1.1,12.8,46,0.0,0,9.0,,1029.6,,
2000-12-20,10.6,1.7,18.9,55,0.0,0,11.2,,1015.6,,
2000-12-21,6.7,1.7,11.1,45,0.0,0,13.7,,1026.4,,
2000-12-22,5.0,-0.6,10.6,44,0.0,0,11.2,,1028.9,,
2000-12-23,10.0,7.2,12.2,74,0.0,0,6.1,,1023.6,,
2000-12-24,7.8,4.4,11.1,94,1.8,0,11.5,,1025.4,,
2000-12-25,6.1,4.4,7.2,97,38.6,0,10.4,,1023.0,,
2000-12-26,3.3,1.1,5.0,94,14.2,0,14.8,,1022.8,,
2000-12-27,2.8,0.0,5.6,78,0.0,0,14.8,,1024.0,,
2000-12-28,7.2,0.0,13.9,74,0.0,0,6.5,,1021.5,,
2000-12-29,6.7,1.7,11.7,66,0.0,0,10.8,,1027.5,,
2000-12-30,4.4,-2.2,10.6,59,0.0,0,5.0,,1028.1,,
2000-12-31,3.9,1.7,6.1,,0.5,0,8.6,,,0,
2001-01-01,0.6,-0.6,1.7,85,0.0,0,11.9,,1031.4,,
2001-01-02,1.1,-1.1,3.3,70,0.0,0,13.7,,1037.7,,
2001-01-03,6.1,0.0,11.7,63,0.0,0,4.7,,1034.5,,
2001-01-04,10.6,0.0,20.6,55,0.0,0,5.8,,1024.9,,
2001-01-05,11.7,1.1,22.2,56,0.0,0,5.8,,1019.3,,
2001-01-06,13.9,4.4,22.8,62,0.0,0,7.9,,1013.9,,
2001-01-07,12.8,8.3,16.7,64,0.8,0,9.4,,1013.9,,
2001-01-08,8.9,2.2,15.6,56,0.0,0,8.3,,1024.8,,
2001-01-09,8.9,1.1,16.1,56,0.0,0,6.8,,1025.4,,
2001-01-10,7.8,5.0,10.6,82,33.8,0,9.0,,1020.1,,
2001-01-11,11.1,4.4,17.8,85,0.0,0,7.6,,1020.1,0,
2001-01-12,7.8,6.7,8.9,94,0.0,0,5.8,,1022.8,0,
2001-01-13,8.9,6.7,11.1,100,3.8,0,6.1,,1016.8,0,
2001-01-14,11.1,5.6,16.7,78,0.0,0,6.1,,1019.5,0,
2001-01-15,8.3,3.3,12.8,71,0.0,0,5.8,,1021.1,,
2001-01-16,9.4,7.2,11.7,88,1.0,0,9.7,,1016.5,,
2001-01-17,5.6,3.9,7.2,95,7.4,0,14.8,,1018.4,,
2001-01-18,3.3,2.8,3.9,92,5.1,0,15.1,,1016.9,,
2001-01-19,6.7,2.8,10.6,65,0.3,0,14.4,,1024.5,,
2001-01-20,3.9,-2.8,10.6,63,0.0,0,6.5,,1028.8,,
2001-01-21,6.7,1.1,11.7,70,0.0,0,9.4,,1029.0,,
2001-01-22,7.2,0.6,13.9,73,0.0,0,4.7,,1030.4,,
2001-01-23,8.3,1.7,14.4,79,0.0,0,4.3,,1025.6,,
2001-01-24,13.9,7.8,19.4,78,0.0,0,2.2,,1026.6,,
2001-01-25,11.7,7.2,16.1,69,0.0,0,10.8,,1026.6,,
2001-01-26,16.1,11.7,20.6,79,0.0,0,4.3,,1019.8,,
2001-01-27,12.8,8.9,16.7,97,4.1,0,7.6,,1018.5,,
2001-01-28,14.4,7.2,21.1,89,5.3,0,16.6,,1012.7,,
2001-01-29,12.8,6.7,18.3,65,7.6,0,12.6,,1011.4,,
2001-01-30,12.8,5.6,20.0,52,0.0,0,6.8,,1011.5,0,
2001-01-31,10.6,6.1,15.0,54,0.0,0,10.8,,1021.0,,
2001-02-01,9.4,5.6,12.8,52,0.0,0,6.8,,1024.8,,
2001-02-02,7.8,3.3,12.2,57,0.0,0,8.3,,1029.7,,
2001-02-03,8.9,0.0,17.2,64,0.0,0,7.6,,1024.3,,
2001-02-04,11.1,3.9,18.3,62,0.0,0,6.5,,1024.4,,
2001-02-05,12.8,5.6,20.0,50,0.0,0,9.7,,1023.2,,
2001-02-06,17.2,10.6,23.9,72,0.0,0,13.0,,1014.6,,
2001-02-07,17.8,14.4,21.1,89,0.0,0,15.5,,1013.9,,
2001-02-08,20.6,19.4,21.7,87,0.0,0,20.5,,1011.5,,
2001-02-09,12.8,3.3,21.7,65,4.6,0,17.3,,1019.0,,
2001-02-10,2.8,-1.7,7.2,65,0.0,0,10.1,,1028.4,,
2001-02-11,7.8,5.0,10.6,77,1.0,0,6.1,,1023.5,,
2001-02-12,10.6,7.2,13.3,99,0.3,0,2.2,,1021.9,,
2001-02-13,16.7,12.2,21.1,97,0.5,0,5.0,,1018.4,,
2001-02-14,21.7,18.9,24.4,83,0.0,0,13.7,,1013.3,,
2001-02-15,16.1,9.4,22.2,90,2.0,0,11.2,,1009.5,0,
2001-02-16,10.0,4.4,15.6,80,21.3,0,18.0,,1021.4,0,
2001-02-17,5.6,0.0,11.1,66,0.0,0,11.2,,1033.5,0,
2001-02-18,8.3,0.6,15.6,68,0.0,0,8.6,,1030.0,,
2001-02-19,15.0,7.2,22.2,78,0.0,0,9.4,,1021.1,,
2001-02-20,20.0,15.6,24.4,80,0.0,0,11.5,,1018.8,,
2001-02-21,18.9,12.8,24.4,84,0.0,0,9.4,,1018.6,,
2001-02-22,11.1,8.9,12.8,76,0.0,0,9.4,,1021.2,,
2001-02-23,15.6,10.6,20.6,87,3.0,0,13.7,,1012.5,,
2001-02-24,19.4,12.8,25.6,61,0.0,0,14.4,,1007.1,,
2001-02-25,17.2,10.0,23.9,42,0.0,0,7.9,,1018.6,,
2001-02-26,17.2,13.3,21.1,61,0.0,0,7.9,,1019.2,0,
2001-02-27,18.9,13.3,23.9,90,1.8,0,7.2,,1015.3,,
2001-02-28,8.3,3.3,13.3,93,1.3,0,13.7,,1018.5,0,
2001-03-01,5.6,2.8,8.3,94,10.4,0,7.6,,1015.5,0,
2001-03-02,11.1,8.3,13.3,88,4.8,0,5.8,,1009.2,0,
2001-03-03,8.9,5.0,12.2,94,19.1,0,7.9,,1007.2,0,
2001-03-04,12.8,5.6,20.0,70,0.0,0,7.6,,1018.8,0,
2001-03-05,15.0,7.2,22.2,58,0.0,0,7.2,,1026.6,0,
2001-03-06,13.3,6.1,20.0,67,0.0,0,4.0,,1023.8,0,
2001-03-07,13.9,6.1,21.7,70,0.0,0,5.4,,1021.6,0,
2001-03-08,12.8,9.4,16.1,90,3.8,0,11.2,,1014.7,0,
2001-03-09,12.8,6.7,18.3,70,0.0,0,8.6,,1018.8,0,
2001-03-10,12.2,5.6,18.9,78,0.0,0,10.4,,1013.4,0,
2001-03-11,17.8,15.0,20.6,93,1.0,0,12.2,,1007.5,,
2001-03-12,18.9,11.7,25.6,62,22.4,0,8.6,,1009.0,,
2001-03-13,13.9,7.2,20.6,65,0.0,0,6.8,,1014.9,,
2001-03-14,15.0,12.8,17.2,90,15.0,0,10.1,,1008.5,0,
2001-03-15,16.1,10.6,21.1,55,0.0,0,16.2,,1009.0,0,
2001-03-16,11.1,5.0,17.2,54,0.0,0,9.4,,1018.9,0,
2001-03-17,10.0,8.3,11.1,64,0.0,0,10.4,,1020.8,0,
2001-03-18,7.8,6.1,8.9,81,11.9,0,7.2,,1022.3,0,
2001-03-19,10.6,6.1,14.4,69,0.0,0,9.7,,1024.1,0,
2001-03-20,12.2,4.4,20.0,64,0.0,0,8.3,,1023.1,0,
2001-03-21,15.0,5.0,24.4,62,0.0,0,6.5,,1020.1,,
2001-03-22,17.8,9.4,25.6,63,0.0,0,12.6,,1014.9,,
2001-03-23,20.0,14.4,25.0,78,0.0,0,9.4,,1013.9,,
2001-03-24,,8.3,18.9,,3.8,0,8.3,,,,
2001-03-25,12.8,8.3,16.7,64,0.0,0,11.2,,1024.8,0,
2001-03-26,11.1,7.8,14.4,56,0.0,0,11.5,,1023.6,0,
2001-03-27,8.3,6.1,10.6,87,41.1,0,10.8,,1020.0,0,
2001-03-28,8.3,6.1,10.0,97,1.0,0,9.0,,1012.8,0,
2001-03-29,13.3,8.9,17.8,86,0.5,0,7.6,,1009.6,0,
2001-03-30,11.1,7.2,15.0,88,5.1,0,1.8,,1011.9,0,
2001-03-31,15.6,7.2,23.9,80,0.0,0,5.8,,1014.0,0,
2001-04-01,18.3,11.7,24.4,79,0.0,0,10.1,,1013.4,,
2001-04-02,21.7,18.3,24.4,87,0.0,0,14.0,,1008.5,,
2001-04-03,23.9,21.1,26.1,88,0.0,0,8.3,,1009.6,,
2001-04-04,23.9,21.7,25.6,91,0.0,0,9.0,,1012.5,,
2001-04-05,24.4,21.7,27.2,82,0.3,0,14.0,,1014.0,0,
2001-04-06,24.4,21.1,27.2,79,0.0,0,21.6,,1011.0,0,
2001-04-07,22.8,19.4,26.1,82,0.0,0,12.6,,1012.7,0,
2001-04-08,25.0,21.1,28.9,78,0.0,0,16.9,,1012.5,0,
2001-04-09,24.4,20.6,28.3,79,0.0,0,16.2,,1010.8,0,
2001-04-10,25.0,21.7,28.3,80,0.0,0,19.8,,1006.5,0,
2001-04-11,20.6,14.4,26.7,66,0.3,0,9.0,,1007.5,0,
2001-04-12,20.0,14.4,25.6,83,0.3,0,3.6,,1012.2,0,
2001-04-13,21.7,16.1,26.7,84,0.0,0,6.5,,1015.8,0,
2001-04-14,25.6,21.7,29.4,81,0.0,0,12.6,,1012.7,0,
2001-04-15,26.7,20.6,32.2,78,0.0,0,7.9,,1011.3,0,
2001-04-16,24.4,19.4,28.9,75,0.0,0,9.0,,1016.3,0,
2001-04-17,15.6,7.8,22.8,72,2.8,0,14.4,,1026.3,0,
2001-04-18,15.6,10.0,20.6,60,0.0,0,8.3,,1027.7,0,
2001-04-19,18.3,12.2,23.9,82,0.0,0,14.0,,1018.0,0,
2001-04-20,22.8,20.0,25.6,85,0.0,0,16.9,,1014.4,0,
2001-04-21,24.4,20.0,28.9,77,0.0,0,16.9,,1015.5,0,
2001-04-22,24.4,21.1,27.8,79,0.0,0,22.3,,1013.1,0,
2001-04-23,20.0,16.7,22.8,83,8.6,0,10.4,,1017.3,0,
2001-04-24,18.3,12.8,23.3,60,0.5,0,11.2,,1024.0,,
2001-04-25,17.2,8.9,25.6,53,0.0,0,4.0,,1024.8,0,
2001-04-26,18.9,11.1,26.7,56,0.0,0,6.8,,1022.6,0,
2001-04-27,18.9,11.1,26.7,58,0.0,0,7.2,,1021.4,0,
2001-04-28,19.4,12.2,26.7,56,0.0,0,7.6,,1020.6,0,
2001-04-29,20.0,12.2,27.8,64,0.0,0,7.6,,1020.7,,
2001-04-30,23.3,18.3,27.8,73,0.0,0,9.4,,1019.1,,
2001-05-01,24.4,19.4,29.4,71,0.0,0,11.9,,1014.5,0,
2001-05-02,25.6,20.0,31.1,69,0.0,0,17.3,,1010.5,0,
2001-05-03,25.6,21.1,30.0,70,0.0,0,16.2,,1013.8,0,
2001-05-04,22.8,17.2,28.3,80,11.4,0,16.2,,1013.2,0,
2001-05-05,22.8,16.1,28.9,88,10.7,0,10.8,,1011.3,0,
2001-05-06,24.4,17.2,31.1,83,41.1,0,12.6,,1011.9,0,
2001-05-07,23.3,16.7,29.4,77,0.0,0,5.0,,1017.1,0,
2001-05-08,23.3,18.3,28.3,81,3.6,0,3.6,,1020.4,0,
2001-05-09,22.2,15.6,28.9,75,0.0,0,6.8,,1018.8,0,
2001-05-10,23.3,17.2,29.4,72,0.0,0,10.8,,1016.1,,
2001-05-11,25.0,19.4,30.6,73,0.0,0,10.1,,1016.3,0,
2001-05-12,23.9,18.9,28.3,76,0.5,0,4.3,,1019.8,0,
2001-05-13,23.3,17.2,29.4,74,0.0,0,5.0,,1020.7,,
2001-05-14,24.4,18.3,30.0,68,0.0,0,9.4,,1019.5,,
2001-05-15,23.9,17.8,30.0,68,0.0,0,12.2,,1014.9,,
2001-05-16,26.7,20.6,32.8,72,0.0,0,16.2,,1008.5,0,
2001-05-17,27.2,21.7,32.2,72,0.0,0,15.5,,1007.8,0,
2001-05-18,27.2,21.1,32.8,73,0.0,0,12.6,,1009.6,0,
2001-05-19,25.0,21.7,28.3,82,0.0,0,9.0,,1010.7,0,
2001-05-20,26.7,20.0,32.8,81,0.0,0,12.6,,1005.6,0,
2001-05-21,23.3,17.2,29.4,65,0.0,0,14.0,,1008.8,0,
2001-05-22,20.6,12.2,28.3,45,0.0,0,6.1,,1018.2,0,
2001-05-23,22.2,12.2,32.2,47,0.0,0,7.6,,1014.0,0,
2001-05-24,25.6,18.3,32.2,63,8.4,0,7.9,,1010.8,0,
2001-05-25,23.3,17.8,28.9,72,0.8,0,6.8,,1014.6,0,
2001-05-26,23.9,18.3,28.9,78,3.8,0,9.7,,1012.9,0,
2001-05-27,27.8,21.1,33.9,74,0.0,0,13.7,,1008.6,0,
2001-05-28,28.3,23.9,32.2,71,0.0,0,17.6,,1008.0,0,
2001-05-29,27.8,22.8,32.8,72,0.0,0,16.2,,1010.5,0,
2001-05-30,28.9,23.9,33.3,71,0.0,0,14.0,,1010.8,0,
2001-05-31,26.7,19.4,33.3,71,2.8,0,6.1,,1011.3,0,
2001-06-01,26.7,20.6,32.8,77,0.0,0,5.8,,1011.1,0,
2001-06-02,28.3,21.1,35.0,70,0.0,0,11.9,,1007.4,0,
2001-06-03,29.4,24.4,34.4,68,0.0,0,18.4,,1005.4,0,
2001-06-04,29.4,23.9,34.4,69,0.0,0,18.4,,1006.3,0,
2001-06-05,27.2,22.8,31.1,75,0.0,0,11.9,,1008.9,0,
2001-06-06,27.8,21.7,33.9,68,0.0,0,7.2,,1009.0,0,
2001-06-07,27.2,22.8,31.7,70,0.0,0,8.3,,1010.1,0,
2001-06-08,25.6,22.2,28.9,81,5.1,0,14.8,,1009.6,0,
2001-06-09,27.2,22.8,31.7,75,0.8,0,13.3,,1010.6,0,
2001-06-10,26.7,21.1,32.2,72,0.0,0,7.2,,1010.7,0,
2001-06-11,27.8,20.0,35.6,66,0.0,0,6.8,,1009.8,0,
2001-06-12,30.0,22.8,36.7,66,0.0,0,13.0,,1006.8,0,
2001-06-13,31.1,25.6,36.1,68,0.0,0,16.9,,1005.1,,
2001-06-14,31.1,26.1,35.6,70,0.0,0,18.4,,1006.6,,
2001-06-15,25.6,18.9,32.2,71,2.5,0,9.4,,1015.4,,
2001-06-16,28.3,21.7,34.4,70,0.0,0,6.5,,1018.9,,
2001-06-17,28.9,22.8,35.0,63,0.0,0,7.6,,1018.9,,
2001-06-18,27.8,21.1,33.9,58,0.0,0,7.9,,1016.8,,
2001-06-19,27.2,19.4,34.4,59,0.0,0,9.4,,1016.4,,
2001-06-20,27.8,21.1,34.4,58,0.0,0,9.7,,1018.2,0,
2001-06-21,29.4,22.2,36.7,62,5.6,0,7.6,,1016.7,0,
2001-06-22,26.7,21.1,32.2,78,2.0,0,5.0,,1016.4,0,
2001-06-23,27.2,21.1,32.8,60,5.6,0,7.6,,1016.1,0,
2001-06-24,27.2,21.1,33.3,74,0.0,0,9.0,,1016.5,,
2001-06-25,27.8,22.2,33.3,65,0.0,0,9.0,,1017.1,,
2001-06-26,28.9,22.8,35.0,67,0.0,0,10.1,,1017.7,,
2001-06-27,30.0,23.9,35.6,61,0.0,0,12.6,,1019.6,,
2001-06-28,29.4,22.8,35.6,63,0.0,0,13.3,,1018.0,0,
2001-06-29,30.0,23.9,36.1,67,0.0,0,13.7,,1014.4,0,
2001-06-30,30.0,23.9,35.6,65,0.0,0,13.0,,1013.0,0,
2001-07-01,26.1,21.7,30.0,81,7.6,0,9.4,,1014.1,0,
2001-07-02,27.8,21.7,33.9,78,1.0,0,7.2,,1017.5,0,
2001-07-03,27.2,20.6,33.9,76,0.0,0,5.4,,1019.3,0,
2001-07-04,27.8,20.6,35.0,68,0.0,0,7.2,,1018.8,0,
2001-07-05,30.0,23.3,36.7,61,0.0,0,8.3,,1016.8,0,0
2001-07-06,30.0,23.3,36.7,62,0.0,0,10.1,,1015.6,0,0
2001-07-07,30.0,23.3,36.7,61,0.0,0,11.5,,1016.1,0,0
2001-07-08,29.4,22.8,36.1,62,0.0,0,11.2,,1015.7,0,0
2001-07-09,30.6,23.3,37.2,61,0.0,0,10.8,,1013.9,0,1
2001-07-10,30.6,23.3,37.8,58,0.0,0,9.4,,1011.8,0,1
2001-07-11,30.0,22.8,37.2,57,0.0,0,10.8,,1011.0,0,0
2001-07-12,30.6,23.3,37.8,57,0.0,0,11.2,,1012.6,0,0
2001-07-13,31.1,23.9,38.3,57,0.0,0,10.4,,1013.2,0,1
2001-07-14,31.7,24.4,38.3,55,0.0,0,9.0,,1011.5,0,0
2001-07-15,31.7,25.0,38.3,54,0.0,0,11.2,,1009.6,0,0
2001-07-16,31.7,25.0,37.8,60,0.0,0,12.2,,1011.3,,1
2001-07-17,31.7,25.0,37.8,62,0.0,0,12.2,,1013.3,0,2
2001-07-18,31.1,24.4,37.8,63,0.0,0,12.2,,1013.4,0,2
2001-07-19,31.7,25.6,37.8,62,0.0,0,12.2,,1013.4,0,
2001-07-20,32.2,25.0,38.9,59,0.0,0,12.2,,1013.2,0,
2001-07-21,31.7,23.9,39.4,55,0.0,0,10.8,,1011.3,0,
2001-07-22,31.1,22.8,39.4,47,0.0,0,8.3,,1009.5,,
2001-07-23,31.7,23.9,38.9,48,0.0,0,8.3,,1009.1,0,
2001-07-24,31.7,25.6,37.8,57,0.0,0,9.7,,1009.5,0,0
2001-07-25,31.7,25.0,37.8,61,0.0,0,9.4,,1009.9,,2
2001-07-26,32.2,25.6,38.3,63,0.0,0,10.8,,1011.3,,
2001-07-27,31.7,25.6,37.8,66,0.0,0,11.5,,1013.8,,2
2001-07-28,32.8,26.1,38.9,62,0.0,0,14.0,,1015.5,,
2001-07-29,31.7,25.0,38.3,61,0.0,0,12.6,,1014.6,,1
2001-07-30,31.7,25.0,38.3,60,0.0,0,13.7,,1013.4,0,2
2001-07-31,31.7,25.0,38.3,60,0.0,0,14.4,,1015.5,,
2001-08-01,31.1,24.4,37.8,59,0.0,0,9.4,,1017.5,,1
2001-08-02,30.6,25.0,35.6,58,0.0,0,8.3,,1018.0,0,2
2001-08-03,30.0,22.8,36.7,52,0.0,0,6.5,,1016.2,0,2
2001-08-04,30.6,23.3,37.2,54,0.0,0,5.0,,1013.6,0,1
2001-08-05,31.1,22.8,39.4,48,0.0,0,6.8,,1013.2,0,0
2001-08-06,31.7,23.9,38.9,,0.0,0,7.9,,1013.8,0,0
2001-08-07,30.6,24.4,36.7,,0.0,0,7.2,,1016.1,0,1
2001-08-08,31.7,24.4,38.3,62,0.0,0,14.0,,1015.6,,
2001-08-09,31.7,24.4,38.9,59,0.0,0,13.3,,1014.7,,1
2001-08-10,31.7,25.0,38.3,60,0.0,0,10.8,,1015.0,,1
2001-08-11,32.2,25.0,38.9,57,0.0,0,11.5,,1014.4,,
2001-08-12,32.2,25.0,38.9,57,0.0,0,10.8,,1016.0,,0
2001-08-13,32.2,25.0,38.9,54,0.0,0,8.3,,1016.1,,1
2001-08-14,29.4,24.4,34.4,68,0.8,0,3.6,,1014.4,,2
2001-08-15,31.1,23.3,38.9,,0.0,0,9.0,,1010.9,0,0
2001-08-16,32.2,25.6,38.3,,0.0,0,7.9,,1013.4,,2
2001-08-17,32.2,25.0,39.4,56,0.0,0,10.1,,1016.2,0,0
2001-08-18,32.8,24.4,40.6,51,0.0,0,11.9,,1014.4,0,0
2001-08-19,30.0,23.3,36.1,65,3.8,0,8.3,,1013.3,0,2
2001-08-20,31.1,23.9,37.8,58,0.0,0,10.4,,1014.2,0,2
2001-08-21,31.1,23.3,38.3,60,0.0,0,13.3,,1014.9,0,
2001-08-22,31.7,25.0,38.3,63,0.0,0,13.7,,1015.2,0,4
2001-08-23,31.7,25.0,37.8,58,0.0,0,12.2,,1014.4,0,2
2001-08-24,30.6,23.3,37.2,60,0.0,0,11.5,,1013.4,0,2
2001-08-25,32.2,25.6,38.3,61,0.0,0,12.2,,1012.4,0,3
2001-08-26,30.0,20.6,38.9,72,90.2,0,9.7,,1013.7,0,
2001-08-27,27.2,21.7,32.2,90,43.7,0,4.3,,1014.1,0,
2001-08-28,26.7,22.8,30.6,89,1.5,0,7.9,,1014.2,0,
2001-08-29,23.3,22.2,24.4,95,18.3,0,9.0,,1012.9,0,
2001-08-30,22.8,21.7,23.9,98,52.1,0,7.2,,1010.4,0,
2001-08-31,25.6,22.2,28.3,93,30.5,0,7.2,,1009.6,0,
2001-09-01,27.2,22.8,31.1,84,3.8,0,2.5,,1009.8,0,
2001-09-02,28.9,23.3,33.9,77,0.0,0,4.3,,1009.2,0,4
2001-09-03,27.8,20.6,35.0,77,11.4,0,5.4,,1009.2,0,
2001-09-04,25.6,20.6,30.0,86,0.0,0,5.0,,1011.9,0,3
2001-09-05,25.0,22.2,27.2,91,12.7,0,4.0,,1013.9,0,
2001-09-06,27.2,21.1,32.8,78,0.0,0,9.0,,1012.8,0,5
2001-09-07,29.4,24.4,33.9,73,0.0,0,16.6,,1007.5,0,
2001-09-08,29.4,25.6,33.3,76,0.0,0,15.1,,1006.2,0,
2001-09-09,25.0,20.0,29.4,81,2.0,0,9.4,,1013.5,0,
2001-09-10,25.0,21.7,28.3,76,0.0,0,7.6,,1019.8,0,5
2001-09-11,26.1,21.7,30.6,70,0.0,0,6.5,,1019.1,0,2
2001-09-12,24.4,17.8,31.1,65,0.0,0,3.6,,1016.7,0,0
2001-09-13,26.1,19.4,32.8,68,0.0,0,5.8,,1015.7,0,0
2001-09-14,27.8,21.7,33.3,71,0.0,0,5.0,,1014.9,0,0
2001-09-15,26.7,21.7,31.7,70,0.0,0,5.8,,1014.1,0,1
2001-09-16,27.2,22.8,31.1,70,0.0,0,6.8,,1014.2,0,0
2001-09-17,26.7,21.1,31.7,75,0.0,0,9.0,,1013.8,,2
2001-09-18,27.2,21.7,32.8,72,0.0,0,10.8,,1010.8,0,2
2001-09-19,29.4,25.0,33.9,73,0.0,0,7.2,,1011.8,,4
2001-09-20,30.0,24.4,35.0,71,0.0,0,9.4,,1013.5,,2
2001-09-21,26.1,21.1,31.1,74,0.8,0,4.0,,1015.1,,2
2001-09-22,25.0,20.6,28.9,89,12.7,0,2.9,,1015.2,,3
2001-09-23,25.6,18.9,31.7,75,0.0,0,3.6,,1014.3,,1
2001-09-24,21.7,17.8,25.6,63,0.0,0,15.1,,1018.2,0,1
2001-09-25,19.4,13.9,25.0,60,0.0,0,8.6,,1020.5,0,3
2001-09-26,17.8,10.6,25.0,63,0.0,0,4.7,,1019.9,0,0
2001-09-27,18.3,10.0,26.7,64,0.0,0,2.2,,1018.0,0,0
2001-09-28,20.0,11.7,27.8,62,0.0,0,3.6,,1016.5,0,0
2001-09-29,20.6,12.2,28.9,57,0.0,0,4.7,,1018.0,0,0
2001-09-30,19.8,15.0,25.6,57,0.0,0,7.6,,1021.8,,0
2001-10-01,21.7,13.9,27.2,61,0.0,0,3.2,,,,0
2001-10-02,20.0,12.2,27.8,66,0.0,0,5.4,,1019.2,,0
2001-10-03,22.2,16.1,27.8,74,0.0,0,9.0,,1017.0,0,4
2001-10-04,25.6,20.6,30.0,77,0.0,0,13.0,,1014.1,0,5
2001-10-05,21.7,13.9,28.9,84,0.0,0,10.1,,1013.2,0,5
2001-10-06,16.1,11.7,20.6,63,0.0,0,11.2,,1021.3,0,3
2001-10-07,16.7,9.4,23.9,66,0.0,0,5.4,,1022.1,0,0
2001-10-08,21.1,16.7,25.6,79,0.0,0,11.2,,1019.0,0,
2001-10-09,25.6,21.1,29.4,81,0.0,0,13.3,,1015.5,0,7
2001-10-10,26.7,23.3,29.4,84,1.5,0,12.6,,1013.4,0,6
2001-10-11,21.1,15.6,26.7,85,28.7,0,7.9,,1012.4,0,
2001-10-12,21.1,15.0,27.2,94,25.4,0,6.1,,1007.0,0,
2001-10-13,16.7,10.6,22.2,71,6.9,0,11.5,,1005.1,0,4
2001-10-14,18.9,10.0,27.2,57,0.0,0,6.8,,1014.8,0,0
2001-10-15,20.0,12.2,27.2,70,0.0,0,8.6,,1018.1,,2
2001-10-16,14.4,8.3,20.0,50,0.0,0,11.5,,1029.5,0,0
2001-10-17,13.9,5.0,22.2,66,0.0,0,6.8,,1026.3,0,0
2001-10-18,17.8,10.6,25.0,78,0.0,0,9.4,,1019.0,0,0
2001-10-19,20.6,14.4,26.7,79,0.0,0,8.3,,1014.5,,0
2001-10-20,20.6,14.4,26.7,77,0.0,0,8.3,,1015.8,0,2
2001-10-21,21.7,15.6,27.2,79,0.0,0,8.6,,1015.5,0,1
2001-10-22,25.0,20.6,28.9,82,0.0,0,13.7,,1011.8,0,6
2001-10-23,26.1,22.8,29.4,79,0.0,0,12.2,,1006.0,,5
2001-10-24,26.1,18.3,33.3,64,0.0,0,13.0,,1007.4,0,4
2001-10-25,19.4,12.8,25.6,38,0.0,0,9.7,,1021.3,0,0
2001-10-26,18.9,12.8,24.4,48,0.0,0,7.2,,1027.6,0,2
2001-10-27,18.9,12.8,24.4,50,0.0,0,2.2,,1029.5,0,4
2001-10-28,16.7,10.6,24.4,60,0.0,0,1.8,,1028.4,,0
2001-10-29,16.7,8.9,23.9,71,0.0,0,4.0,,1029.1,0,0
2001-10-30,17.2,10.6,23.3,79,0.0,0,2.9,,1026.6,0,2
2001-10-31,18.3,11.7,25.0,85,0.0,0,9.0,,1019.4,,3
2001-11-01,23.3,18.3,28.3,80,0.0,0,13.7,,1015.0,0,5
2001-11-02,24.4,19.4,28.9,84,0.0,0,9.0,,1017.3,,
2001-11-03,22.2,15.6,28.3,78,0.0,0,4.0,,1022.5,,2
2001-11-04,21.1,15.0,27.2,71,0.0,0,5.8,,1024.2,,1
2001-11-05,19.4,12.8,26.1,66,0.0,0,2.9,,1022.8,,2
2001-11-06,18.9,11.1,26.1,59,0.0,0,5.0,,1023.0,0,0
2001-11-07,17.8,10.0,25.6,68,0.0,0,4.0,,1022.8,0,0
2001-11-08,21.1,15.0,27.2,81,5.3,0,4.7,,1023.3,0,3
2001-11-09,16.1,12.8,19.4,77,0.8,0,7.9,,1028.9,,
2001-11-10,18.3,11.1,25.0,86,0.0,0,3.6,,1025.0,,2
2001-11-11,21.1,16.7,25.0,82,0.0,0,5.0,,1022.4,0,8
2001-11-12,21.1,17.2,25.0,91,1.5,0,6.1,,1022.4,0,
2001-11-13,21.7,17.8,25.6,87,0.0,0,10.4,,1020.2,,
2001-11-14,20.6,17.2,23.9,90,1.8,0,11.9,,1016.3,0,7
2001-11-15,18.3,16.1,20.0,100,191.8,0,12.2,,1014.8,,
2001-11-16,18.3,16.7,19.4,93,0.3,0,7.2,,1020.5,0,
2001-11-17,19.4,16.1,22.2,84,0.8,0,7.2,,1023.4,,8
2001-11-18,20.6,17.2,23.9,84,0.0,0,6.8,,1021.2,,7
2001-11-19,14.4,8.9,19.4,90,2.8,0,8.3,,1023.3,,6
2001-11-20,10.0,3.9,16.1,52,0.0,0,8.3,,1025.8,,0
2001-11-21,10.0,3.3,16.1,70,0.0,0,5.0,,1018.8,0,6
2001-11-22,16.1,9.4,22.2,79,0.0,0,7.6,,1010.0,0,4
2001-11-23,21.7,16.1,26.7,84,0.0,0,11.9,,1001.1,0,4
2001-11-24,16.1,8.9,22.8,44,0.0,0,6.8,,1009.8,,1
2001-11-25,15.6,6.1,24.4,62,0.0,0,7.9,,1015.2,0,0
2001-11-26,22.2,16.7,27.2,82,0.0,0,6.5,,1009.6,0,6
2001-11-27,10.6,2.8,17.8,49,0.0,0,16.9,,1014.3,0,8
2001-11-28,1.7,-0.6,3.3,91,48.5,0,16.6,,1018.2,,
2001-11-29,5.0,-1.1,11.1,78,0.5,0,9.0,,1018.9,,
2001-11-30,10.6,0.6,20.6,75,0.0,0,4.7,,1017.3,0,0
2001-12-01,13.9,6.1,21.7,86,1.3,0,1.4,,1021.0,,4
2001-12-02,15.0,13.9,16.1,100,13.2,0,4.0,,1022.2,,
2001-12-03,16.1,13.3,18.9,100,0.3,0,7.2,,1020.4,,
2001-12-04,21.1,17.8,23.9,95,0.5,0,13.7,,1017.6,,
2001-12-05,22.8,20.0,25.6,91,0.5,0,9.7,,1018.8,,
2001-12-06,21.7,17.8,25.0,91,0.0,0,3.2,,1019.9,,
2001-12-07,21.1,17.8,23.9,93,0.0,0,5.0,,1014.9,,6
2001-12-08,13.9,7.2,20.0,70,35.1,0,12.6,,1021.5,,5
2001-12-09,7.8,2.8,12.8,53,0.0,0,7.6,,1024.6,,1
2001-12-10,8.3,0.0,16.1,65,0.0,0,4.3,,1020.2,,0
2001-12-11,10.0,6.7,13.3,89,15.5,0,4.0,,1015.2,,
2001-12-12,16.1,11.7,20.6,95,0.0,0,4.0,,1011.8,,
2001-12-13,8.9,3.9,13.3,76,7.1,0,10.8,,1015.4,,3
2001-12-14,10.0,1.7,17.8,73,0.0,0,6.8,,1016.7,,0
2001-12-15,13.9,8.9,18.3,93,35.3,0,5.0,,1013.5,,
2001-12-16,17.8,13.3,22.2,96,7.9,0,12.6,,1010.6,,
2001-12-17,12.2,5.6,18.3,68,0.0,0,12.2,,1019.2,,2
2001-12-18,11.1,2.8,19.4,75,0.0,0,5.8,,1016.7,,0
2001-12-19,10.6,3.9,16.7,56,0.0,0,11.5,,1023.6,,0
2001-12-20,8.9,0.6,16.7,69,0.0,0,3.2,,1028.0,,0
2001-12-21,12.2,3.3,20.6,83,0.0,0,9.7,,1022.0,,2
2001-12-22,17.8,11.7,23.3,73,0.0,0,9.0,,1014.7,,
2001-12-23,10.0,5.0,14.4,48,0.0,0,10.1,,1022.8,,0
2001-12-24,5.6,0.0,11.1,44,0.0,0,7.2,,1025.4,,3
2001-12-25,6.7,1.7,11.7,63,0.8,0,6.1,,1024.0,,2
2001-12-26,7.8,2.2,13.3,57,0.0,0,7.6,,1023.5,,0
2001-12-27,10.0,1.7,17.8,65,0.0,0,5.8,,1016.1,,0
2001-12-28,11.7,6.1,17.2,68,0.0,0,6.1,,1012.0,,0
2001-12-29,7.8,3.3,12.2,59,0.0,0,11.9,,1018.8,,0
2001-12-30,5.0,0.6,9.4,58,0.0,0,12.6,,1024.4,,2
2001-12-31,3.3,0.0,6.7,68,0.0,0,11.9,,1025.9,0,2
2002-01-01,2.8,0.6,5.0,65,0.0,0,13.3,,1027.1,0,6
2002-01-02,3.3,-1.1,7.2,64,0.0,0,11.2,,1030.7,0,4
2002-01-03,2.2,-3.3,7.8,66,0.0,0,3.6,,1030.8,0,1
2002-01-04,4.4,-2.2,10.6,79,0.5,0,6.8,,1024.6,0,
2002-01-05,9.4,6.7,11.7,90,36.6,0,11.5,,1017.6,0,
2002-01-06,10.6,3.3,17.2,62,0.0,0,10.8,,1023.9,0,0
2002-01-07,8.9,2.2,15.6,58,0.0,0,4.0,,1028.0,0,0
2002-01-08,11.1,1.7,20.0,68,0.0,0,6.5,,1023.1,0,0
2002-01-09,16.7,10.0,23.3,79,0.0,0,12.2,,1016.8,0,0
2002-01-10,16.1,11.7,20.6,83,0.0,0,11.5,,1015.1,0,5
2002-01-11,12.2,7.8,16.1,53,0.0,0,13.0,,1022.7,0,4
2002-01-12,11.7,3.9,18.9,56,0.0,0,9.4,,1022.2,0,0
2002-01-13,10.6,0.0,20.6,59,0.0,0,9.0,,1014.2,0,0
2002-01-14,,3.3,18.3,,0.0,0,9.7,,,,
2002-01-15,15.0,-0.6,20.0,,0.0,0,16.2,,,,
2002-01-16,15.0,7.8,22.2,90,0.0,0,5.8,,1018.4,0,4
2002-01-17,13.3,10.0,16.7,86,0.3,0,6.8,,1017.9,0,7
2002-01-18,8.9,6.7,11.1,76,0.0,0,6.8,,1018.2,,8
2002-01-19,8.9,2.8,15.0,67,0.0,0,11.2,,1018.0,0,3
2002-01-20,8.9,1.1,16.1,74,0.0,0,7.6,,1016.1,0,1
2002-01-21,,6.1,22.8,,0.0,0,7.6,,,,
2002-01-22,18.9,12.8,20.6,,0.5,0,2.2,,,,
2002-01-23,22.8,19.4,26.1,83,0.0,0,13.0,,1009.7,,7
2002-01-24,,6.1,21.7,,0.3,0,17.6,,,,
2002-01-25,12.2,2.2,16.7,,0.0,0,13.0,,,,
2002-01-26,8.9,1.1,16.7,51,0.0,0,4.3,,1024.3,0,0
2002-01-27,13.9,5.0,22.8,54,0.0,0,5.0,,1019.4,0,0
2002-01-28,18.3,12.2,23.9,84,0.0,0,10.1,,1015.5,0,
2002-01-29,23.9,20.0,27.2,74,0.0,0,19.1,,1011.7,,
2002-01-30,21.7,19.4,23.9,82,0.0,0,16.6,,1009.3,0,
2002-01-31,14.4,6.1,22.2,69,4.8,0,16.2,,1016.0,0,6
2002-02-01,7.2,2.8,11.1,44,0.0,0,11.2,,1032.0,0,1
2002-02-02,6.1,0.0,11.7,51,0.0,0,5.4,,1029.7,0,2
2002-02-03,9.4,5.6,13.3,,0.0,0,2.5,,1025.6,0,0
2002-02-04,10.0,8.3,11.1,,0.3,0,8.6,,1028.1,0,4
2002-02-05,6.7,4.4,8.3,94,16.5,0,9.4,,1023.4,,
2002-02-06,6.1,1.7,10.6,80,0.0,0,9.7,,1022.4,0,6
2002-02-07,8.3,-1.1,17.2,72,0.0,0,3.2,,1025.7,0,0
2002-02-08,10.0,0.6,18.9,71,0.0,0,7.6,,1023.1,0,0
2002-02-09,15.0,7.8,22.2,,0.0,0,13.0,,1017.3,0,1
2002-02-10,8.3,4.4,12.2,,0.0,0,18.4,,1031.3,0,1
2002-02-11,7.8,0.6,14.4,,0.0,0,6.1,,1031.6,0,0
2002-02-12,10.0,0.6,18.9,46,0.0,0,6.1,,1022.2,0,0
2002-02-13,11.1,3.3,18.3,52,0.0,0,8.6,,1025.1,0,0
2002-02-14,11.7,3.3,20.0,,0.0,0,10.1,,1023.5,0,0
2002-02-15,13.9,7.2,20.6,62,0.0,0,11.2,,1021.4,,0
2002-02-16,11.7,3.9,18.9,43,0.0,0,6.1,,1026.7,0,0
2002-02-17,11.7,3.3,19.4,45,0.0,0,8.3,,1022.2,0,0
2002-02-18,16.1,9.4,22.2,71,0.0,0,14.0,,1013.6,0,
2002-02-19,17.2,8.3,26.1,56,0.0,0,12.2,,1008.9,0,4
2002-02-20,,8.9,25.0,,0.0,0,10.8,,,,
2002-02-21,17.8,11.1,25.6,,0.0,0,14.0,,,,
2002-02-22,12.2,5.6,18.9,38,0.0,0,10.4,,1025.8,0,0
2002-02-23,12.8,2.2,22.8,43,0.0,0,7.6,,1019.6,0,0
2002-02-24,16.1,6.7,25.6,57,0.0,0,13.7,,1015.1,0,0
2002-02-25,13.9,6.1,21.7,60,0.0,0,12.6,,1016.8,,4
2002-02-26,3.3,-1.1,7.2,36,0.0,0,20.2,,1033.0,,
2002-02-27,3.3,-3.9,10.6,30,0.0,0,6.5,,1028.8,,0
2002-02-28,6.7,-1.1,13.9,54,0.0,0,9.0,,1021.9,,3
2002-03-01,11.1,7.8,14.4,99,1.8,0,5.4,,1009.8,,
2002-03-02,6.1,-1.7,13.9,71,0.8,0,22.3,,1017.0,0,
2002-03-03,1.7,-4.4,7.8,34,0.0,0,13.3,,1032.9,0,1
2002-03-04,5.6,-4.4,15.0,35,0.0,0,5.8,,1033.1,0,0
2002-03-05,9.4,-0.6,18.9,50,0.0,0,12.6,,1027.6,,2
2002-03-06,17.2,10.0,23.9,69,0.0,0,14.0,,1019.3,0,
2002-03-07,19.4,15.6,23.3,74,0.0,0,17.6,,1015.8,,6
2002-03-08,20.0,16.7,22.8,86,0.0,0,16.2,,1011.3,0,
2002-03-09,14.4,7.8,21.1,,0.3,0,18.4,,1026.9,0,3
2002-03-10,9.4,4.4,14.4,,0.8,0,9.0,,1032.8,0,3
2002-03-11,12.8,8.3,17.2,76,0.3,0,9.4,,1016.0,0,6
2002-03-12,18.3,10.6,25.6,33,0.0,0,9.0,,1015.3,0,0
2002-03-13,18.3,7.2,29.4,46,0.0,0,12.2,,1011.3,0,0
2002-03-14,22.8,16.1,29.4,76,0.0,0,17.6,,1004.7,0,5
2002-03-15,19.4,12.2,26.1,65,0.0,0,13.7,,1007.8,0,6
2002-03-16,13.9,10.6,17.2,54,0.0,0,9.7,,1014.2,0,8
2002-03-17,17.8,15.6,19.4,82,0.5,0,2.9,,1013.2,0,
2002-03-18,21.7,17.2,25.6,,0.0,0,13.3,,1011.2,,
2002-03-19,19.4,15.6,23.3,87,19.8,0,12.2,,1007.7,,
2002-03-20,14.4,11.1,17.2,84,0.3,0,13.7,,1018.0,,
2002-03-21,15.0,7.2,22.8,54,0.0,0,16.6,,,,0
2002-03-22,8.3,1.7,14.4,49,0.0,0,10.4,,1031.6,0,0
2002-03-23,12.2,2.2,22.2,68,0.0,0,11.9,,1020.3,0,3
2002-03-24,21.1,15.6,26.7,74,0.0,0,18.4,,1009.4,0,7
2002-03-25,14.4,8.9,20.0,82,0.8,0,12.6,,1012.5,0,
2002-03-26,10.8,3.9,18.3,54,0.0,0,14.4,,1023.9,,
2002-03-27,13.3,6.1,22.2,,0.0,0,10.8,,,,
2002-03-28,20.0,11.7,28.3,72,0.0,0,13.0,,1012.5,0,3
2002-03-29,22.8,19.4,25.6,82,0.0,0,13.7,,1008.5,0,5
2002-03-30,22.2,15.6,28.3,69,6.4,0,10.8,,1005.2,0,4
2002-03-31,17.2,12.2,21.7,70,0.0,0,12.6,,1015.0,0,4
2002-04-01,18.3,9.4,27.2,70,0.0,0,8.3,,1014.2,0,0
2002-04-02,23.3,16.1,30.0,66,0.0,0,13.7,,1009.9,,5
2002-04-03,15.0,12.2,17.2,49,0.0,0,16.2,,1022.2,,7
2002-04-04,15.0,12.2,17.8,45,0.0,0,9.7,,1025.3,,
2002-04-05,16.7,13.3,20.0,51,0.0,0,6.8,,1024.8,,8
2002-04-06,15.0,12.2,17.8,73,2.0,0,10.8,,1019.3,,8
2002-04-07,19.4,15.0,23.3,89,10.9,0,20.5,,1006.8,,8
2002-04-08,22.8,14.4,30.6,,1.3,0,9.0,,1006.2,0,3
2002-04-09,19.4,13.9,25.0,66,0.0,0,10.1,,1020.3,0,0
2002-04-10,18.9,12.8,25.0,76,0.0,0,4.7,,1022.4,0,3
2002-04-11,22.2,16.1,28.3,72,0.0,0,9.4,,1017.2,0,
2002-04-12,23.9,18.9,28.9,74,0.0,0,12.2,,1015.3,0,5
2002-04-13,23.3,17.8,28.3,73,0.0,0,11.2,,1015.2,0,2
2002-04-14,23.3,19.4,27.2,74,0.0,0,10.1,,1012.8,0,1
2002-04-15,25.0,20.6,29.4,74,0.0,0,16.6,,1010.4,0,4
2002-04-16,26.1,21.1,30.6,79,1.3,0,16.2,,1011.8,0,6
2002-04-17,26.7,22.2,30.6,76,0.0,0,15.5,,1015.5,0,6
2002-04-18,26.1,21.7,30.6,,0.0,0,15.1,,1015.5,,5
2002-04-19,25.6,21.7,29.4,,0.0,0,15.1,,1014.2,,5
2002-04-20,26.1,21.7,30.6,73,0.0,0,16.9,,1011.6,0,7
2002-04-21,25.0,21.1,28.9,,0.8,0,10.4,,1011.5,0,7
2002-04-22,24.4,18.9,30.0,,0.3,0,8.6,,1015.6,0,6
2002-04-23,26.1,21.1,30.6,72,0.0,0,13.3,,1014.0,0,4
2002-04-24,26.7,20.6,32.2,,0.0,0,10.8,,1012.8,,2
2002-04-25,22.8,17.2,28.3,78,2.5,0,10.1,,1017.7,,6
2002-04-26,25.0,19.4,30.6,,0.3,0,13.7,,1014.1,,5
2002-04-27,27.2,22.2,31.7,,0.0,0,17.3,,1009.1,,6
2002-04-28,27.4,23.3,33.9,72,0.0,0,12.6,,1012.5,,4
2002-04-29,28.9,21.1,33.9,,0.0,0,13.7,,,,
2002-04-30,27.2,21.1,33.3,69,0.0,0,15.1,,1008.0,0,2
2002-05-01,28.9,22.2,35.0,66,0.0,0,17.6,,1003.8,0,3
2002-05-02,25.6,21.1,30.0,73,0.0,0,11.2,,1005.2,0,4
2002-05-03,23.9,18.3,28.9,71,0.0,0,7.2,,1010.0,0,5
2002-05-04,25.0,18.9,31.1,76,0.0,0,8.6,,1014.5,0,4
2002-05-05,28.3,23.3,33.3,69,0.0,0,15.8,,1015.8,0,4
2002-05-06,28.9,23.9,33.3,67,0.0,0,16.6,,1014.0,0,4
2002-05-07,28.3,23.9,32.8,69,0.0,0,18.7,,1011.2,0,4
2002-05-08,28.9,23.9,33.3,69,0.0,0,18.4,,1008.3,0,4
2002-05-09,,23.9,33.9,,0.0,0,11.2,,,,
2002-05-10,28.9,23.9,33.9,,0.0,0,15.5,,,,
2002-05-11,28.9,24.4,33.3,66,0.0,0,20.2,,1012.6,0,6
2002-05-12,28.9,23.9,33.3,66,0.0,0,16.2,,1013.2,0,6
2002-05-13,20.6,13.9,27.2,55,2.0,0,13.7,,1022.3,0,2
2002-05-14,21.1,14.4,27.2,47,0.0,0,9.7,,1020.3,0,0
2002-05-15,23.3,15.6,30.6,58,0.0,0,13.0,,1015.4,0,0
2002-05-16,28.3,22.2,34.4,68,0.0,0,16.6,,1011.3,0,5
2002-05-17,26.7,19.4,33.9,67,0.0,0,11.9,,1010.5,0,4
2002-05-18,21.7,16.1,27.2,48,0.0,0,15.1,,1019.7,0,1
2002-05-19,19.4,12.8,26.1,40,0.0,0,9.0,,1021.8,0,0
2002-05-20,20.6,12.8,27.8,39,0.0,0,10.1,,1021.2,0,0
2002-05-21,22.2,13.9,29.4,55,0.0,0,14.0,,1019.3,,
2002-05-22,24.4,16.7,31.7,62,0.0,0,17.3,,1015.8,0,
2002-05-23,26.7,21.1,32.2,64,0.0,0,18.7,,1012.7,0,5
2002-05-24,24.4,20.6,27.8,73,0.3,0,12.6,,1012.6,0,6
2002-05-25,27.2,20.6,33.9,63,0.0,0,10.4,,1013.6,0,4
2002-05-26,26.7,18.9,33.9,65,0.8,0,9.7,,1014.2,0,2
2002-05-27,27.2,20.6,33.9,63,3.3,0,13.7,,1011.9,0,4
2002-05-28,24.4,17.8,31.1,70,25.4,0,9.0,,1011.2,0,3
2002-05-29,25.6,21.1,29.4,74,0.0,0,5.8,,1009.7,0,1
2002-05-30,27.2,18.3,35.6,65,0.0,0,6.5,,1007.5,0,0
2002-05-31,26.1,20.0,31.7,61,0.0,0,9.4,,1009.3,0,1
2002-06-01,26.7,19.4,33.3,60,0.0,0,6.1,,1011.2,0,1
2002-06-02,26.7,20.0,33.3,63,0.0,0,9.7,,1010.1,0,2
2002-06-03,28.9,22.8,34.4,65,0.0,0,13.7,,1008.9,0,4
2002-06-04,30.0,24.4,35.0,65,0.0,0,15.5,,1009.0,0,4
2002-06-05,29.4,23.3,35.0,64,0.0,0,10.8,,1011.7,0,4
2002-06-06,28.9,23.9,33.9,56,0.0,0,7.9,,1012.9,0,4
2002-06-07,27.3,23.3,35.6,68,5.1,0,7.6,,1012.1,,1
2002-06-08,,22.8,36.1,,0.0,0,,,,,
2002-06-09,29.4,23.9,35.6,,2.5,0,13.7,,,,
2002-06-10,30.6,25.0,36.1,63,0.0,0,16.2,,1008.8,0,4
2002-06-11,30.6,24.4,36.7,64,0.0,0,14.0,,1009.8,0,4
2002-06-12,,24.4,36.1,,0.0,0,10.8,,,,
2002-06-13,30.0,22.8,35.6,,0.0,0,10.8,,,,
2002-06-14,30.0,23.3,36.1,58,0.0,0,8.6,,1012.6,0,1
2002-06-15,27.2,22.8,31.7,49,0.0,0,10.8,,1013.3,0,3
2002-06-16,25.0,18.9,30.6,71,35.6,0,12.2,,1010.9,0,3
2002-06-17,26.1,19.4,32.8,56,0.0,0,5.4,,1012.1,0,0
2002-06-18,26.1,18.9,32.8,57,0.0,0,7.6,,1010.6,,
2002-06-19,,21.7,36.1,,0.0,0,8.6,,,,
2002-06-20,28.3,23.9,35.0,,1.8,0,11.2,,,,
2002-06-21,29.4,23.9,34.4,63,0.0,0,8.6,,1020.0,0,
2002-06-22,28.9,22.8,34.4,56,0.0,0,6.8,,1018.7,0,1
2002-06-23,,18.3,36.1,,0.0,0,,,,,
2002-06-24,,19.4,35.6,,0.0,0,5.0,,,,
2002-06-25,,21.7,35.6,,0.5,0,6.5,,,,
2002-06-26,,20.0,36.1,,16.0,0,9.4,,,,
2002-06-27,,19.4,33.3,,0.0,0,9.4,,,,
2002-06-28,26.1,22.2,33.9,,0.0,0,10.4,,,,
2002-06-29,25.0,22.2,27.2,89,12.7,0,11.5,,,0,6
2002-06-30,25.0,21.7,28.3,93,69.1,0,8.3,,1016.7,,
2002-07-01,23.3,21.1,25.0,96,34.0,0,6.8,,1016.9,0,
2002-07-02,22.8,20.6,24.4,95,55.1,0,8.3,,1015.2,0,6
2002-07-03,27.2,22.2,32.2,78,7.6,0,14.0,,1012.7,,4
2002-07-04,28.9,24.4,32.8,72,1.8,0,16.6,,1013.2,0,4
2002-07-05,27.2,22.8,31.1,81,4.8,0,7.9,,1014.7,0,4
2002-07-06,28.3,22.8,33.3,76,0.0,0,5.4,,1015.7,0,3
2002-07-07,28.9,23.3,33.9,73,0.0,0,3.2,,1016.2,0,1
2002-07-08,29.4,23.3,35.6,69,0.0,0,5.8,,1017.3,0,0
2002-07-09,27.8,22.2,33.3,76,8.1,0,6.5,,1017.1,0,1
2002-07-10,27.8,22.8,32.2,83,0.0,0,2.5,,1017.2,0,2
2002-07-11,28.9,22.2,35.0,70,0.0,0,4.3,,1015.4,0,
2002-07-12,29.4,23.3,35.0,63,0.0,0,4.7,,1012.1,0,0
2002-07-13,27.8,23.3,31.7,72,0.0,0,5.8,,1010.7,0,1
2002-07-14,26.7,22.8,30.0,82,0.0,0,4.0,,1013.5,0,3
2002-07-15,25.6,22.2,28.3,83,0.8,0,8.3,,1015.7,0,4
2002-07-16,25.6,22.8,28.3,91,2.5,0,9.4,,1015.7,0,
2002-07-17,25.6,22.8,28.3,90,10.4,0,7.2,,1017.9,0,5
2002-07-18,28.3,23.9,32.8,78,0.3,0,11.2,,1016.5,0,2
2002-07-19,28.9,24.4,32.8,72,0.0,0,10.4,,1015.0,0,2
2002-07-20,28.9,23.9,33.3,72,0.0,0,10.4,,1015.8,0,2
2002-07-21,28.9,23.9,33.3,72,0.0,0,10.8,,1016.2,,2
2002-07-22,28.9,23.9,33.9,71,0.0,0,10.1,,1016.5,,2
2002-07-23,29.4,23.3,35.0,68,0.0,0,5.4,,1018.5,,0
2002-07-24,29.4,23.3,35.6,67,0.0,0,6.5,,1017.8,,0
2002-07-25,29.4,23.3,35.6,64,0.0,0,8.3,,1015.1,0,0
2002-07-26,29.4,24.4,34.4,68,0.0,0,13.0,,1014.1,0,
2002-07-27,29.4,24.4,33.9,72,0.0,0,14.8,,1013.0,0,4
2002-07-28,30.0,25.0,35.0,70,0.0,0,16.6,,1013.0,0,5
2002-07-29,30.0,25.6,34.4,70,0.0,0,15.1,,1013.6,0,3
2002-07-30,30.0,25.6,34.4,68,0.0,0,14.0,,1015.8,0,3
2002-07-31,30.0,25.0,35.0,68,0.0,0,14.0,,1015.3,0,3
2002-08-01,28.9,23.3,34.4,70,0.0,0,11.2,,1013.4,0,3
2002-08-02,30.0,23.9,35.6,66,0.0,0,5.8,,1014.3,0,2
2002-08-03,30.0,22.8,36.7,67,11.7,0,5.4,,1015.2,0,1
2002-08-04,28.9,22.2,35.0,69,0.0,0,5.0,,1015.7,0,0
2002-08-05,28.9,22.8,34.4,66,0.0,0,3.6,,1014.8,0,1
2002-08-06,29.4,22.8,35.6,65,0.0,0,2.9,,1013.8,0,0
2002-08-07,30.6,23.9,36.7,60,1.0,0,4.7,,1013.5,0,0
2002-08-08,28.9,23.9,33.9,77,2.8,0,4.7,,1015.0,0,1
2002-08-09,28.9,23.9,33.9,73,0.0,0,4.7,,1014.5,0,1
2002-08-10,28.3,23.3,33.3,86,43.9,0,4.0,,1014.6,0,3
2002-08-11,27.8,22.2,33.3,78,0.0,0,5.4,,1014.4,0,4
2002-08-12,29.4,23.9,34.4,,0.0,0,9.0,,1012.3,0,
2002-08-13,30.6,24.4,35.0,75,0.0,0,13.7,,,,
2002-08-14,29.4,24.4,34.4,72,0.0,0,10.1,,1011.2,0,4
2002-08-15,28.9,23.3,33.9,75,0.0,0,13.3,,1011.4,0,4
2002-08-16,28.9,23.3,34.4,69,0.0,0,12.2,,1015.4,0,5
2002-08-17,30.6,25.6,35.0,69,0.0,0,13.7,,1015.4,,4
2002-08-18,30.0,24.4,35.6,68,0.0,0,13.0,,1014.0,,2
2002-08-19,30.6,25.0,35.6,65,0.0,0,11.9,,1012.6,0,
2002-08-20,30.6,25.0,35.6,66,0.0,0,13.7,,1013.3,0,3
2002-08-21,30.6,25.0,35.6,68,0.0,0,12.2,,1014.3,,3
2002-08-22,30.6,25.0,36.1,67,0.0,0,11.5,,1016.0,0,3
2002-08-23,30.0,24.4,35.6,64,0.0,0,10.1,,1015.5,0,1
2002-08-24,30.0,23.9,35.6,63,0.0,0,8.3,,1014.0,0,0
2002-08-25,31.1,24.4,37.8,60,0.0,0,7.2,,1013.9,0,0
2002-08-26,31.7,23.9,38.9,51,0.0,0,6.1,,1012.2,0,0
2002-08-27,31.1,24.4,37.2,56,0.0,0,9.4,,1011.4,0,1
2002-08-28,30.0,23.9,36.1,66,0.0,0,7.6,,1014.2,0,3
2002-08-29,30.0,25.0,34.4,59,0.0,0,4.7,,1013.8,0,2
2002-08-30,28.9,22.8,35.0,48,0.0,0,4.7,,1014.4,0,1
2002-08-31,29.4,22.8,36.1,57,0.3,0,5.8,,1016.4,0,1
2002-09-01,30.0,23.3,36.1,56,0.0,0,5.8,,1015.6,0,1
2002-09-02,30.0,23.9,36.1,59,0.0,0,4.7,,1013.0,0,1
2002-09-03,30.6,24.4,36.1,59,0.0,0,7.9,,1013.1,0,1
2002-09-04,29.4,23.9,35.0,63,0.0,0,10.8,,1014.8,,1
2002-09-05,30.0,23.9,35.6,58,0.0,0,7.6,,1013.4,0,1
2002-09-06,30.0,22.8,36.7,62,0.8,0,8.3,,1010.3,0,2
2002-09-07,26.1,22.2,29.4,86,45.0,0,15.1,,1008.0,0,7
2002-09-08,26.1,23.3,28.3,88,28.2,0,10.4,,1010.9,0,7
2002-09-09,26.7,23.3,30.0,83,0.8,0,10.8,,1012.4,0,6
2002-09-10,28.3,22.8,33.3,68,0.0,0,10.8,,1012.4,0,1
2002-09-11,28.9,23.3,33.9,56,0.0,0,6.5,,1012.5,0,1
2002-09-12,27.8,22.2,33.3,62,0.0,0,2.9,,1012.0,0,0
2002-09-13,27.8,21.1,33.9,62,0.0,0,2.9,,1010.0,0,0
2002-09-14,27.8,21.7,33.3,57,0.0,0,5.0,,1010.4,0,0
2002-09-15,24.4,22.2,26.1,74,0.5,0,2.9,,1016.1,0,0
2002-09-16,23.3,21.7,25.0,86,0.5,0,2.5,,1016.7,,3
2002-09-17,26.1,22.2,30.0,78,0.0,0,6.1,,1012.7,0,6
2002-09-18,28.9,24.4,32.8,75,0.0,0,14.8,,1007.3,0,5
2002-09-19,23.3,20.0,26.7,84,6.4,0,10.8,,1005.4,,4
2002-09-20,23.3,15.6,30.6,53,0.0,0,6.5,,1009.6,0,0
2002-09-21,23.9,15.0,32.2,54,0.0,0,2.9,,1010.7,,0
2002-09-22,23.9,16.7,31.1,51,0.0,0,13.0,,1014.2,0,1
2002-09-23,25.0,18.9,30.6,48,0.0,0,13.7,,1016.4,,0
2002-09-24,22.8,16.1,29.4,40,0.0,0,13.7,,1016.4,0,0
2002-09-25,25.6,20.0,31.1,52,0.0,0,11.5,,1012.0,0,2
2002-09-26,26.7,20.0,32.8,50,0.0,0,10.4,,1006.8,0,0
2002-09-27,26.7,18.9,34.4,51,0.0,0,4.0,,1008.9,0,0
2002-09-28,25.0,16.7,33.3,56,0.0,0,5.8,,1013.1,0,0
2002-09-29,25.6,18.9,32.2,64,0.0,0,6.5,,1015.2,0,1
2002-09-30,26.7,20.6,32.2,70,0.0,0,7.6,,1014.2,0,3
2002-10-01,27.8,22.8,32.8,75,0.8,0,13.7,,1012.9,0,4
2002-10-02,28.9,23.9,33.9,70,0.0,0,11.2,,1011.6,,5
2002-10-03,28.3,22.2,33.9,68,0.0,0,3.2,,1007.8,,
2002-10-04,28.9,22.8,34.4,64,0.0,0,6.1,,1010.3,0,3
2002-10-05,27.8,22.2,32.8,42,0.0,0,9.0,,1016.3,0,2
2002-10-06,28.9,22.8,34.4,70,0.0,0,9.0,,1015.6,0,3
2002-10-07,26.1,21.1,30.6,75,1.8,0,7.6,,1016.2,0,4
2002-10-08,23.3,21.1,25.6,92,5.6,0,7.6,,1013.1,0,6
2002-10-09,23.3,18.3,28.3,81,18.8,0,7.6,,1012.6,0,4
2002-10-10,20.6,16.1,24.4,75,0.0,0,6.5,,1016.0,0,7
2002-10-11,21.1,14.4,27.8,75,0.0,0,2.9,,1016.9,0,3
2002-10-12,24.4,17.8,30.6,74,0.0,0,7.2,,1016.6,0,4
2002-10-13,19.4,15.6,23.3,66,0.5,0,15.1,,1024.8,0,7
2002-10-14,13.9,11.7,16.1,73,3.0,0,7.6,,1021.2,,8
2002-10-15,17.8,12.8,22.8,63,0.0,0,6.1,,1017.0,0,3
2002-10-16,17.2,8.9,25.0,54,0.0,0,3.6,,1015.6,,0
2002-10-17,18.3,9.4,26.7,63,0.0,0,6.1,,1016.3,0,0
2002-10-18,20.6,16.1,25.0,81,2.0,0,12.2,,1013.1,0,6
2002-10-19,20.0,16.1,23.3,90,48.8,0,5.4,,1012.2,0,7
2002-10-20,20.0,15.6,24.4,84,0.0,0,4.7,,1015.0,0,6
2002-10-21,17.8,15.6,20.0,91,7.4,0,5.4,,1015.4,0,8
2002-10-22,18.9,17.2,20.6,90,17.8,0,7.6,,1016.3,,8
2002-10-23,20.0,17.2,22.8,,2.8,0,6.1,,1016.9,0,7
2002-10-24,20.6,18.3,22.2,92,39.4,0,6.1,,1014.8,0,7
2002-10-25,15.6,12.2,18.9,,4.8,0,9.4,,1014.5,0,
2002-10-26,13.3,12.2,14.4,94,14.2,0,8.3,,1015.8,0,
2002-10-27,17.8,14.4,20.6,,1.0,0,4.0,,1012.8,,8
2002-10-28,18.3,16.7,20.0,,1.0,0,4.7,,1009.8,,7
2002-10-29,18.3,11.7,24.4,77,0.0,0,4.3,,1009.7,0,0
2002-10-30,19.4,12.2,26.7,,0.0,0,8.3,,1015.3,,2
2002-10-31,13.3,10.6,16.1,74,0.0,0,13.0,,1022.4,0,8
2002-11-01,13.9,10.0,17.2,80,0.0,0,11.9,,1024.3,,7
2002-11-02,12.2,11.1,12.8,88,15.5,0,9.0,,1021.1,0,8
2002-11-03,13.3,11.7,15.0,93,2.5,0,10.4,,1017.6,,8
2002-11-04,10.6,8.9,12.2,,31.2,0,11.5,,1016.5,0,8
2002-11-05,16.1,8.3,23.9,64,0.0,0,10.8,,1014.1,0,2
2002-11-06,14.4,7.2,21.7,55,0.0,0,7.6,,1025.8,0,0
2002-11-07,13.9,5.0,22.2,61,0.0,0,5.8,,1024.5,0,0
2002-11-08,16.7,8.3,24.4,64,0.0,0,10.4,,1015.7,0,0
2002-11-09,22.2,15.0,28.9,,0.0,0,9.0,,1007.3,0,1
2002-11-10,22.8,14.4,31.1,,0.0,0,6.1,,1005.2,0,0
2002-11-11,17.2,12.8,21.7,,0.0,0,5.4,,1012.7,0,3
2002-11-12,14.4,7.8,20.6,54,0.0,0,8.3,,1026.7,,0
2002-11-13,13.9,6.7,20.6,58,0.0,0,9.0,,1026.3,0,0
2002-11-14,16.7,7.8,25.0,67,0.0,0,9.7,,1014.1,0,1
2002-11-15,14.4,10.0,18.9,53,0.0,0,14.8,,1015.9,0,3
2002-11-16,11.7,5.6,17.2,54,0.0,0,10.1,,1025.0,0,1
2002-11-17,12.8,4.4,21.1,58,0.0,0,7.9,,1021.8,0,
2002-11-18,16.7,9.4,23.9,59,0.0,0,10.4,,1019.7,0,
2002-11-19,15.6,7.8,22.8,45,0.0,0,5.8,,1023.7,0,0
2002-11-20,17.8,7.2,23.3,52,0.0,0,9.7,,,,0
2002-11-21,16.1,8.9,23.3,47,0.0,0,10.4,,1021.6,0,0
2002-11-22,14.4,7.2,21.1,45,0.0,0,6.1,,1022.9,0,0
2002-11-23,13.9,4.4,23.3,51,0.0,0,6.8,,1021.2,0,0
2002-11-24,16.7,9.4,23.9,76,0.0,0,6.5,,1016.7,0,2
2002-11-25,11.7,6.7,16.1,62,1.3,0,11.5,,1020.8,0,7
2002-11-26,5.6,3.9,6.7,79,26.7,0,11.5,,1026.3,0,
2002-11-27,6.7,3.3,9.4,51,0.0,0,10.1,,1029.9,0,4
2002-11-28,9.4,2.2,16.1,60,0.0,0,2.9,,1030.2,0,0
2002-11-29,10.0,2.2,17.2,61,0.0,0,4.7,,1023.1,0,4
2002-11-30,15.0,10.0,20.0,52,0.0,0,10.8,,1020.9,0,0
2002-12-01,10.0,3.9,15.6,43,0.0,0,3.6,,1024.8,0,0
2002-12-02,15.6,7.8,23.3,71,0.0,0,3.6,,1017.9,0,5
2002-12-03,17.8,13.3,22.2,91,5.3,0,5.4,,1014.1,0,8
2002-12-04,8.9,3.9,13.3,82,7.4,0,18.4,,1020.5,0,8
2002-12-05,6.7,2.8,10.0,68,0.0,0,14.0,,1028.9,0,5
2002-12-06,7.2,1.1,13.3,65,0.0,0,3.6,,1030.3,0,0
2002-12-07,8.3,2.8,13.3,71,0.0,0,2.9,,1025.3,0,4
2002-12-08,11.1,8.3,13.3,90,10.2,0,8.3,,1021.9,0,8
2002-12-09,8.3,7.2,8.9,92,28.2,0,9.0,,1023.4,0,8
2002-12-10,8.9,6.1,11.7,84,0.0,0,3.6,,1021.2,0,8
2002-12-11,6.7,1.7,11.7,86,0.0,0,2.2,,1018.7,0,
2002-12-12,12.8,8.3,17.2,85,10.9,0,5.0,,1015.2,0,
2002-12-13,11.1,5.6,16.7,57,0.0,0,9.0,,1018.8,0,0
2002-12-14,10.6,2.2,18.9,62,0.0,0,5.0,,1021.5,0,0
2002-12-15,13.9,5.6,22.2,74,0.0,0,4.7,,1017.7,0,0
2002-12-16,17.8,12.8,22.8,82,0.0,0,10.4,,1012.8,0,3
2002-12-17,20.6,15.6,25.0,80,0.0,0,15.1,,1007.4,0,5
2002-12-18,20.6,17.2,23.9,73,0.0,0,9.7,,1004.8,0,
2002-12-19,13.3,8.3,17.8,37,0.0,0,16.9,,1014.2,0,2
2002-12-20,11.7,2.8,20.0,49,0.0,0,6.5,,1022.2,0,
2002-12-21,14.4,6.1,22.8,58,0.0,0,9.4,,1015.0,0,0
2002-12-22,10.6,5.0,16.1,54,6.1,0,7.9,,1017.2,0,4
2002-12-23,16.1,7.2,25.0,88,36.1,0,11.5,,1008.5,0,7
2002-12-24,6.7,3.9,8.9,69,0.3,0,16.9,,1017.4,0,5
2002-12-25,5.6,0.0,10.6,66,0.0,0,4.7,,1025.0,0,0
2002-12-26,7.8,3.9,11.7,68,0.0,0,3.6,,1026.4,0,5
2002-12-27,10.6,1.7,18.9,70,0.0,0,2.5,,1027.9,0,1
2002-12-28,11.7,2.8,20.6,66,0.0,0,5.0,,1026.9,0,0
2002-12-29,13.9,8.3,19.4,92,0.8,0,5.8,,1017.3,0,
2002-12-30,17.8,11.7,23.3,80,9.7,0,15.1,,1007.2,0,6
2002-12-31,11.7,5.0,18.3,50,0.0,0,14.0,,1013.8,0,0
2003-01-01,12.8,2.8,22.8,51,0.0,0,9.4,,1011.0,0,0
2003-01-02,8.9,3.3,14.4,48,0.0,0,13.7,,1023.5,0,0
2003-01-03,11.1,2.2,20.0,56,0.0,0,3.2,,1024.5,0,0
2003-01-04,13.3,6.7,20.0,49,0.0,0,5.0,,1020.6,0,0
2003-01-05,13.9,5.6,22.2,66,0.0,0,2.9,,1019.0,0,0
2003-01-06,13.9,8.9,18.3,69,0.0,0,9.0,,1026.7,0,4
2003-01-07,9.4,2.8,16.1,57,0.0,0,5.8,,1032.5,0,0
2003-01-08,13.9,4.4,22.8,62,0.0,0,7.2,,1022.5,0,
2003-01-09,20.0,11.1,28.3,55,0.0,0,11.2,,1012.4,0,0
2003-01-10,9.4,5.6,13.3,34,0.0,0,13.7,,1023.8,0,0
2003-01-11,6.1,3.9,8.3,69,15.2,0,6.8,,1027.0,0,7
2003-01-12,3.9,3.3,4.4,93,22.9,0,8.6,,1028.7,0,8
2003-01-13,5.6,3.3,7.8,85,0.0,0,3.2,,1029.3,0,8
2003-01-14,7.2,3.3,10.6,84,0.0,0,2.9,,1028.4,0,6
2003-01-15,6.7,2.2,11.1,91,0.0,0,5.4,,1025.4,0,
2003-01-16,7.8,2.2,12.8,53,0.0,0,16.6,,1029.0,0,1
2003-01-17,2.8,-1.7,7.2,50,0.0,0,9.4,,1034.2,0,0
2003-01-18,6.1,-2.8,15.0,52,0.0,0,5.8,,1029.4,0,0
2003-01-19,8.9,-1.1,18.3,61,0.0,0,7.2,,1026.0,0,1
2003-01-20,18.9,13.3,24.4,73,0.0,0,12.2,,1018.7,0,4
2003-01-21,18.9,10.0,27.8,74,0.0,0,8.3,,1013.7,0,
2003-01-22,9.4,5.0,13.3,64,0.0,0,15.1,,1022.2,0,4
2003-01-23,2.2,-1.1,5.6,43,0.0,0,14.8,,1034.9,0,3
2003-01-24,2.2,-3.3,7.8,46,0.0,0,7.9,,1032.9,0,3
2003-01-25,4.4,2.8,6.1,81,1.0,0,8.3,,1026.1,0,8
2003-01-26,6.1,3.9,7.8,89,3.8,0,11.2,,1028.5,0,8
2003-01-27,12.2,5.0,13.9,69,0.0,0,7.2,,1028.8,,8
2003-01-28,-17.8,8.9,18.9,,0.3,0,9.0,,,0,
2003-01-29,13.3,8.9,17.2,75,0.0,0,11.2,,1020.8,0,7
2003-01-30,10.6,7.8,13.3,75,0.0,0,6.8,,1023.5,0,6
2003-01-31,15.0,7.2,22.8,71,0.0,0,5.4,,1021.0,0,4
2003-02-01,13.9,5.6,22.2,65,0.0,0,7.9,,1020.2,0,0
2003-02-02,16.7,11.7,21.7,83,0.0,0,14.4,,1011.4,0,6
2003-02-03,16.7,8.9,24.4,62,0.0,0,13.0,,1010.2,0,3
2003-02-04,9.4,2.8,15.6,46,0.0,0,5.4,,1021.9,0,0
2003-02-05,8.9,6.7,11.1,74,2.3,0,9.0,,1017.1,0,7
2003-02-06,8.9,5.6,12.2,86,5.1,0,11.5,,1016.7,0,8
2003-02-07,3.9,2.2,5.6,68,0.0,0,14.8,,1029.5,0,7
2003-02-08,2.8,0.6,4.4,85,1.3,0,5.0,,1026.2,0,8
2003-02-09,12.8,4.4,21.1,70,0.5,0,4.3,,1016.6,0,4
2003-02-10,11.7,6.1,16.7,53,0.0,0,7.2,,1020.2,0,0
2003-02-11,13.9,6.7,20.6,68,0.0,0,7.2,,1019.2,0,1
2003-02-12,16.1,12.2,19.4,87,0.0,0,2.9,,1021.0,0,8
2003-02-13,18.9,17.2,20.0,,1.5,0,12.2,,1017.8,0,
2003-02-14,21.1,18.9,23.3,,1.0,0,13.0,,1008.6,0,7
2003-02-15,13.9,7.2,20.0,,0.0,0,13.3,,1010.3,0,5
2003-02-16,7.2,2.8,11.7,59,0.0,0,14.8,,1022.6,0,
2003-02-17,9.4,-0.6,18.9,65,0.0,0,6.8,,1021.3,0,0
2003-02-18,15.0,8.9,20.6,78,0.0,0,13.0,,1017.1,0,5
2003-02-19,15.6,11.1,20.0,,0.0,0,9.4,,1017.6,0,8
2003-02-20,10.0,8.3,11.1,90,65.0,0,11.2,,1015.7,0,8
2003-02-21,11.1,10.0,12.2,,13.0,0,11.9,,1003.6,0,8
2003-02-22,15.6,10.0,20.6,,0.0,0,10.4,,1007.3,0,
2003-02-23,15.0,4.4,25.6,53,0.0,0,14.0,,1010.7,,
2003-02-24,0.6,-3.3,4.4,76,7.9,0,16.2,,1024.6,,
2003-02-25,-2.8,-4.4,-1.1,88,0.5,2,12.2,,1025.5,,8
2003-02-26,0.6,-1.7,2.2,90,0.0,0,7.2,,1016.1,,8
2003-02-27,7.8,1.7,13.3,83,0.0,0,6.1,,1015.4,,5
2003-02-28,7.8,3.9,11.1,86,0.0,0,6.5,,1015.9,0,8
2003-03-01,9.4,7.8,11.1,92,0.3,0,5.4,,1013.9,0,8
2003-03-02,10.0,9.4,10.6,93,0.8,0,9.4,,1016.4,0,8
2003-03-03,11.1,7.2,15.0,83,5.6,0,8.3,,1014.3,0,6
2003-03-04,11.7,5.6,17.8,86,0.0,0,9.0,,1009.0,0,5
2003-03-05,10.0,5.0,14.4,,0.0,0,9.0,,1009.0,0,6
2003-03-06,12.2,2.8,21.1,58,0.0,0,6.5,,1013.7,0,0
2003-03-07,16.7,5.0,27.8,54,0.0,0,6.5,,1014.3,0,0
2003-03-08,14.4,9.4,18.9,77,0.0,0,6.1,,1013.6,0,5
2003-03-09,16.1,10.0,22.2,79,0.0,0,5.0,,1017.9,0,1
2003-03-10,16.7,8.9,23.9,63,0.0,0,5.8,,1017.9,0,1
2003-03-11,16.7,12.2,20.6,85,0.0,0,8.6,,1014.3,0,7
2003-03-12,20.6,18.3,22.2,94,0.8,0,7.2,,1012.1,0,8
2003-03-13,23.9,17.8,29.4,76,0.5,0,6.5,,1014.6,0,5
2003-03-14,20.0,13.3,26.7,63,0.0,0,5.0,,1015.4,0,0
2003-03-15,17.8,12.2,23.3,78,0.0,0,6.1,,1010.7,0,
2003-03-16,20.6,15.6,25.6,72,0.0,0,6.8,,1005.7,0,3
2003-03-17,18.9,16.7,21.1,,0.0,0,9.4,,1000.5,0,7
2003-03-18,16.7,11.1,21.7,74,2.3,0,6.1,,997.6,0,
2003-03-19,17.8,10.0,25.0,34,0.0,0,14.4,,1000.3,0,
2003-03-20,14.4,10.0,18.3,,0.0,0,10.8,,1009.1,0,
2003-03-21,15.0,6.7,22.8,61,0.0,0,6.8,,1014.4,0,0
2003-03-22,13.9,9.4,17.8,75,1.8,0,3.6,,1018.9,0,3
2003-03-23,16.1,6.7,25.0,69,0.0,0,6.1,,1018.3,0,0
2003-03-24,17.8,10.6,25.0,69,0.0,0,13.3,,1013.7,0,1
2003-03-25,19.4,15.0,23.3,87,1.8,0,10.1,,1011.2,0,7
2003-03-26,18.3,11.7,25.0,48,0.0,0,10.8,,1014.8,,
2003-03-27,19.4,10.6,27.8,66,0.0,0,16.2,,1005.6,0,2
2003-03-28,15.0,11.1,18.9,,0.0,0,18.0,,1013.1,0,4
2003-03-29,10.6,5.6,15.0,35,0.0,0,14.8,,1027.8,0,3
2003-03-30,12.2,2.8,21.1,39,0.0,0,7.2,,1030.2,0,0
2003-03-31,15.0,5.0,24.4,38,0.0,0,10.8,,1026.1,0,0
2003-04-01,18.3,10.6,26.1,58,0.0,0,16.9,,1021.1,0,0
2003-04-02,20.0,12.8,26.7,72,0.0,0,16.6,,1017.1,0,5
2003-04-03,23.3,18.9,27.8,75,0.0,0,14.8,,1012.0,0,6
2003-04-04,24.4,19.4,29.4,71,0.0,0,9.4,,1008.0,0,4
2003-04-05,23.9,18.9,28.9,75,0.3,0,13.0,,1009.2,0,5
2003-04-06,24.4,16.1,32.2,68,0.8,0,9.0,,1006.0,0,5
2003-04-07,22.2,16.1,28.3,72,0.0,0,8.6,,1010.9,0,5
2003-04-08,15.0,10.0,19.4,36,0.0,0,19.4,,1024.0,0,3
2003-04-09,13.9,4.4,22.8,37,0.0,0,10.8,,1026.4,0,0
2003-04-10,14.4,4.4,24.4,43,0.0,0,4.7,,1020.6,0,0
2003-04-11,18.9,11.7,26.1,45,0.0,0,8.3,,1014.9,0,0
2003-04-12,20.0,11.7,27.8,61,0.0,0,8.6,,1016.5,0,0
2003-04-13,21.7,15.6,27.8,60,0.0,0,13.3,,1018.7,0,2
2003-04-14,22.8,16.1,28.9,66,0.0,0,16.6,,1019.0,0,3
2003-04-15,22.8,18.3,27.2,69,0.0,0,18.4,,1014.2,0,5
2003-04-16,24.4,15.6,32.8,56,0.3,0,8.3,,1009.5,0,4
2003-04-17,21.7,15.0,28.3,69,0.0,0,7.2,,1012.5,0,2
2003-04-18,22.8,18.3,27.2,71,0.0,0,16.9,,1008.7,0,4
2003-04-19,22.2,20.0,23.9,86,0.0,0,10.8,,1009.0,0,7
2003-04-20,21.1,16.1,26.1,60,0.0,0,9.7,,1015.8,0,5
2003-04-21,22.2,15.6,28.3,40,0.0,0,9.0,,1017.7,0,3
2003-04-22,17.8,16.1,19.4,73,1.0,0,7.9,,1013.8,0,7
2003-04-23,22.2,17.8,26.7,80,0.0,0,14.8,,1007.9,0,8
2003-04-24,27.2,18.3,35.6,48,0.0,0,9.0,,1003.6,0,2
2003-04-25,22.8,13.9,31.1,35,0.0,0,9.0,,1005.9,0,0
2003-04-26,22.2,12.8,31.7,50,0.0,0,7.6,,1009.3,0,0
2003-04-27,23.9,16.1,31.7,58,0.0,0,13.0,,1010.8,0,1
2003-04-28,24.4,18.9,30.0,66,0.0,0,11.2,,1011.8,0,3
2003-04-29,23.3,18.9,27.8,78,0.0,0,9.0,,1011.1,0,6
2003-04-30,25.6,20.0,30.6,78,0.3,0,14.0,,1008.5,0,6
2003-05-01,26.7,21.7,31.1,71,0.0,0,9.0,,1008.2,0,
2003-05-02,27.2,22.2,32.2,72,0.0,0,9.7,,1010.7,0,6
2003-05-03,25.0,22.2,27.2,80,0.0,0,10.1,,1011.5,0,7
2003-05-04,28.3,22.8,33.3,75,0.0,0,15.1,,1005.3,0,7
2003-05-05,28.3,24.4,31.7,77,0.0,0,10.4,,1001.8,0,4
2003-05-06,26.1,23.9,27.8,83,0.8,0,8.6,,1004.2,0,5
2003-05-07,28.3,24.4,32.2,79,0.0,0,12.2,,1006.9,0,5
2003-05-08,30.0,25.0,34.4,70,0.0,0,17.6,,1005.8,0,4
2003-05-09,28.9,24.4,32.8,70,0.0,0,16.6,,1007.0,0,5
2003-05-10,28.3,24.4,31.7,72,0.0,0,10.8,,1005.8,0,
2003-05-11,25.0,20.0,29.4,57,0.3,0,13.7,,1013.3,0,5
2003-05-12,20.0,16.7,22.8,68,14.2,0,8.6,,1018.6,0,6
2003-05-13,26.7,20.0,32.8,70,0.0,0,11.9,,1014.0,0,5
2003-05-14,28.9,22.2,35.6,66,0.0,0,15.1,,1007.9,0,2
2003-05-15,29.4,23.9,35.0,69,0.0,0,14.8,,1006.8,0,4
2003-05-16,31.1,24.4,37.2,61,0.0,0,11.5,,1004.4,0,4
2003-05-17,27.2,20.0,34.4,43,0.0,0,9.4,,1011.0,0,0
2003-05-18,26.7,18.9,34.4,57,0.0,0,7.9,,1010.8,0,0
2003-05-19,29.4,22.2,36.1,62,0.0,0,11.9,,1009.4,0,2
2003-05-20,22.8,17.2,28.3,70,0.0,0,12.2,,1017.6,0,4
2003-05-21,21.7,17.2,26.1,72,0.5,0,9.4,,1019.9,0,6
2003-05-22,23.9,18.3,29.4,69,0.0,0,7.6,,1018.4,0,6
2003-05-23,26.7,19.4,33.9,59,0.0,0,6.8,,1016.1,0,1
2003-05-24,28.3,21.7,35.0,59,0.0,0,11.2,,1012.1,0,0
2003-05-25,27.2,21.1,32.8,65,0.0,0,7.2,,1010.2,0,3
2003-05-26,24.4,18.9,30.0,72,19.1,0,7.9,,1013.3,0,3
2003-05-27,25.0,20.6,29.4,67,0.0,0,10.1,,1018.7,0,4
2003-05-28,23.9,16.1,31.7,47,0.0,0,5.4,,1020.5,0,0
2003-05-29,26.1,15.6,36.1,49,0.0,0,2.9,,1014.6,0,0
2003-05-30,30.6,22.8,38.3,41,0.0,0,7.6,,1008.4,0,0
2003-05-31,30.0,22.2,37.2,42,0.0,0,9.4,,1007.9,0,0
2003-06-01,28.9,21.7,35.6,57,0.0,0,10.8,,1008.9,0,2
2003-06-02,28.3,21.1,35.0,68,0.0,0,7.9,,1007.2,0,
2003-06-03,28.3,20.6,35.6,66,0.0,0,6.1,,1006.2,0,2
2003-06-04,26.1,19.4,32.8,67,48.8,0,9.0,,1007.4,0,2
2003-06-05,23.9,19.4,28.3,79,21.6,0,7.6,,1008.5,0,4
2003-06-06,25.0,20.6,29.4,69,2.5,0,9.0,,1009.2,0,3
2003-06-07,25.6,18.3,32.2,61,0.0,0,5.8,,1009.6,,0
2003-06-08,26.1,20.6,31.1,60,0.0,0,7.6,,1012.1,,1
2003-06-09,27.2,20.6,33.9,65,0.0,0,9.7,,1012.1,,1
2003-06-10,26.7,22.2,31.1,69,0.3,0,10.8,,1010.6,,2
2003-06-11,30.0,25.0,35.0,70,0.0,0,15.5,,1007.7,,4
2003-06-12,28.3,21.7,35.0,72,0.5,0,13.0,,1005.9,,6
2003-06-13,26.7,20.0,33.3,79,40.4,0,13.0,,1008.1,,
2003-06-14,25.6,18.3,32.8,70,0.0,0,5.8,,1011.3,,0
2003-06-15,25.0,21.1,28.9,71,1.5,0,6.8,,1012.9,,2
2003-06-16,26.7,21.1,32.2,65,0.0,0,7.6,,1013.3,,2
2003-06-17,27.2,21.7,32.2,66,0.0,0,6.1,,1012.3,,1
2003-06-18,27.2,21.1,32.8,61,0.0,0,5.0,,1010.7,0,2
2003-06-19,27.8,21.1,34.4,58,0.0,0,3.6,,1010.1,0,1
2003-06-20,28.3,21.7,35.0,55,0.0,0,5.0,,1010.0,0,1
2003-06-21,29.4,23.3,35.6,63,0.0,0,6.1,,1009.6,0,0
2003-06-22,30.6,25.0,35.6,63,0.0,0,10.8,,1008.4,0,2
2003-06-23,31.1,26.1,36.1,65,0.0,0,13.3,,1008.5,0,4
2003-06-24,31.1,26.1,36.1,67,0.0,0,14.0,,1010.5,0,
2003-06-25,31.1,25.6,36.7,64,0.0,0,13.0,,1012.3,0,3
2003-06-26,30.0,25.0,35.0,68,0.0,0,8.6,,1014.1,0,4
2003-06-27,28.3,23.3,32.8,62,0.0,0,9.0,,1014.9,0,5
2003-06-28,30.0,23.9,35.6,60,0.0,0,6.1,,1012.7,0,2
2003-06-29,29.4,24.4,34.4,61,0.0,0,7.2,,1014.2,0,2
2003-06-30,28.3,21.7,35.0,58,0.0,0,7.6,,1014.1,0,1
2003-07-01,30.0,22.8,36.7,62,0.0,0,5.8,,1012.6,0,1
2003-07-02,29.4,23.3,35.0,62,0.0,0,4.7,,1010.7,0,0
2003-07-03,30.0,23.9,35.6,64,0.0,0,6.1,,1010.2,0,0
2003-07-04,27.2,23.3,31.1,79,7.1,0,4.7,,1012.3,0,3
2003-07-05,24.4,20.6,28.3,81,1.5,0,8.3,,1013.8,0,4
2003-07-06,28.3,22.8,33.9,73,5.8,0,11.2,,1013.6,0,3
2003-07-07,28.3,23.9,32.2,78,2.0,0,9.0,,1015.4,0,
2003-07-08,28.3,23.3,32.8,86,11.4,0,9.4,,1017.4,0,4
2003-07-09,28.3,23.3,32.8,77,0.0,0,9.7,,1016.4,0,5
2003-07-10,29.4,23.9,34.4,68,0.0,0,9.7,,1014.6,0,2
2003-07-11,31.1,25.6,36.7,66,0.0,0,8.3,,1015.2,0,3
2003-07-12,30.0,23.3,36.1,63,0.0,0,6.8,,1015.8,0,0
2003-07-13,30.0,22.2,37.2,59,0.0,0,6.5,,1015.2,0,0
2003-07-14,30.0,23.9,36.1,59,0.0,0,7.6,,1013.6,0,0
2003-07-15,27.8,24.4,31.1,61,0.0,0,14.8,,1013.0,0,3
2003-07-16,27.2,22.2,32.2,79,8.1,0,10.1,,1017.2,0,4
2003-07-17,28.9,22.8,35.0,73,0.0,0,5.8,,1020.4,0,4
2003-07-18,29.4,22.8,36.1,62,0.0,0,6.1,,1018.0,0,0
2003-07-19,30.6,24.4,36.1,60,0.0,0,7.6,,1016.8,0,0
2003-07-20,30.0,23.3,36.1,62,0.0,0,9.4,,1016.1,0,0
2003-07-21,30.6,23.9,36.7,59,0.0,0,11.5,,1013.5,0,0
2003-07-22,31.1,25.0,36.7,61,0.0,0,12.2,,1012.7,0,1
2003-07-23,28.3,23.3,32.8,74,0.0,0,6.1,,1014.2,,2
2003-07-24,30.6,24.4,36.1,68,0.0,0,5.8,,1015.0,0,3
2003-07-25,30.0,23.3,36.1,60,0.0,0,10.4,,1015.9,,1
2003-07-26,31.1,25.0,36.7,64,0.0,0,13.7,,1018.3,0,2
2003-07-27,30.6,24.4,36.7,68,0.0,0,7.9,,1019.4,0,3
2003-07-28,29.4,23.3,35.0,66,0.0,0,7.6,,1017.2,0,1
2003-07-29,30.0,22.8,37.2,60,0.0,0,8.3,,1014.4,0,0
2003-07-30,31.7,24.4,38.3,58,0.0,0,10.4,,1014.4,0,0
2003-07-31,31.1,24.4,37.8,55,0.0,0,10.1,,1015.6,0,0
2003-08-01,31.7,24.4,38.3,57,0.0,0,12.6,,1015.1,0,1
2003-08-02,31.7,24.4,38.3,60,0.0,0,11.5,,1013.0,0,1
2003-08-03,31.1,25.0,36.7,61,0.0,0,13.3,,1013.0,0,2
2003-08-04,31.1,23.9,38.3,58,0.0,0,12.6,,1012.7,0,2
2003-08-05,31.1,23.9,38.3,57,0.0,0,11.5,,1012.5,0,1
2003-08-06,31.7,23.9,39.4,55,0.0,0,7.6,,1012.7,0,0
2003-08-07,33.9,25.0,42.2,46,0.0,0,5.4,,1011.6,0,0
2003-08-08,34.4,25.0,43.3,47,1.0,0,3.6,,1010.9,0,0
2003-08-09,30.0,22.8,37.2,62,0.0,0,7.6,,1012.2,0,0
2003-08-10,30.6,23.9,37.2,61,5.6,0,4.0,,1014.4,0,4
2003-08-11,28.9,21.7,36.1,67,6.6,0,7.6,,1012.9,0,2
2003-08-12,27.2,21.1,32.8,66,0.0,0,9.4,,1013.5,0,3
2003-08-13,25.6,19.4,31.1,69,50.8,0,9.4,,1017.1,0,3
2003-08-14,23.9,20.0,27.8,82,3.8,0,3.6,,1022.0,0,3
2003-08-15,28.3,20.6,35.6,63,0.0,0,6.5,,1022.3,0,0
2003-08-16,31.7,26.1,36.7,56,0.0,0,9.4,,1017.0,0,2
2003-08-17,30.0,23.3,36.1,62,0.0,0,4.3,,1014.5,0,0
2003-08-18,30.6,23.9,37.2,57,0.0,0,6.8,,1014.3,0,1
2003-08-19,30.0,23.9,36.1,59,0.0,0,8.3,,1015.6,0,1
2003-08-20,30.6,24.4,36.1,62,0.0,0,9.0,,1015.5,0,1
2003-08-21,30.0,24.4,35.6,63,0.0,0,6.1,,1015.0,0,1
2003-08-22,28.3,22.2,34.4,59,0.0,0,7.2,,1014.5,,
2003-08-23,28.9,23.3,34.4,64,0.0,0,3.6,,1015.1,0,2
2003-08-24,29.4,22.2,36.7,59,0.0,0,4.0,,1016.0,0,1
2003-08-25,30.6,23.9,36.7,58,0.0,0,5.0,,1015.3,0,1
2003-08-26,30.6,23.9,36.7,58,0.0,0,4.7,,1014.6,0,1
2003-08-27,31.1,23.9,37.8,56,0.0,0,6.5,,1013.4,0,1
2003-08-28,31.1,24.4,37.2,61,0.0,0,11.2,,1013.2,,2
2003-08-29,31.7,25.6,37.2,61,0.0,0,11.2,,1012.7,0,2
2003-08-30,31.1,25.6,36.7,64,0.0,0,9.0,,1012.7,0,3
2003-08-31,27.2,23.9,30.0,77,6.9,0,9.0,,1011.7,0,3
2003-09-01,26.7,23.3,29.4,80,4.3,0,6.1,,1014.2,0,4
2003-09-02,26.7,22.8,30.0,67,0.0,0,5.4,,1015.6,0,6
2003-09-03,29.4,24.4,34.4,66,0.0,0,4.7,,1015.2,0,5
2003-09-04,29.4,23.3,35.6,60,0.0,0,7.6,,1015.1,0,2
2003-09-05,28.9,23.9,33.3,58,0.0,0,5.4,,1014.7,0,3
2003-09-06,28.3,21.7,35.0,52,0.0,0,5.0,,1015.1,0,2
2003-09-07,26.1,17.8,34.4,50,0.0,0,5.0,,1014.2,0,0
2003-09-08,27.2,21.1,33.3,56,0.0,0,6.5,,1013.3,0,0
2003-09-09,27.8,20.0,35.0,58,0.0,0,9.0,,1013.4,0,2
2003-09-10,31.1,25.6,36.1,69,0.3,0,13.0,,1012.7,0,4
2003-09-11,28.3,21.1,35.0,71,16.0,0,13.7,,1011.5,0,5
2003-09-12,24.4,20.0,28.9,79,13.2,0,6.1,,1010.5,0,5
2003-09-13,26.1,18.9,33.3,67,0.0,0,7.6,,1011.6,0,0
2003-09-14,23.3,19.4,27.2,82,5.8,0,9.0,,1018.6,0,6
2003-09-15,25.0,19.4,30.6,63,0.0,0,5.0,,1020.1,0,3
2003-09-16,26.1,20.0,32.2,71,0.0,0,7.2,,1016.3,0,3
2003-09-17,26.7,21.1,32.2,72,0.0,0,10.1,,1013.8,0,2
2003-09-18,25.0,21.1,28.9,76,0.0,0,9.4,,1013.5,0,4
2003-09-19,24.4,20.0,28.3,69,0.0,0,9.4,,1017.5,,3
2003-09-20,23.9,20.6,26.7,74,1.0,0,5.0,,1016.7,0,3
2003-09-21,21.7,19.4,23.3,85,8.6,0,6.1,,1013.8,0,5
2003-09-22,25.0,18.3,31.1,72,0.0,0,4.3,,1016.2,0,1
2003-09-23,23.9,17.2,30.6,69,0.0,0,5.8,,1017.2,0,0
2003-09-24,26.1,20.6,31.1,68,0.0,0,7.9,,1014.0,0,1
2003-09-25,26.1,21.1,31.1,65,0.0,0,5.0,,1014.1,0,2
2003-09-26,23.3,20.0,26.7,76,3.6,0,4.3,,1010.5,0,3
2003-09-27,26.7,19.4,33.3,65,0.0,0,6.1,,1012.3,0,4
2003-09-28,25.6,19.4,31.1,35,0.0,0,10.4,,1018.1,,2
2003-09-29,23.3,16.7,29.4,40,0.0,0,8.6,,1021.3,0,0
2003-09-30,21.7,14.4,28.9,46,0.0,0,5.0,,1022.2,0,0
2003-10-01,21.1,12.8,29.4,48,0.0,0,6.8,,1022.6,0,0
2003-10-02,21.7,16.1,27.2,56,0.0,0,6.1,,1020.5,0,0
2003-10-03,20.6,13.3,27.8,55,0.0,0,6.5,,1016.5,0,0
2003-10-04,22.8,16.7,28.9,71,0.0,0,4.7,,1015.6,0,3
2003-10-05,26.7,20.6,32.2,72,1.0,0,7.6,,1014.3,0,5
2003-10-06,25.0,20.0,29.4,78,1.8,0,4.7,,1013.9,0,5
2003-10-07,24.4,20.6,28.3,79,0.0,0,4.0,,1014.5,0,5
2003-10-08,25.6,21.7,28.9,80,3.6,0,6.5,,1013.9,0,6
2003-10-09,25.6,21.7,29.4,86,8.9,0,11.2,,1010.3,0,8
2003-10-10,22.8,19.4,25.6,81,0.0,0,6.1,,1009.5,0,7
2003-10-11,22.8,19.4,26.1,84,8.4,0,4.7,,1011.6,0,6
2003-10-12,23.9,21.1,26.1,,0.5,0,6.1,,1016.4,0,5
2003-10-13,25.0,20.0,29.4,,0.0,0,6.1,,1013.2,0,5
2003-10-14,20.6,15.0,26.1,,0.0,0,12.6,,1016.2,0,4
2003-10-15,18.9,10.0,27.2,53,0.0,0,5.4,,1019.2,,0
2003-10-16,22.8,15.6,29.4,74,0.0,0,6.5,,1016.8,0,2
2003-10-17,22.8,17.2,28.3,65,0.0,0,10.1,,1019.3,0,2
2003-10-18,20.6,12.8,27.8,53,0.0,0,5.0,,1021.8,0,0
2003-10-19,21.1,12.8,29.4,59,0.0,0,3.6,,1020.1,0,0
2003-10-20,21.7,12.8,30.6,59,0.0,0,3.2,,1020.7,0,0
2003-10-21,22.8,13.3,31.7,57,0.0,0,3.6,,1020.1,0,0
2003-10-22,24.4,15.6,33.3,53,0.0,0,8.3,,1015.9,0,0
2003-10-23,26.1,17.2,34.4,50,0.0,0,4.3,,1012.3,0,0
2003-10-24,23.3,15.6,31.1,55,0.0,0,6.8,,1011.8,0,0
2003-10-25,23.3,16.1,30.0,63,0.0,0,9.0,,1015.2,0,4
2003-10-26,13.3,10.6,16.1,59,2.0,0,15.1,,1023.0,0,8
2003-10-27,17.2,10.6,23.9,46,0.0,0,6.8,,1016.9,0,1
2003-10-28,18.9,7.8,30.0,47,0.0,0,4.3,,1009.1,0,0
2003-10-29,20.6,12.2,28.9,52,0.0,0,10.4,,1009.3,0,0
2003-10-30,25.0,18.3,31.1,74,0.0,0,13.7,,1010.3,,7
2003-10-31,28.3,23.9,32.2,74,0.0,0,13.7,,1015.5,0,7
2003-11-01,25.6,21.7,29.4,73,0.0,0,11.5,,1018.9,0,7
2003-11-02,24.4,20.6,28.3,81,7.6,0,8.3,,1017.2,0,7
2003-11-03,25.0,21.7,27.8,76,0.0,0,13.0,,1014.3,0,7
2003-11-04,24.4,20.6,27.8,75,0.0,0,9.0,,1011.5,0,7
2003-11-05,23.9,19.4,28.3,71,0.0,0,9.0,,1014.0,0,8
2003-11-06,15.0,10.0,19.4,79,0.0,0,11.9,,1022.2,0,8
2003-11-07,9.4,8.3,10.6,81,0.0,0,10.4,,1025.1,0,8
2003-11-08,11.1,8.3,13.9,85,2.0,0,8.3,,1026.8,0,8
2003-11-09,12.8,11.7,13.3,89,1.0,0,6.8,,1028.0,0,8
2003-11-10,19.4,11.7,26.7,74,0.0,0,7.2,,1023.0,0,5
2003-11-11,22.8,17.8,27.2,81,0.0,0,7.9,,1018.4,0,5
2003-11-12,25.0,21.1,28.9,,0.3,0,7.9,,1018.4,,6
2003-11-13,17.2,11.7,22.8,34,5.3,0,12.6,,1027.5,0,8
2003-11-14,18.3,12.8,23.3,49,0.0,0,10.8,,1022.4,0,8
2003-11-15,21.7,19.4,23.3,87,0.8,0,4.7,,1014.9,0,6
2003-11-16,24.4,19.4,28.9,80,0.0,0,5.4,,1014.3,0,6
2003-11-17,21.1,17.8,23.9,89,15.0,0,9.0,,1009.4,0,8
2003-11-18,17.2,12.8,21.7,,0.0,0,14.8,,1010.8,,0
2003-11-19,16.1,8.3,23.9,44,0.0,0,9.0,,1023.8,0,0
2003-11-20,15.6,5.6,25.6,50,0.0,0,6.8,,1019.0,0,
2003-11-21,22.2,12.8,26.1,65,0.0,0,14.4,,,,0
2003-11-22,22.8,17.8,27.8,70,0.0,0,19.4,,1008.5,0,5
2003-11-23,13.9,5.0,22.8,56,1.5,0,18.0,,1014.2,0,5
2003-11-24,6.7,0.6,12.2,34,0.0,0,7.6,,1027.6,0,
2003-11-25,10.6,1.7,18.9,54,0.0,0,8.3,,1015.5,,
2003-11-26,17.8,12.2,22.8,80,0.0,0,2.9,,1009.9,0,4
2003-11-27,16.1,9.4,22.2,56,0.0,0,16.6,,1017.0,0,0
2003-11-28,10.6,3.9,17.2,31,0.0,0,11.5,,1033.8,0,0
2003-11-29,9.4,0.0,18.3,42,0.0,0,7.9,,1028.2,0,0
2003-11-30,14.4,5.0,23.3,61,0.0,0,8.3,,1021.5,0,2
2003-12-01,18.3,13.3,23.3,71,0.0,0,5.8,,1027.7,,7
2003-12-02,19.4,15.0,23.3,64,0.0,0,9.7,,1025.4,0,4
2003-12-03,18.9,12.8,24.4,63,0.0,0,7.6,,1018.5,0,3
2003-12-04,14.4,7.2,21.7,52,0.0,0,6.5,,1021.5,0,0
2003-12-05,10.0,6.1,13.9,44,0.0,0,15.1,,1029.3,0,1
2003-12-06,6.7,-0.6,13.3,42,0.0,0,5.8,,1030.0,0,0
2003-12-07,10.0,1.1,18.9,54,0.0,0,8.6,,1019.6,0,0
2003-12-08,18.3,11.7,25.0,70,0.0,0,16.6,,1010.6,0,1
2003-12-09,15.6,8.9,21.7,51,0.3,0,21.2,,1010.6,,4
2003-12-10,10.0,3.3,16.7,35,0.0,0,10.8,,1021.8,,0
2003-12-11,9.4,0.6,17.8,46,0.0,0,6.8,,1017.9,0,1
2003-12-12,12.8,10.0,15.0,86,9.9,0,8.6,,1013.0,0,8
2003-12-13,8.3,2.8,13.3,70,0.0,0,10.8,,1018.5,0,2
2003-12-14,9.4,-0.6,19.4,66,0.0,0,6.8,,1019.6,0,0
2003-12-15,16.7,9.4,23.3,64,0.0,0,14.8,,1011.2,,1
2003-12-16,10.0,5.0,14.4,32,0.0,0,18.0,,,,0
2003-12-17,11.1,1.7,20.0,32,0.0,0,9.0,,1027.9,0,0
2003-12-18,10.6,1.7,18.9,37,0.0,0,11.2,,1028.2,0,0
2003-12-19,11.7,3.9,19.4,42,0.0,0,4.3,,1031.2,0,0
2003-12-20,10.0,0.0,19.4,49,0.0,0,7.6,,1026.3,0,0
2003-12-21,15.0,6.7,23.3,74,0.0,0,11.2,,1021.3,,4
2003-12-22,19.4,13.9,25.0,70,0.0,0,14.4,,1014.8,0,5
2003-12-23,10.6,4.4,16.7,42,0.0,0,15.5,,1021.3,,0
2003-12-24,11.1,3.9,18.3,42,0.0,0,7.2,,1021.7,0,0
2003-12-25,11.7,6.1,16.7,62,0.0,0,8.3,,1019.8,0,
2003-12-26,17.2,11.7,22.8,84,0.0,0,10.8,,1019.2,0,
2003-12-27,21.7,18.9,23.9,78,0.0,0,16.6,,1014.3,0,8
2003-12-28,15.0,8.9,20.6,58,2.5,0,10.4,,1016.3,0,8
2003-12-29,8.9,2.2,15.6,29,0.0,0,9.4,,1022.4,0,0
2003-12-30,7.8,-1.1,16.7,42,0.0,0,7.6,,1024.9,0,0
2003-12-31,13.3,6.1,20.6,78,0.0,0,7.6,,1023.5,0,6
2004-01-01,20.0,16.7,23.3,84,1.0,0,10.8,,1020.8,0,6
2004-01-02,22.2,18.3,26.1,80,0.0,0,11.9,,1017.0,0,6
2004-01-03,22.8,19.4,26.1,76,0.0,0,16.9,,1011.9,0,7
2004-01-04,17.2,8.9,25.6,68,0.0,0,13.3,,1012.3,0,7
2004-01-05,5.6,2.2,8.9,44,0.0,0,16.9,,1026.0,0,8
2004-01-06,2.2,-1.7,3.3,52,0.0,0,16.2,,,,8
2004-01-07,6.1,2.8,8.9,51,0.0,0,8.3,,1032.4,0,8
2004-01-08,12.8,6.1,19.4,86,0.8,0,4.3,,1021.7,0,5
2004-01-09,13.9,7.2,20.0,43,0.0,0,11.2,,1027.1,0,0
2004-01-10,9.4,2.2,16.7,48,0.0,0,4.3,,1031.7,0,0
2004-01-11,10.0,1.7,18.3,59,0.0,0,6.1,,1029.1,0,0
2004-01-12,12.2,5.0,19.4,76,0.0,0,2.9,,1026.9,0,4
2004-01-13,17.8,13.3,21.7,80,0.0,0,2.9,,1025.7,0,5
2004-01-14,16.7,13.9,19.4,90,0.5,0,2.2,,1022.2,0,
2004-01-15,16.1,15.6,16.7,95,24.9,0,9.0,,1017.8,0,8
2004-01-16,17.8,15.6,20.0,95,65.5,0,9.7,,1009.5,0,8
2004-01-17,17.8,11.1,24.4,73,0.0,0,10.4,,1005.2,0,4
2004-01-18,8.3,5.0,11.1,63,0.0,0,18.7,,1014.8,0,7
2004-01-19,7.8,1.1,13.9,45,0.0,0,9.4,,1022.4,0,0
2004-01-20,7.2,0.0,14.4,64,0.0,0,6.1,,1021.5,0,0
2004-01-21,11.7,7.8,15.6,68,0.0,0,5.0,,1025.0,0,7
2004-01-22,12.2,7.2,17.2,71,0.0,0,2.2,,1026.1,,
2004-01-23,15.0,12.2,17.8,65,0.0,0,4.7,,1023.5,0,8
2004-01-24,15.0,12.2,17.8,,12.4,0,4.3,,1010.8,0,
2004-01-25,18.3,12.2,23.9,,0.0,0,10.4,,1005.5,0,0
2004-01-26,11.1,3.3,18.9,,0.0,0,16.2,,1014.1,0,0
2004-01-27,5.6,-1.7,12.2,48,0.0,0,5.4,,1028.0,0,0
2004-01-28,7.8,-1.1,16.1,47,0.0,0,9.0,,1026.4,0,2
2004-01-29,10.6,8.3,12.2,83,0.3,0,4.0,,1016.5,0,8
2004-01-30,10.0,5.0,15.0,76,0.0,0,9.4,,1016.5,0,4
2004-01-31,9.4,1.7,17.2,80,0.0,0,7.9,,1012.8,0,3
2004-02-01,12.8,10.0,15.6,87,0.0,0,8.3,,1010.9,0,7
2004-02-02,10.6,3.9,16.7,51,0.0,0,13.3,,1021.3,0,0
2004-02-03,7.2,0.6,13.9,49,0.0,0,8.6,,1024.2,0,2
2004-02-04,8.9,6.7,10.6,84,23.9,0,12.2,,1012.7,0,8
2004-02-05,12.8,6.7,18.3,78,4.3,0,10.1,,1013.1,0,6
2004-02-06,8.9,3.9,13.9,55,0.0,0,12.2,,1024.6,0,3
2004-02-07,7.2,-1.1,15.6,54,0.0,0,5.4,,1030.6,0,0
2004-02-08,8.9,4.4,13.3,69,0.8,0,10.1,,1025.7,0,5
2004-02-09,13.3,11.1,15.6,92,6.4,0,6.5,,1020.8,0,8
2004-02-10,10.0,7.2,12.2,90,11.9,0,13.3,,1022.0,0,8
2004-02-11,8.3,6.7,9.4,91,17.8,0,11.2,,1017.3,0,8
2004-02-12,5.6,2.8,8.3,74,0.0,0,15.8,,1026.6,0,6
2004-02-13,1.7,0.6,2.8,76,2.8,0,9.7,,1026.9,0,7
2004-02-14,5.6,0.6,10.0,75,3.3,2,9.7,,1020.4,0,7
2004-02-15,7.8,0.6,15.0,64,0.0,0,6.1,,1023.2,0,0
2004-02-16,10.6,1.7,18.9,62,0.0,0,6.8,,1025.5,0,0
2004-02-17,15.0,7.8,22.2,50,0.0,0,9.4,,1030.4,0,0
2004-02-18,13.3,3.3,22.8,56,0.0,0,9.0,,1029.5,0,
2004-02-19,17.2,10.0,24.4,72,0.0,0,16.9,,1013.8,0,3
2004-02-20,18.9,13.3,24.4,61,0.0,0,9.7,,1012.2,0,2
2004-02-21,16.1,10.6,21.7,42,0.0,0,10.1,,1018.9,0,0
2004-02-22,15.0,10.6,18.9,69,0.0,0,6.1,,1016.2,0,6
2004-02-23,18.3,15.0,21.7,87,6.1,0,5.8,,1010.8,0,7
2004-02-24,13.3,9.4,17.2,85,12.4,0,9.4,,1008.6,0,6
2004-02-25,6.7,3.9,9.4,74,0.0,0,18.4,,1015.0,0,7
2004-02-26,9.4,1.7,16.7,57,0.0,0,9.0,,1022.5,0,0
2004-02-27,10.0,0.6,18.9,62,0.0,0,9.4,,1023.0,0,0
2004-02-28,13.9,8.3,18.9,74,0.3,0,16.6,,1018.7,0,8
2004-02-29,14.4,10.0,18.3,76,4.8,0,9.7,,1012.3,0,8
2004-03-01,17.8,10.6,24.4,52,0.0,0,6.1,,1015.1,,5
2004-03-02,15.6,12.2,18.9,80,4.6,0,4.3,,1016.6,,8
2004-03-03,21.7,18.9,24.4,82,0.3,0,15.1,,1013.4,,8
2004-03-04,18.3,12.8,23.9,91,18.0,0,11.2,,1007.2,,8
2004-03-05,18.3,11.7,25.0,61,0.0,0,5.8,,1012.1,,1
2004-03-06,17.2,10.0,24.4,48,0.0,0,8.6,,1020.3,,0
2004-03-07,18.9,11.1,26.1,42,0.0,0,12.2,,1024.7,,0
2004-03-08,17.2,10.6,23.3,30,0.0,0,7.6,,1028.1,,0
2004-03-09,17.8,9.4,25.6,42,0.0,0,11.2,,1024.1,,0
2004-03-10,15.6,6.7,24.4,42,0.0,0,11.9,,1021.7,,0
2004-03-11,18.3,13.9,22.8,68,0.0,0,7.9,,1023.4,,6
2004-03-12,15.6,12.8,17.8,75,3.0,0,7.2,,1022.6,,7
2004-03-13,14.4,11.7,17.2,92,8.6,0,8.6,,1019.2,,7
2004-03-14,19.4,15.6,22.8,86,0.8,0,8.6,,1020.7,,7
2004-03-15,20.0,14.4,25.6,74,14.7,0,7.2,,1017.3,,6
2004-03-16,19.4,14.4,23.9,74,1.8,0,7.6,,1016.6,,6
2004-03-17,21.7,15.0,28.3,75,0.0,0,10.8,,1013.8,,3
2004-03-18,21.7,18.3,24.4,78,0.0,0,13.3,,1014.4,0,8
2004-03-19,23.3,19.4,27.2,84,0.8,0,11.9,,1019.8,0,8
2004-03-20,22.2,18.9,25.6,84,0.5,0,7.9,,1022.7,0,7
2004-03-21,18.9,14.4,23.3,,0.0,0,11.5,,1025.8,0,5
2004-03-22,18.3,12.8,23.3,,0.0,0,12.2,,1024.9,,5
2004-03-23,17.2,11.7,22.8,66,0.0,0,11.5,,1022.8,0,7
2004-03-24,19.4,16.7,21.7,84,5.3,0,13.0,,1019.2,0,8
2004-03-25,22.8,19.4,26.1,79,0.0,0,16.2,,1019.7,0,8
2004-03-26,23.3,20.0,26.7,76,0.0,0,18.4,,1019.6,0,8
2004-03-27,23.3,20.0,26.7,71,0.0,0,18.0,,1015.8,0,7
2004-03-28,21.7,17.8,25.6,76,0.3,0,9.4,,1015.8,0,7
2004-03-29,18.3,11.7,25.0,,0.0,0,9.7,,1022.9,0,4
2004-03-30,19.4,10.0,28.9,48,0.0,0,8.6,,1022.1,0,0
2004-03-31,20.6,10.0,30.6,44,0.0,0,4.0,,1017.8,0,0
2004-04-01,22.8,16.1,29.4,38,0.0,0,11.5,,1013.3,,0
2004-04-02,20.0,17.2,22.8,84,1.8,0,6.8,,1013.8,0,6
2004-04-03,21.1,15.0,27.2,69,0.0,0,6.8,,1016.3,0,2
2004-04-04,19.4,15.0,23.9,68,6.4,0,8.3,,1016.3,0,4
2004-04-05,20.0,16.1,23.9,78,0.0,0,13.0,,1014.2,0,4
2004-04-06,17.8,13.9,21.1,83,45.7,0,9.0,,1012.6,0,6
2004-04-07,21.7,12.8,30.6,63,0.0,0,8.3,,1009.2,0,2
2004-04-08,20.0,13.9,26.1,60,0.0,0,5.8,,1012.0,0,0
2004-04-09,21.1,13.3,28.9,65,0.0,0,7.6,,1011.1,0,1
2004-04-10,20.0,11.7,27.8,84,14.7,0,10.4,,1010.3,0,6
2004-04-11,11.1,9.4,12.2,84,11.9,0,13.3,,1014.2,0,8
2004-04-12,13.3,7.8,18.3,58,0.0,0,11.2,,1015.2,0,6
2004-04-13,13.3,6.7,19.4,58,0.0,0,7.9,,1023.5,0,2
2004-04-14,15.0,5.6,23.9,60,0.0,0,7.2,,1023.5,0,0
2004-04-15,18.3,10.6,25.6,70,0.0,0,12.6,,1019.5,0,4
2004-04-16,20.6,15.6,25.6,77,0.0,0,12.2,,1019.6,0,5
2004-04-17,22.8,17.2,27.8,74,0.0,0,14.8,,1021.3,0,6
2004-04-18,22.8,18.3,26.7,72,0.0,0,18.0,,1021.2,0,6
2004-04-19,23.3,19.4,27.2,72,0.0,0,14.8,,1020.5,0,6
2004-04-20,22.8,18.9,26.1,77,0.0,0,14.4,,1012.8,0,7
2004-04-21,23.9,20.6,26.7,77,0.0,0,14.0,,1006.7,0,8
2004-04-22,25.6,21.1,29.4,73,0.0,0,13.7,,1007.1,0,6
2004-04-23,24.4,21.7,27.2,79,0.0,0,12.6,,1009.4,0,7
2004-04-24,20.6,17.8,22.8,86,15.7,0,7.9,,1012.4,0,8
2004-04-25,19.4,17.8,21.1,,0.8,0,7.6,,1016.1,0,8
2004-04-26,21.1,15.6,26.7,,0.3,0,10.1,,1020.9,0,4
2004-04-27,21.7,14.4,28.3,58,0.0,0,6.8,,1022.3,0,0
2004-04-28,18.9,15.0,22.2,68,0.0,0,10.4,,1016.0,0,4
2004-04-29,21.7,16.1,27.2,82,3.3,0,12.2,,1012.7,0,6
2004-04-30,25.0,21.1,28.9,78,0.3,0,11.2,,1010.9,0,7
2004-05-01,18.3,12.2,23.9,79,10.7,0,15.5,,1015.1,0,7
2004-05-02,17.2,10.0,23.9,55,0.0,0,8.6,,1022.4,0,0
2004-05-03,20.0,10.6,28.9,51,0.0,0,6.8,,1021.5,,0
2004-05-04,21.1,13.9,27.8,47,0.0,0,11.2,,1019.0,0,0
2004-05-05,21.1,14.4,27.8,68,0.0,0,9.7,,1017.8,0,3
2004-05-06,23.3,17.8,28.3,70,0.0,0,11.2,,1018.4,0,6
2004-05-07,23.3,18.9,27.8,75,0.0,0,9.4,,1019.3,0,5
2004-05-08,23.9,20.6,27.2,74,0.5,0,11.5,,1018.1,0,7
2004-05-09,24.4,19.4,28.9,79,19.6,0,11.5,,1015.5,0,7
2004-05-10,26.1,21.1,30.6,76,0.0,0,13.0,,1013.6,0,7
2004-05-11,23.3,20.6,25.6,86,9.9,0,10.8,,1011.5,0,7
2004-05-12,26.1,22.2,29.4,82,0.3,0,12.2,,,,7
2004-05-13,23.3,18.3,28.3,87,24.9,0,12.2,,1010.1,0,
2004-05-14,20.6,16.1,24.4,76,8.1,0,9.7,,1017.9,,
2004-05-15,20.6,14.4,26.1,73,0.0,0,5.8,,1020.0,0,2
2004-05-16,23.3,17.2,29.4,,0.0,0,7.2,,1017.6,0,2
2004-05-17,26.1,21.1,31.1,72,0.0,0,12.2,,1016.2,0,5
2004-05-18,27.2,23.3,31.1,71,0.0,0,13.7,,1016.7,0,5
2004-05-19,27.2,22.8,31.1,71,0.0,0,12.2,,1017.0,0,6
2004-05-20,27.2,22.2,31.7,71,0.0,0,13.3,,1018.3,0,6
2004-05-21,26.7,22.2,31.1,70,0.0,0,14.8,,1017.1,0,5
2004-05-22,26.7,22.2,31.1,71,0.0,0,16.9,,1012.1,0,6
2004-05-23,26.7,22.2,30.6,72,0.0,0,13.7,,1010.5,0,7
2004-05-24,27.2,22.8,31.1,72,0.0,0,13.7,,1011.3,0,6
2004-05-25,27.8,22.2,32.8,70,0.0,0,13.7,,1011.2,0,5
2004-05-26,27.8,22.8,32.2,69,0.0,0,13.3,,1011.2,0,5
2004-05-27,27.8,21.7,33.3,69,3.8,0,12.2,,1008.8,0,6
2004-05-28,27.2,21.1,33.3,74,0.0,0,9.4,,1009.4,,4
2004-05-29,28.9,24.4,32.8,72,0.0,0,16.6,,1006.1,0,7
2004-05-30,28.9,25.0,32.8,,1.3,0,10.4,,,,6
2004-05-31,31.7,25.6,37.8,73,5.8,0,5.4,,1005.5,0,3
2004-06-01,28.3,20.6,36.1,69,0.0,0,12.2,,1007.0,,2
2004-06-02,30.0,25.0,35.0,71,0.0,0,13.3,,1011.0,0,
2004-06-03,26.1,18.3,33.3,74,25.9,0,8.3,,1019.1,,
2004-06-04,26.7,20.0,33.3,68,0.5,0,6.8,,1017.9,,3
2004-06-05,25.6,19.4,31.7,70,0.0,0,11.2,,1013.7,,1
2004-06-06,27.2,21.7,32.8,72,0.0,0,12.2,,1010.8,,3
2004-06-07,26.1,20.6,31.7,81,9.7,0,13.7,,1011.8,0,6
2004-06-08,22.8,20.6,25.0,96,35.3,0,11.9,,1012.8,,8
2004-06-09,23.9,21.1,26.7,94,107.7,0,12.2,,1013.1,,8
2004-06-10,26.7,21.7,31.1,79,0.0,0,12.6,,1011.3,,6
2004-06-11,27.8,23.9,31.1,82,1.8,0,12.6,,1010.7,0,6
2004-06-12,28.3,24.4,32.2,75,0.0,0,13.3,,1012.4,0,5
2004-06-13,27.8,23.3,32.2,71,0.0,0,11.2,,1012.6,0,2
2004-06-14,27.8,22.8,32.8,74,0.0,0,7.6,,1011.2,0,4
2004-06-15,25.6,20.6,30.6,73,0.0,0,5.8,,1010.9,0,1
2004-06-16,26.1,20.0,32.2,80,0.0,0,7.6,,1013.4,0,4
2004-06-17,28.3,24.4,31.7,77,0.0,0,9.0,,1016.6,0,4
2004-06-18,28.9,23.9,33.3,73,0.0,0,9.0,,1018.3,0,5
2004-06-19,27.2,21.1,33.3,66,0.0,0,4.3,,1018.9,0,0
2004-06-20,28.3,22.2,33.9,67,0.0,0,7.2,,1015.3,0,1
2004-06-21,28.3,23.9,32.8,70,0.0,0,12.6,,1009.9,0,2
2004-06-22,25.0,20.6,29.4,80,6.6,0,7.6,,1010.9,0,6
2004-06-23,26.1,21.7,30.6,77,0.0,0,9.0,,1014.8,0,2
2004-06-24,26.7,22.2,30.6,81,0.3,0,4.7,,1014.1,0,5
2004-06-25,26.1,20.0,32.2,87,12.4,0,5.4,,1014.6,0,2
2004-06-26,25.0,20.6,29.4,88,25.1,0,1.8,,1014.7,0,7
2004-06-27,25.6,21.1,29.4,85,1.5,0,3.2,,1016.2,0,5
2004-06-28,27.8,23.3,31.7,83,0.3,0,7.6,,1017.5,0,3
2004-06-29,23.3,20.6,26.1,92,28.4,0,5.8,,1017.7,,6
2004-06-30,25.0,20.0,29.4,92,34.3,0,7.2,,1016.8,0,6
2004-07-01,26.7,21.1,31.7,77,0.0,0,9.4,,1015.8,0,4
2004-07-02,28.9,23.9,33.3,74,0.0,0,11.9,,1014.5,0,
2004-07-03,28.3,24.4,32.2,75,0.0,0,10.8,,1012.7,0,4
2004-07-04,27.8,22.8,32.8,71,0.0,0,11.2,,1012.5,0,
2004-07-05,28.3,23.9,32.8,73,0.0,0,13.3,,1014.3,0,
2004-07-06,28.9,23.9,33.3,72,0.0,0,12.2,,1015.3,0,4
2004-07-07,28.9,23.9,33.3,73,0.0,0,11.2,,1013.4,0,4
2004-07-08,28.9,23.9,33.3,71,0.0,0,14.0,,1011.6,0,
2004-07-09,28.9,23.9,33.3,76,0.0,0,11.9,,1014.2,0,4
2004-07-10,27.2,21.1,32.8,,0.0,0,7.6,,1017.7,0,2
2004-07-11,27.2,22.2,32.2,76,6.4,0,6.8,,1018.6,0,
2004-07-12,27.8,22.2,32.8,72,0.0,0,9.4,,1018.3,,
2004-07-13,28.3,22.2,33.9,68,0.0,0,5.8,,1017.5,0,0
2004-07-14,28.9,21.7,35.6,59,0.0,0,4.0,,1015.2,,0
2004-07-15,28.9,22.2,35.0,57,0.0,0,4.7,,1013.2,,0
2004-07-16,28.3,22.8,33.9,63,0.0,0,5.8,,1012.5,,0
2004-07-17,30.0,22.8,36.7,62,0.0,0,5.0,,1012.0,0,0
2004-07-18,28.9,23.9,33.3,53,0.0,0,6.8,,1013.0,0,2
2004-07-19,28.3,21.1,35.6,55,0.0,0,4.7,,1012.7,0,0
2004-07-20,28.3,22.8,33.9,64,0.0,0,6.8,,1012.6,0,1
2004-07-21,28.3,22.8,33.9,67,0.0,0,7.6,,1013.0,0,2
2004-07-22,29.4,24.4,34.4,69,0.0,0,10.1,,1013.1,0,3
2004-07-23,29.4,23.3,35.6,72,0.0,0,5.8,,1014.1,0,3
2004-07-24,29.4,22.8,35.6,65,0.0,0,3.6,,1016.2,0,2
2004-07-25,28.3,21.7,35.0,68,4.8,0,9.4,,1017.7,0,3
2004-07-26,25.6,20.0,31.1,68,0.0,0,7.9,,1018.5,0,0
2004-07-27,26.7,20.6,32.8,66,0.0,0,6.1,,1016.0,0,0
2004-07-28,29.4,23.9,35.0,,0.0,0,10.4,,,,
2004-07-29,28.9,22.8,34.4,80,7.1,0,8.3,,,,4
2004-07-30,27.2,22.2,32.2,81,2.8,0,3.2,,1010.5,0,3
2004-07-31,30.6,25.0,35.6,68,0.0,0,5.4,,1012.4,0,1
2004-08-01,30.0,23.9,36.1,66,0.0,0,3.6,,1014.7,0,1
2004-08-02,30.0,23.9,36.1,66,0.0,0,4.7,,1013.5,0,0
2004-08-03,31.1,25.0,36.7,62,0.0,0,5.0,,1012.3,0,0
2004-08-04,31.1,25.0,37.2,58,0.0,0,6.8,,1011.1,0,0
2004-08-05,31.7,24.4,38.3,55,0.0,0,4.0,,1012.1,0,0
2004-08-06,30.0,25.6,34.4,62,0.0,0,9.4,,1012.4,0,2
2004-08-07,28.3,23.3,33.3,62,0.0,0,7.6,,1012.8,0,4
2004-08-08,28.9,23.9,33.9,56,0.0,0,5.8,,1014.1,0,4
2004-08-09,29.4,23.9,34.4,54,0.0,0,4.3,,1016.2,0,2
2004-08-10,30.6,23.9,36.7,60,0.0,0,4.7,,1015.1,0,3
2004-08-11,28.9,21.7,35.6,72,6.6,0,5.8,,1013.1,0,1
2004-08-12,26.1,20.0,32.2,53,0.0,0,10.8,,1017.2,0,0
2004-08-13,24.4,16.7,32.2,54,0.0,0,5.4,,1018.5,0,0
2004-08-14,26.1,19.4,32.2,58,0.0,0,7.9,,1019.8,0,1
2004-08-15,25.6,19.4,31.1,52,0.0,0,6.5,,1021.1,0,
2004-08-16,25.6,17.8,32.8,50,0.0,0,6.1,,1020.8,0,
2004-08-17,26.1,18.3,33.3,54,0.0,0,7.2,,1018.8,,
2004-08-18,27.8,20.6,35.0,66,0.0,0,10.1,,1014.9,0,2
2004-08-19,28.9,21.1,36.7,66,25.1,0,15.8,,1012.9,0,5
2004-08-20,28.9,21.1,36.1,70,8.6,0,11.2,,1013.7,0,3
2004-08-21,27.2,21.7,32.2,83,5.6,0,6.5,,1015.4,0,4
2004-08-22,26.7,22.2,30.6,83,2.0,0,7.2,,1013.2,0,4
2004-08-23,27.8,22.8,32.8,77,0.5,0,12.2,,1011.5,0,5
2004-08-24,30.0,25.0,35.0,70,0.0,0,13.7,,1011.8,0,4
2004-08-25,30.6,25.0,35.6,65,0.0,0,13.3,,1013.3,0,3
2004-08-26,31.1,25.6,36.7,62,0.0,0,14.4,,1012.9,0,2
2004-08-27,30.6,25.0,36.1,65,0.0,0,13.7,,1013.8,0,3
2004-08-28,28.9,23.9,33.9,73,0.0,0,7.2,,1014.1,0,2
2004-08-29,28.3,22.8,33.9,68,0.0,0,6.5,,1014.4,0,2
2004-08-30,28.3,21.7,34.4,60,0.0,0,5.4,,1016.0,0,0
2004-08-31,26.7,20.0,33.3,54,0.0,0,6.8,,1018.6,0,0
2004-09-01,25.0,20.0,30.0,53,0.0,0,6.8,,1019.2,0,0
2004-09-02,24.4,20.6,28.3,64,0.0,0,2.5,,1016.1,0,0
2004-09-03,25.0,17.2,32.2,69,0.0,0,6.1,,1013.8,0,2
2004-09-04,27.8,22.8,32.2,74,0.0,0,7.6,,1014.0,0,6
2004-09-05,30.0,23.9,35.6,70,0.0,0,9.0,,1012.0,0,5
2004-09-06,26.7,22.2,31.1,76,3.6,0,7.6,,1011.7,0,3
2004-09-07,25.6,20.0,31.1,50,0.0,0,11.9,,1013.9,0,1
2004-09-08,25.6,18.9,31.7,42,0.0,0,9.0,,1015.0,0,3
2004-09-09,25.0,17.2,32.8,42,0.0,0,5.8,,1016.2,0,1
2004-09-10,26.7,19.4,33.9,48,0.0,0,5.0,,1017.1,0,4
2004-09-11,29.4,22.8,35.6,56,0.0,0,4.0,,1016.0,0,4
2004-09-12,28.9,21.7,35.6,56,0.0,0,3.6,,1014.4,,2
2004-09-13,27.8,21.1,33.9,65,0.5,0,4.3,,1012.1,0,2
2004-09-14,26.7,22.8,30.0,90,35.8,0,6.8,,1009.9,,6
2004-09-15,28.9,23.3,33.9,76,0.0,0,6.1,,1008.8,0,5
2004-09-16,29.4,22.8,35.6,65,0.0,0,3.2,,1010.4,0,2
2004-09-17,29.4,22.8,35.6,61,0.0,0,4.7,,1012.7,0,1
2004-09-18,28.3,21.7,35.0,64,0.0,0,5.8,,1014.4,0,1
2004-09-19,28.9,23.3,34.4,67,0.0,0,6.5,,1014.9,0,3
2004-09-20,27.2,20.6,33.3,62,0.0,0,5.4,,1014.0,0,2
2004-09-21,26.7,20.0,33.3,68,0.0,0,9.4,,1015.4,0,3
2004-09-22,27.2,21.7,32.8,67,0.0,0,9.0,,1015.7,0,4
2004-09-23,26.7,20.6,32.8,65,0.0,0,5.0,,1015.6,0,1
2004-09-24,26.1,19.4,32.8,65,0.0,0,7.6,,1016.3,0,1
2004-09-25,23.3,20.6,26.1,78,0.0,0,10.4,,1016.8,0,7
2004-09-26,26.7,21.1,31.7,64,0.0,0,7.6,,1015.5,0,5
2004-09-27,23.9,19.4,28.3,55,0.0,0,2.9,,1014.9,0,1
2004-09-28,26.7,21.1,31.7,52,0.0,0,6.5,,1016.3,0,1
2004-09-29,25.6,18.3,32.2,47,0.0,0,5.0,,1015.7,0,1
2004-09-30,25.0,17.2,32.8,54,0.0,0,7.9,,1013.4,0,1
2004-10-01,26.7,20.6,32.2,69,0.0,0,7.6,,1013.7,0,4
2004-10-02,22.2,18.3,26.1,88,50.3,0,9.0,,1020.7,0,7
2004-10-03,25.6,18.9,31.7,70,0.0,0,3.6,,1021.5,0,5
2004-10-04,25.0,18.9,31.1,77,4.3,0,4.7,,1019.4,0,3
2004-10-05,22.2,17.8,26.7,80,0.0,0,6.8,,1020.6,0,3
2004-10-06,24.4,17.8,30.6,82,2.8,0,5.8,,1018.5,,3
2004-10-07,24.4,20.6,28.3,86,0.0,0,5.4,,1017.4,,6
2004-10-08,23.9,20.0,27.8,81,0.0,0,7.6,,1014.6,,6
2004-10-09,23.9,18.9,28.3,71,0.0,0,12.6,,1012.1,,1
2004-10-10,23.3,18.3,28.3,67,0.0,0,9.7,,1009.6,,5
2004-10-11,21.1,16.1,26.1,68,0.0,0,9.4,,1012.3,0,1
2004-10-12,21.1,15.0,27.2,64,0.0,0,6.8,,1015.2,0,0
2004-10-13,21.7,16.7,26.7,82,6.4,0,4.7,,1011.4,0,5
2004-10-14,16.1,10.0,21.7,60,0.0,0,11.2,,1013.9,0,2
2004-10-15,20.6,10.6,30.0,52,0.0,0,8.3,,1010.7,0,0
2004-10-16,22.2,13.3,30.6,58,0.0,0,4.7,,1010.1,0,0
2004-10-17,26.7,21.1,31.7,73,0.0,0,13.0,,1009.0,0,4
2004-10-18,28.3,24.4,31.7,74,0.0,0,10.8,,1006.3,0,5
2004-10-19,28.9,24.4,33.3,77,0.0,0,9.0,,1008.8,0,4
2004-10-20,27.8,23.9,31.7,78,0.0,0,6.5,,1011.3,0,5
2004-10-21,28.3,23.9,32.8,74,0.0,0,10.1,,1011.6,0,5
2004-10-22,26.1,20.0,32.2,75,13.2,0,14.0,,1010.1,0,6
2004-10-23,23.3,19.4,27.2,89,36.8,0,3.2,,1012.2,0,5
2004-10-24,24.4,20.6,28.3,89,1.8,0,5.8,,1011.5,0,5
2004-10-25,25.6,20.6,30.0,,0.0,0,9.4,,1012.9,0,3
2004-10-26,25.6,20.0,30.6,,0.0,0,7.9,,1014.3,0,5
2004-10-27,26.7,23.3,30.0,81,1.5,0,11.9,,1016.4,,
2004-10-28,26.1,21.7,30.0,79,0.3,0,13.3,,1016.7,,6
2004-10-29,26.1,22.2,30.0,76,0.0,0,11.9,,1013.4,,6
2004-10-30,25.6,21.1,30.0,76,0.0,0,9.7,,1013.1,,2
2004-10-31,25.6,21.7,29.4,78,0.0,0,12.2,,1009.6,,7
2004-11-01,20.0,15.6,23.9,86,39.1,0,7.9,,1007.3,0,5
2004-11-02,13.9,11.7,15.6,,0.0,0,16.6,,1015.8,0,7
2004-11-03,10.6,6.1,15.0,67,0.0,0,13.0,,1019.8,0,4
2004-11-04,14.4,4.4,23.9,63,0.0,0,6.1,,1024.0,0,0
2004-11-05,16.1,8.3,23.3,61,0.0,0,2.9,,1026.9,,0
2004-11-06,17.2,7.2,26.7,59,0.0,0,4.7,,1021.2,,0
2004-11-07,18.3,8.3,27.8,62,0.0,0,3.6,,1019.6,,0
2004-11-08,18.9,11.7,26.1,66,0.0,0,2.9,,1022.6,,0
2004-11-09,18.9,13.3,23.9,71,0.0,0,9.0,,1022.0,,
2004-11-10,20.6,13.3,27.2,75,0.0,0,6.1,,1016.4,,
2004-11-11,15.0,10.0,19.4,63,0.0,0,14.0,,1021.2,,2
2004-11-12,8.9,7.2,10.6,74,0.0,0,9.4,,1023.9,,6
2004-11-13,10.6,10.0,11.1,82,0.5,0,8.6,,1024.3,,8
2004-11-14,11.1,10.0,11.7,94,14.0,0,11.2,,1026.8,,8
2004-11-15,15.6,11.7,19.4,95,10.2,0,7.9,,1026.6,,8
2004-11-16,19.4,16.7,21.7,96,51.8,0,12.2,,1021.9,,8
2004-11-17,16.7,12.8,20.6,92,75.9,0,4.7,,1018.9,,6
2004-11-18,18.9,13.3,24.4,86,0.0,0,2.5,,1018.4,,5
2004-11-19,17.8,13.9,21.7,87,0.0,0,4.7,,1016.2,,6
2004-11-20,17.8,16.1,18.9,,17.5,0,6.1,,1014.3,,8
2004-11-21,18.3,17.2,19.4,,3.8,0,7.6,,1017.6,,8
2004-11-22,17.2,16.1,18.3,,117.1,0,4.7,,1014.4,0,8
2004-11-23,18.9,12.2,25.6,88,19.6,0,7.9,,1005.6,0,5
2004-11-24,10.6,5.6,15.6,64,0.0,0,13.7,,1014.6,0,2
2004-11-25,11.1,3.9,17.8,,0.0,0,6.8,,1019.9,0,1
2004-11-26,16.1,8.3,23.9,82,0.0,0,7.9,,1011.3,0,3
2004-11-27,13.3,6.7,20.0,51,0.0,0,9.7,,1015.4,0,0
2004-11-28,14.4,5.6,22.8,68,0.0,0,10.8,,1014.2,0,3
2004-11-29,18.3,8.9,27.2,,0.0,0,14.0,,1011.9,,7
2004-11-30,7.2,2.2,11.7,73,8.6,0,13.7,,1024.2,0,5
2004-12-01,7.2,-0.6,14.4,66,0.0,0,4.7,,1026.6,0,0
2004-12-02,11.1,4.4,17.8,62,0.0,0,5.0,,1023.5,0,0
2004-12-03,8.9,5.6,12.2,66,0.0,0,1.4,,1022.3,0,5
2004-12-04,12.2,6.1,17.8,75,0.3,0,5.0,,1018.9,0,4
2004-12-05,15.6,12.8,18.3,94,2.8,0,7.6,,1012.5,0,7
2004-12-06,17.8,12.8,22.2,89,2.5,0,7.9,,1010.4,0,4
2004-12-07,15.0,7.8,21.7,55,0.0,0,7.9,,1016.4,0,0
2004-12-08,12.2,7.2,17.2,78,0.0,0,2.2,,1015.6,0,2
2004-12-09,17.8,9.4,25.6,54,0.0,0,9.4,,1011.9,0,0
2004-12-10,15.6,10.0,20.6,44,0.0,0,10.8,,1020.3,0,0
2004-12-11,13.9,6.7,21.1,47,0.0,0,7.6,,1020.6,0,0
2004-12-12,17.2,7.2,26.7,54,0.0,0,5.4,,1014.4,0,0
2004-12-13,10.6,6.1,15.0,38,0.0,0,18.4,,1029.1,0,0
2004-12-14,5.0,-0.6,10.6,40,0.0,0,10.1,,1038.7,0,0
2004-12-15,4.4,-3.9,12.2,58,0.0,0,7.6,,1031.7,0,1
2004-12-16,10.6,7.2,13.9,83,0.0,0,9.4,,1027.9,0,6
2004-12-17,11.1,4.4,17.2,68,0.0,0,5.4,,1028.8,0,3
2004-12-18,11.1,2.8,19.4,59,0.0,0,9.4,,1025.5,0,0
2004-12-19,11.7,5.0,17.8,50,0.0,0,6.8,,1028.4,0,0
2004-12-20,13.3,5.6,20.6,47,0.0,0,12.2,,1018.5,0,0
2004-12-21,16.7,9.4,23.9,64,0.0,0,7.2,,1010.7,0,0
2004-12-22,5.6,0.0,11.1,75,2.8,0,18.4,,1016.1,0,7
2004-12-23,1.1,-4.4,6.1,54,0.0,0,14.8,,1027.7,0,1
2004-12-24,-1.1,-3.3,1.1,46,0.0,0,11.9,,1029.6,0,7
2004-12-25,3.3,-3.9,10.6,51,0.0,0,2.5,,1024.4,0,2
2004-12-26,7.2,-2.8,17.2,52,0.0,0,5.4,,1026.5,,0
2004-12-27,8.9,-0.6,17.8,66,0.0,0,7.2,,1030.0,,2
2004-12-28,15.6,9.4,21.7,73,0.0,0,6.1,,1027.0,,5
2004-12-29,17.2,12.2,21.7,82,0.0,0,7.6,,1024.0,,
2004-12-30,18.3,14.4,21.7,82,0.0,0,9.0,,1019.4,,4
2004-12-31,21.7,17.2,25.6,76,0.0,0,10.8,,1019.2,0,7
2005-01-01,21.1,17.8,23.9,80,0.0,0,11.5,,1019.3,0,7
2005-01-02,20.6,18.3,22.2,93,8.1,0,11.2,,1020.0,0,8
2005-01-03,22.8,20.0,25.0,86,1.8,0,13.3,,1020.2,0,8
2005-01-04,22.8,19.4,25.6,82,0.5,0,15.1,,1016.6,0,7
2005-01-05,12.8,3.9,21.1,85,2.5,0,14.0,,1014.8,0,8
2005-01-06,2.8,1.1,3.9,69,0.0,0,10.8,,1021.5,0,8
2005-01-07,8.3,1.1,15.6,89,1.3,0,1.8,,1018.0,0,5
2005-01-08,10.0,5.0,15.0,80,0.0,0,4.0,,1025.8,0,4
2005-01-09,16.1,11.1,20.6,79,0.0,0,4.3,,1024.4,0,8
2005-01-10,20.6,17.8,22.8,81,0.0,0,12.6,,1019.2,0,4
2005-01-11,21.7,17.2,26.1,75,0.0,0,13.7,,1013.2,0,4
2005-01-12,20.6,18.3,22.2,73,0.0,0,15.1,,1004.2,0,6
2005-01-13,12.8,6.7,18.3,38,0.0,0,16.6,,1017.6,0,0
2005-01-14,8.3,2.2,13.9,45,0.0,0,6.8,,1030.4,0,0
2005-01-15,7.8,1.7,13.3,56,0.0,0,6.5,,1033.0,0,0
2005-01-16,4.4,-1.1,10.0,61,0.0,0,11.5,,1038.0,0,0
2005-01-17,5.6,-1.7,12.2,62,0.0,0,6.8,,1036.1,0,0
2005-01-18,7.8,5.0,10.6,51,0.0,0,7.6,,1034.8,0,6
2005-01-19,13.3,5.6,20.6,69,0.0,0,5.4,,1028.3,0,5
2005-01-20,15.6,7.2,23.3,75,0.0,0,4.0,,1021.0,,1
2005-01-21,15.6,7.2,23.3,71,0.0,0,2.9,,1015.1,0,0
2005-01-22,12.2,5.0,19.4,55,0.0,0,15.1,,1021.2,0,1
2005-01-23,3.3,-1.1,7.8,39,0.0,0,9.4,,1033.3,0,0
2005-01-24,8.3,0.0,16.7,46,0.0,0,6.1,,1027.6,0,0
2005-01-25,16.1,5.6,26.7,56,0.0,0,7.9,,1016.5,0,0
2005-01-26,18.3,11.1,25.0,50,0.0,0,7.6,,1015.0,,0
2005-01-27,11.1,6.1,16.1,79,34.5,0,11.5,,1018.5,0,6
2005-01-28,7.8,6.1,9.4,89,3.3,0,6.8,,1020.3,0,8
2005-01-29,8.9,6.7,11.1,88,0.0,0,5.8,,1021.0,0,8
2005-01-30,7.2,5.6,8.9,91,2.5,0,10.1,,1019.1,0,8
2005-01-31,6.1,5.6,6.7,86,2.5,0,14.0,,1022.0,0,8
2005-02-01,5.6,4.4,6.7,88,10.2,0,14.0,,1022.5,0,8
2005-02-02,5.6,3.9,6.7,76,0.0,0,14.0,,1026.7,0,8
2005-02-03,7.8,2.2,12.8,70,0.0,0,7.2,,1030.9,0,1
2005-02-04,8.3,3.3,13.3,72,0.0,0,3.6,,1029.9,0,1
2005-02-05,10.0,4.4,15.0,74,0.0,0,8.6,,1022.6,0,6
2005-02-06,16.1,11.7,20.6,88,6.6,0,9.4,,1015.3,0,6
2005-02-07,12.8,9.4,15.6,84,5.8,0,5.0,,1018.2,0,6
2005-02-08,11.7,9.4,13.3,87,0.3,0,5.0,,1017.6,0,8
2005-02-09,10.0,6.7,12.8,79,0.0,0,11.5,,1022.0,0,5
2005-02-10,10.0,5.0,14.4,46,0.0,0,6.8,,1030.6,0,1
2005-02-11,10.0,8.3,11.7,63,0.3,0,2.2,,1029.6,0,5
2005-02-12,13.3,8.3,18.3,77,0.5,0,9.7,,1018.7,0,7
2005-02-13,20.6,15.0,25.6,66,4.1,0,10.4,,1010.4,0,4
2005-02-14,18.9,10.6,27.2,47,0.0,0,6.5,,1015.7,0,0
2005-02-15,19.4,11.1,27.8,66,0.0,0,8.6,,1014.4,,1
2005-02-16,16.1,11.7,20.6,63,0.0,0,9.0,,1017.5,0,0
2005-02-17,13.3,9.4,16.7,48,0.0,0,14.4,,1023.5,0,7
2005-02-18,10.6,7.2,13.9,61,1.3,0,6.8,,1025.8,0,8
2005-02-19,15.0,11.1,18.3,84,2.5,0,4.7,,1020.9,0,8
2005-02-20,18.9,16.1,21.7,88,0.0,0,7.9,,1016.2,0,7
2005-02-21,20.6,13.9,26.7,84,0.0,0,7.2,,1016.0,0,
2005-02-22,20.0,16.1,23.9,84,0.0,0,7.9,,,,6
2005-02-23,20.6,16.7,23.9,82,0.0,0,8.3,,1013.5,,6
2005-02-24,13.3,8.3,18.3,82,5.6,0,15.1,,,,8
2005-02-25,10.6,6.7,14.4,69,0.0,0,10.4,,1021.4,,6
2005-02-26,8.3,6.1,10.6,85,19.1,0,6.5,,1018.4,,8
2005-02-27,13.3,6.1,20.6,75,0.0,0,7.6,,1013.6,,4
2005-02-28,13.3,6.7,19.4,66,0.0,0,6.1,,1017.2,0,1
2005-03-01,13.9,7.2,20.0,64,0.0,0,7.9,,1017.6,,1
2005-03-02,10.6,6.7,13.9,90,23.9,0,7.6,,1016.7,,8
2005-03-03,12.2,8.9,15.0,84,0.0,0,7.2,,1019.1,,8
2005-03-04,12.8,10.6,15.0,80,0.0,0,5.4,,1019.7,,8
2005-03-05,16.1,12.8,18.9,84,4.1,0,3.2,,1022.0,,6
2005-03-06,14.4,13.3,15.6,94,9.9,0,5.8,,,,8
2005-03-07,20.0,12.8,26.7,72,1.3,0,8.3,,1011.2,,
2005-03-08,15.0,8.3,21.1,43,0.0,0,8.3,,1016.6,,0
2005-03-09,16.1,9.4,22.8,46,0.0,0,11.9,,1017.2,,2
2005-03-10,16.1,5.0,27.2,46,0.0,0,5.8,,1015.7,,0
2005-03-11,17.8,11.7,23.9,31,0.0,0,8.6,,1019.6,,0
2005-03-12,19.4,11.1,27.8,44,0.0,0,11.2,,1012.1,,0
2005-03-13,21.1,12.2,29.4,53,0.0,0,13.7,,1007.6,,0
2005-03-14,12.8,7.2,18.3,42,0.0,0,12.2,,1015.9,,1
2005-03-15,10.0,7.2,12.8,62,0.3,0,13.7,,1013.4,,7
2005-03-16,9.4,5.6,12.8,66,1.8,0,15.1,,1017.8,,7
2005-03-17,10.6,2.8,18.3,54,0.0,0,7.9,,1018.1,,0
2005-03-18,16.1,7.2,24.4,57,0.0,0,13.7,,1011.0,,0
2005-03-19,18.9,12.2,25.6,75,6.6,0,7.6,,1012.8,,1
2005-03-20,17.8,10.0,25.6,79,0.0,0,7.6,,1012.0,,2
2005-03-21,21.1,16.1,26.1,83,14.2,0,8.6,,1005.6,,4
2005-03-22,18.3,12.2,23.9,42,0.0,0,13.0,,1009.7,,0
2005-03-23,15.6,7.2,23.9,52,0.0,0,9.7,,1013.7,,0
2005-03-24,20.0,12.2,27.2,70,0.0,0,11.2,,1009.6,,4
2005-03-25,21.7,15.0,27.8,74,16.8,0,7.2,,1010.0,,5
2005-03-26,12.2,8.3,16.1,81,15.0,0,13.0,,1010.4,,
2005-03-27,11.7,6.1,16.7,66,1.0,0,15.1,,1016.6,,
2005-03-28,14.4,3.9,25.0,59,0.0,0,8.3,,1013.6,,
2005-03-29,18.9,12.2,25.0,78,0.0,0,14.4,,1005.9,,5
2005-03-30,22.8,15.6,29.4,57,0.0,0,5.0,,1007.0,,
2005-03-31,21.1,12.8,29.4,,14.5,0,5.4,,,,
2005-04-01,,10.0,20.6,,0.0,0,10.8,,,,
2005-04-02,15.6,7.2,23.3,,0.0,0,7.9,,,,
2005-04-03,15.6,6.7,23.9,53,0.0,0,10.1,,1019.2,,
2005-04-04,19.4,13.3,25.0,76,0.0,0,13.7,,1013.7,,
2005-04-05,20.6,14.4,26.7,79,9.4,0,13.7,,1008.3,,6
2005-04-06,17.8,10.0,25.0,56,0.0,0,13.3,,1012.5,,0
2005-04-07,21.1,13.9,27.8,44,0.0,0,13.7,,1015.8,,0
2005-04-08,18.3,9.4,26.7,53,0.0,0,7.9,,1013.1,,
2005-04-09,21.7,13.9,28.9,68,0.0,0,15.5,,1007.0,,2
2005-04-10,23.3,18.3,27.8,77,0.0,0,13.3,,1004.3,,6
2005-04-11,19.4,13.3,25.6,54,0.0,0,13.0,,1008.4,,2
2005-04-12,19.4,10.6,27.8,45,0.0,0,5.0,,1013.2,,0
2005-04-13,21.7,13.3,30.0,41,0.0,0,9.0,,1015.1,,0
2005-04-14,18.9,11.1,26.1,49,0.0,0,6.1,,1018.7,,0
2005-04-15,19.4,13.9,24.4,59,0.0,0,7.2,,1021.1,,0
2005-04-16,18.9,11.7,26.1,68,0.0,0,7.9,,1023.8,,3
2005-04-17,20.0,14.4,25.0,74,0.0,0,9.7,,1023.2,,4
2005-04-18,20.6,17.2,23.3,82,0.8,0,11.5,,,,8
2005-04-19,22.2,18.3,26.1,77,0.0,0,13.7,,1014.1,,8
2005-04-20,23.3,18.9,27.2,82,0.8,0,10.8,,1013.4,,7
2005-04-21,23.3,19.4,26.7,79,0.0,0,6.8,,1013.1,,7
2005-04-22,25.0,18.9,31.1,64,0.0,0,9.4,,1013.6,,3
2005-04-23,18.3,13.3,22.8,32,0.0,0,11.9,,1020.0,,0
2005-04-24,14.4,7.8,21.1,39,0.0,0,7.2,,1017.2,,2
2005-04-25,17.8,12.8,22.2,80,3.3,0,10.1,,1007.7,,6
2005-04-26,20.0,13.9,26.1,50,0.0,0,10.4,,1010.7,,1
2005-04-27,20.6,10.0,31.1,45,0.0,0,10.8,,1015.1,,0
2005-04-28,25.0,17.8,31.7,65,0.0,0,15.1,,1010.9,,2
2005-04-29,25.6,16.7,34.4,63,0.0,0,13.0,,1006.4,,4
2005-04-30,15.6,8.9,22.2,61,4.1,0,15.5,,1017.1,,4
2005-05-01,15.6,7.8,23.3,57,0.0,0,6.8,,1020.5,0,0
2005-05-02,18.9,12.2,25.0,58,0.0,0,6.5,,1019.7,,0
2005-05-03,18.3,12.8,23.9,56,0.0,0,10.4,,1020.6,,3
2005-05-04,19.4,13.3,25.0,67,0.8,0,10.1,,1022.0,,7
2005-05-05,20.6,13.3,27.2,61,0.0,0,7.6,,1022.2,,4
2005-05-06,21.7,15.0,28.3,58,0.0,0,11.9,,1018.6,,1
2005-05-07,22.8,17.8,27.2,71,0.3,0,15.1,,1014.2,,7
2005-05-08,18.3,15.6,20.6,91,37.1,0,9.4,,1012.5,,8
2005-05-09,22.8,15.0,30.0,83,0.0,0,7.2,,1012.4,,4
2005-05-10,25.0,20.0,30.0,76,0.0,0,13.7,,1012.2,,5
2005-05-11,24.4,20.6,28.3,75,0.0,0,15.5,,1012.0,,7
2005-05-12,24.4,20.0,28.3,78,0.0,0,14.8,,1013.8,,7
2005-05-13,25.0,20.0,29.4,69,0.0,0,14.0,,1013.4,,4
2005-05-14,23.9,17.8,29.4,72,1.3,0,6.5,,1014.4,,4
2005-05-15,24.4,18.9,29.4,54,0.0,0,9.0,,1014.9,,1
2005-05-16,20.0,16.1,23.9,60,0.0,0,7.2,,1013.7,,4
2005-05-17,22.2,14.4,29.4,72,0.0,0,10.4,,1010.8,,2
2005-05-18,25.6,20.6,30.0,72,0.0,0,13.0,,1009.8,,5
2005-05-19,26.1,21.7,30.6,71,0.0,0,10.4,,1011.3,,6
2005-05-20,27.2,21.1,33.3,68,0.0,0,4.7,,1012.1,,2
2005-05-21,27.8,19.4,36.1,58,0.0,0,5.4,,1011.2,,0
2005-05-22,28.9,22.2,35.6,53,0.0,0,6.5,,1010.6,,0
2005-05-23,27.2,20.0,33.9,58,0.0,0,10.1,,1009.3,,0
2005-05-24,27.8,21.7,33.9,63,0.0,0,11.2,,1008.0,,2
2005-05-25,28.3,21.7,34.4,63,0.0,0,7.6,,1008.2,,2
2005-05-26,25.6,21.7,28.9,66,0.0,0,7.6,,1013.5,,2
2005-05-27,25.6,18.9,32.2,61,0.0,0,5.8,,1014.6,,1
2005-05-28,25.6,19.4,31.7,72,11.7,0,10.1,,1010.8,,2
2005-05-29,23.9,18.3,29.4,82,27.7,0,6.8,,1008.1,,4
2005-05-30,23.9,18.9,28.9,78,0.8,0,5.4,,1007.9,,3
2005-05-31,26.1,20.6,31.1,72,0.0,0,5.0,,1008.4,,3
2005-06-01,25.0,17.8,31.7,69,22.6,0,7.6,,1008.0,,2
2005-06-02,26.1,19.4,32.2,69,0.0,0,8.3,,1007.6,,0
2005-06-03,26.7,22.2,30.6,77,0.0,0,12.6,,1005.2,,5
2005-06-04,28.9,23.9,33.3,72,0.0,0,14.8,,1006.0,0,5
2005-06-05,28.3,22.8,33.9,69,0.0,0,11.5,,1009.4,0,3
2005-06-06,28.9,23.9,33.3,69,0.0,0,11.2,,1010.8,,4
2005-06-07,29.4,24.4,33.9,71,0.0,0,12.6,,1009.0,,4
2005-06-08,29.4,25.0,33.9,72,0.0,0,14.8,,1008.8,,4
2005-06-09,29.4,25.0,33.3,70,0.0,0,14.0,,1008.6,,5
2005-06-10,28.9,23.9,33.9,66,0.0,0,14.0,,1007.4,,4
2005-06-11,29.4,23.9,34.4,66,0.0,0,12.2,,1006.6,,3
2005-06-12,28.9,23.3,33.9,66,0.0,0,12.2,,1007.1,,3
2005-06-13,28.3,23.3,32.8,73,0.0,0,10.4,,1008.8,,6
2005-06-14,29.4,23.9,35.0,66,0.0,0,6.5,,1012.3,,2
2005-06-15,29.4,22.8,36.1,62,0.0,0,4.7,,1013.2,,0
2005-06-16,29.4,22.8,36.1,56,0.0,0,7.6,,1011.0,,0
2005-06-17,29.4,22.8,36.1,61,0.0,0,10.4,,1007.9,,2
2005-06-18,30.0,23.9,35.6,63,0.0,0,10.1,,1009.3,,2
2005-06-19,29.4,23.3,35.0,62,0.0,0,8.6,,1012.8,,2
2005-06-20,30.0,24.4,35.0,56,0.0,0,7.6,,1016.0,,3
2005-06-21,27.2,19.4,35.0,51,0.0,0,2.2,,1017.6,,1
2005-06-22,27.2,19.4,35.0,52,0.0,0,4.3,,1017.6,,1
2005-06-23,28.9,22.2,35.6,54,0.0,0,7.9,,1015.9,,0
2005-06-24,28.3,21.1,35.0,55,0.0,0,7.6,,1014.5,,0
2005-06-25,27.8,20.6,35.0,56,0.0,0,7.6,,1014.0,,0
2005-06-26,28.9,22.2,35.6,57,0.0,0,6.8,,1014.5,,1
2005-06-27,28.9,22.2,35.6,57,0.0,0,7.9,,1015.1,,0
2005-06-28,29.4,22.8,35.6,55,0.0,0,7.6,,1014.3,,1
2005-06-29,29.4,22.2,36.7,58,0.0,0,7.2,,1012.8,,1
2005-06-30,31.1,24.4,37.8,59,0.0,0,9.0,,1011.9,,2
2005-07-01,31.7,24.4,38.3,56,0.0,0,9.0,,1010.7,,0
2005-07-02,31.7,24.4,38.9,55,0.0,0,7.6,,1009.9,,1
2005-07-03,31.7,25.0,38.3,58,0.0,0,13.3,,1009.7,,1
2005-07-04,31.7,25.0,38.3,59,0.0,0,14.8,,1011.7,,2
2005-07-05,30.6,23.9,37.2,58,0.0,0,4.0,,1014.0,,2
2005-07-06,32.2,23.9,40.0,48,0.0,0,4.3,,1012.1,,0
2005-07-07,30.6,21.1,40.0,55,6.4,0,6.1,,1011.5,,1
2005-07-08,27.8,20.6,35.0,65,0.0,0,6.5,,1013.6,,2
2005-07-09,29.4,22.8,36.1,58,0.0,0,6.5,,1012.2,,1
2005-07-10,30.0,22.8,36.7,55,0.0,0,5.8,,1010.5,,0
2005-07-11,31.1,23.3,38.3,59,5.8,0,5.8,,1010.7,,1
2005-07-12,30.6,23.9,37.2,59,0.0,0,7.6,,1014.8,,1
2005-07-13,31.7,24.4,38.3,63,0.0,0,6.8,,1014.5,,1
2005-07-14,30.6,22.2,38.3,75,24.4,0,4.7,,1011.6,,3
2005-07-15,26.7,21.1,31.7,80,1.8,0,3.2,,1012.0,,3
2005-07-16,26.7,22.8,30.6,78,2.0,0,7.2,,1014.3,,2
2005-07-17,26.7,22.8,30.0,86,9.7,0,6.8,,1014.9,,4
2005-07-18,29.4,23.9,35.0,75,0.0,0,9.4,,1014.8,,3
2005-07-19,29.4,23.9,35.0,69,1.0,0,7.9,,1014.6,,1
2005-07-20,28.3,24.4,31.7,77,2.5,0,6.1,,1015.9,,2
2005-07-21,29.4,24.4,34.4,71,0.0,0,4.3,,1017.8,,3
2005-07-22,30.0,23.9,36.1,68,0.3,0,5.8,,1017.8,,2
2005-07-23,30.0,23.9,35.6,69,0.0,0,5.8,,1017.2,,4
2005-07-24,29.4,23.9,35.0,74,10.2,0,6.5,,1016.8,,3
2005-07-25,28.9,23.3,34.4,67,0.0,0,10.8,,1015.1,,1
2005-07-26,29.4,23.9,34.4,68,0.0,0,11.2,,1013.1,,3
2005-07-27,29.4,23.3,35.0,69,3.8,0,5.8,,1014.6,,3
2005-07-28,27.8,21.7,33.9,77,1.5,0,3.6,,1017.3,,4
2005-07-29,28.3,23.9,32.2,76,0.5,0,2.9,,1018.4,,
2005-07-30,28.9,22.2,35.6,66,0.0,0,3.6,,1018.2,,2
2005-07-31,28.9,21.1,36.7,48,0.0,0,4.3,,1016.6,,1
2005-08-01,27.7,22.2,36.7,56,0.8,0,4.7,,1015.5,,2
2005-08-02,29.4,22.8,36.7,59,0.0,0,5.0,,1014.3,,1
2005-08-03,30.1,23.9,36.7,58,0.0,0,6.5,,1013.2,,0
2005-08-04,28.7,23.9,36.7,66,0.0,0,7.6,,1015.0,,2
2005-08-05,25.0,20.0,32.2,78,30.7,0,5.0,,1018.3,,3
2005-08-06,28.0,22.2,35.6,63,0.0,0,3.2,,1016.9,,1
2005-08-07,28.8,23.9,35.0,62,0.0,0,5.0,,1015.4,,2
2005-08-08,27.4,22.2,35.6,72,4.1,0,7.2,,1015.0,,3
2005-08-09,25.8,22.2,31.7,78,4.1,0,7.6,,1015.1,,4
2005-08-10,24.7,21.1,26.7,84,22.1,0,6.1,,1014.6,,4
2005-08-11,27.7,22.8,34.4,70,0.0,0,10.8,,1014.5,,2
2005-08-12,28.8,24.4,35.6,69,0.0,0,13.7,,1013.5,,3
2005-08-13,28.8,25.0,34.4,68,0.0,0,12.2,,1012.1,,4
2005-08-14,29.3,26.1,36.1,68,0.0,0,14.8,,1012.4,,3
2005-08-15,28.3,25.0,34.4,73,0.3,0,9.4,,1016.0,,3
2005-08-16,28.3,23.9,35.6,71,0.0,0,8.3,,1017.0,,3
2005-08-17,29.3,24.4,36.1,66,0.0,0,8.3,,1014.2,,2
2005-08-18,29.9,24.4,37.2,63,0.0,0,11.2,,1012.5,,
2005-08-19,29.0,25.0,36.7,67,0.0,0,9.7,,1014.1,,3
2005-08-20,29.9,24.4,37.2,62,0.0,0,9.0,,1016.7,,3
2005-08-21,30.2,23.9,37.8,57,0.0,0,5.8,,1016.6,,1
2005-08-22,30.8,23.9,38.3,55,0.0,0,6.5,,1012.9,,0
2005-08-23,31.2,24.4,38.3,54,0.0,0,6.5,,1010.5,,0
2005-08-24,30.4,24.4,37.2,59,0.0,0,6.8,,1011.6,,1
2005-08-25,30.5,24.4,37.2,60,0.0,0,7.6,,1014.2,,1
2005-08-26,31.1,25.0,38.3,58,0.0,0,6.1,,1012.2,,0
2005-08-27,31.8,25.0,38.9,54,0.0,0,6.1,,1009.0,,0
2005-08-28,28.4,23.3,34.4,61,0.0,0,9.0,,1007.5,,1
2005-08-29,29.5,24.4,35.6,56,0.0,0,10.4,,1005.3,,2
2005-08-30,29.5,22.2,36.7,49,0.0,0,4.7,,1007.6,,1
2005-08-31,30.7,23.3,38.9,49,0.0,0,4.7,,1009.4,,1
2005-09-01,30.5,23.9,37.2,54,0.0,0,6.1,,1013.4,,0
2005-09-02,28.1,23.9,33.9,65,0.5,0,4.7,,1016.6,,3
2005-09-03,27.4,21.1,35.6,64,0.0,0,5.0,,1018.1,,1
2005-09-04,28.3,23.3,35.0,60,0.0,0,4.7,,1017.2,,2
2005-09-05,28.8,21.1,36.7,47,0.0,0,5.0,,1016.8,,0
2005-09-06,28.1,21.1,35.0,56,0.0,0,6.5,,1018.0,,2
2005-09-07,27.6,20.6,33.9,51,0.0,0,5.0,,1019.1,,1
2005-09-08,27.2,20.6,34.4,46,0.0,0,4.7,,1017.5,,1
2005-09-09,28.2,21.1,35.0,54,0.0,0,7.6,,1015.3,,1
2005-09-10,26.4,22.2,33.3,73,0.0,0,8.3,,1014.4,,2
2005-09-11,23.8,22.8,24.4,93,20.6,0,5.8,,1016.5,,6
2005-09-12,25.2,22.2,32.8,84,15.5,0,5.4,,1016.2,,4
2005-09-13,27.4,22.8,33.9,74,0.0,0,9.7,,1013.4,,3
2005-09-14,28.5,23.3,35.0,67,0.0,0,13.7,,1012.2,,2
2005-09-15,29.4,25.0,35.6,66,0.0,0,13.0,,1013.0,,5
2005-09-16,28.5,25.0,35.0,72,0.0,0,7.2,,1016.2,,4
2005-09-17,29.0,23.3,36.1,65,0.0,0,9.0,,1014.6,,0
2005-09-18,29.4,23.3,36.1,62,0.0,0,10.4,,1014.0,,1
2005-09-19,29.3,23.9,36.1,63,0.0,0,7.9,,1017.3,,2
2005-09-20,28.3,22.8,36.1,63,0.0,0,2.2,,,,1
2005-09-21,29.6,23.3,37.2,53,0.0,0,4.3,,1015.4,,1
2005-09-22,30.1,22.8,38.3,47,0.0,0,4.7,,1010.3,,1
2005-09-23,30.6,22.2,36.7,44,0.0,0,13.0,,1007.4,,1
2005-09-24,31.0,26.1,37.2,46,0.0,0,13.3,,1003.2,,2
2005-09-25,30.9,21.1,41.7,46,0.0,0,5.0,,1008.0,,0
2005-09-26,32.2,24.4,41.7,53,0.0,0,5.4,,1011.6,,0
2005-09-27,31.1,23.9,39.4,50,0.0,0,5.4,,1013.1,,0
2005-09-28,31.6,22.8,41.1,50,0.0,0,4.3,,1010.2,,0
2005-09-29,24.2,21.1,29.4,61,0.0,0,12.6,,1016.5,,6
2005-09-30,25.2,21.1,31.1,63,0.0,0,7.9,,1014.5,,5
2005-10-01,28.1,23.3,35.0,64,0.0,0,11.2,,1012.8,,3
2005-10-02,27.6,22.8,35.0,68,0.0,0,10.1,,1014.7,,4
2005-10-03,28.0,24.4,35.0,69,0.0,0,9.0,,1015.6,,4
2005-10-04,26.7,23.9,32.8,74,0.3,0,5.8,,1014.6,,4
2005-10-05,27.3,22.8,34.4,68,0.0,0,5.8,,1012.9,,4
2005-10-06,22.3,12.2,25.6,65,0.0,0,13.7,,1015.6,,2
2005-10-07,12.4,11.1,14.4,75,2.8,0,12.2,,1018.3,,8
2005-10-08,18.7,12.2,26.7,52,0.0,0,6.1,,1014.0,,3
2005-10-09,20.1,11.7,28.9,49,0.0,0,8.6,,1010.3,,0
2005-10-10,18.8,15.6,21.1,86,29.0,0,6.1,,1010.3,,8
2005-10-11,19.9,18.3,23.3,90,1.8,0,4.7,,1014.0,,6
2005-10-12,,17.2,31.1,,0.0,0,5.4,,,,
2005-10-13,23.9,19.4,29.4,60,0.0,0,7.6,,1017.6,,2
2005-10-14,23.6,18.3,30.0,54,0.0,0,5.8,,1020.6,,2
2005-10-15,22.5,16.1,30.6,54,0.0,0,3.2,,1018.7,,0
2005-10-16,21.9,15.0,29.4,57,0.0,0,2.2,,1017.6,,0
2005-10-17,23.0,15.6,31.1,54,0.0,0,2.5,,1016.9,,0
2005-10-18,23.7,15.6,32.2,55,0.0,0,5.8,,1015.0,,0
2005-10-19,24.1,16.7,32.2,62,0.0,0,7.9,,1013.2,,0
2005-10-20,25.1,19.4,33.3,62,0.0,0,6.1,,1011.5,,0
2005-10-21,23.1,17.2,29.4,43,0.0,0,9.0,,1015.3,,0
2005-10-22,19.3,13.3,26.7,54,0.0,0,6.1,,1015.8,,0
2005-10-23,16.6,10.0,25.0,54,0.0,0,12.2,,1016.5,,2
2005-10-24,12.2,6.1,19.4,40,0.0,0,9.0,,1025.9,,2
2005-10-25,13.2,6.1,22.8,44,0.0,0,3.6,,1022.8,,0
2005-10-26,15.3,5.6,25.0,44,0.0,0,6.1,,1017.7,,0
2005-10-27,17.9,12.8,25.6,50,0.0,0,7.6,,1019.4,,2
2005-10-28,16.9,10.0,23.9,44,0.0,0,6.1,,1024.9,,0
2005-10-29,17.3,10.0,25.0,50,0.0,0,6.5,,1024.7,,4
2005-10-30,20.1,13.3,27.8,68,0.0,0,8.6,,1022.4,,6
2005-10-31,18.7,11.1,27.8,75,11.4,0,10.8,,1020.6,,5
2005-11-01,14.3,7.8,23.3,52,0.0,0,7.6,,1026.0,,0
2005-11-02,15.7,6.1,26.1,47,0.0,0,6.1,,1024.8,,0
2005-11-03,17.8,9.4,27.2,59,0.0,0,8.6,,1020.4,,0
2005-11-04,20.4,15.0,27.8,67,0.0,0,10.4,,1013.9,,0
2005-11-05,23.6,17.8,30.6,64,0.0,0,11.5,,1010.5,,2
2005-11-06,23.9,18.3,30.6,71,0.0,0,6.1,,1015.6,,3
2005-11-07,25.0,21.7,31.1,72,0.0,0,11.2,,1018.7,,5
2005-11-08,25.1,21.1,31.1,73,0.0,0,10.8,,1018.0,,5
2005-11-09,24.6,21.1,30.0,71,0.0,0,7.6,,1018.3,,6
2005-11-10,21.2,15.0,27.8,46,0.0,0,6.1,,1021.6,,2
2005-11-11,21.2,14.4,27.8,64,0.0,0,7.2,,1017.6,,5
2005-11-12,23.4,21.1,26.7,74,0.0,0,9.7,,1012.7,,7
2005-11-13,25.1,21.1,30.6,68,0.0,0,5.8,,1016.7,,6
2005-11-14,23.1,17.8,28.9,64,0.0,0,8.3,,1014.6,,5
2005-11-15,19.3,10.0,25.6,57,0.0,0,17.6,,1015.5,,6
2005-11-16,9.0,3.9,14.4,28,0.0,0,13.0,,1033.5,,0
2005-11-17,8.3,-0.6,15.6,37,0.0,0,6.5,,1032.0,,0
2005-11-18,11.5,8.9,16.1,35,0.0,0,6.1,,1028.4,,8
2005-11-19,13.2,9.4,20.0,40,0.0,0,5.4,,1021.4,,5
2005-11-20,13.3,8.3,19.4,43,0.0,0,11.5,,1023.1,,1
2005-11-21,11.8,3.9,20.6,47,0.0,0,4.7,,1022.0,,0
2005-11-22,14.7,7.8,25.0,41,0.0,0,6.5,,1020.3,,0
2005-11-23,17.5,7.8,30.6,34,0.0,0,6.1,,1014.6,,0
2005-11-24,18.2,8.9,28.3,40,0.0,0,5.0,,1011.3,,0
2005-11-25,19.4,13.9,26.7,75,0.0,0,7.2,,1013.6,,
2005-11-26,17.0,13.9,21.7,86,8.4,0,7.9,,,,4
2005-11-27,19.9,14.4,28.9,62,0.0,0,15.1,,1000.5,,4
2005-11-28,12.3,3.9,17.8,27,0.0,0,9.7,,1010.7,,0
2005-11-29,8.5,1.1,15.6,44,0.0,0,3.6,,1021.2,,0
2005-11-30,12.2,1.1,22.2,59,0.0,0,7.6,,1017.6,,1
2005-12-01,12.9,5.0,17.8,42,0.0,0,10.4,,1020.5,,1
2005-12-02,12.4,2.2,23.3,58,0.0,0,7.2,,1016.7,,1
2005-12-03,20.6,14.4,27.8,73,0.0,0,9.0,,1009.9,,2
2005-12-04,12.4,6.1,21.7,51,0.0,0,13.7,,1015.6,,6
2005-12-05,6.3,0.6,13.3,44,0.0,0,9.7,,1025.0,,0
2005-12-06,6.6,-2.8,15.6,51,0.0,0,6.1,,1023.2,,1
2005-12-07,3.4,-3.9,10.6,81,2.0,0,15.5,,1024.3,,8
2005-12-08,-2.3,-5.0,2.2,66,0.0,0,15.5,,1033.2,,5
2005-12-09,1.6,-2.8,6.1,46,0.0,0,7.2,,1031.1,,7
2005-12-10,11.3,5.6,22.2,42,0.0,0,3.6,,1021.9,,4
2005-12-11,10.2,3.9,18.3,41,0.0,0,3.6,,1023.6,,0
2005-12-12,13.4,6.7,21.7,40,0.0,0,2.2,,1019.9,,0
2005-12-13,14.0,5.0,21.7,64,0.0,0,7.2,,1016.4,,4
2005-12-14,14.7,7.2,19.4,73,0.0,0,10.8,,1012.4,,5
2005-12-15,8.9,3.3,15.0,37,0.0,0,8.6,,1020.9,,0
2005-12-16,6.5,3.3,9.4,48,0.0,0,5.8,,1021.4,,6
2005-12-17,6.5,3.9,8.9,70,0.3,0,5.4,,1024.5,,7
2005-12-18,8.6,4.4,12.8,69,0.0,0,4.7,,1031.4,,6
2005-12-19,8.8,2.8,13.3,52,0.0,0,6.1,,1031.7,,6
2005-12-20,9.2,7.8,11.1,54,0.0,0,4.0,,1028.0,,8
2005-12-21,7.4,0.6,14.4,62,0.0,0,3.2,,1029.0,,1
2005-12-22,9.0,0.6,17.8,63,0.0,0,6.1,,1025.0,,0
2005-12-23,13.5,3.9,23.3,62,0.0,0,8.6,,1015.4,,0
2005-12-24,16.2,10.0,22.8,42,0.0,0,14.0,,1014.5,,0
2005-12-25,14.1,7.8,23.3,30,0.0,0,7.9,,1017.8,,0
2005-12-26,16.2,5.0,26.7,39,0.0,0,8.3,,1015.5,,0
2005-12-27,17.5,12.2,25.0,67,0.0,0,8.3,,1011.6,,1
2005-12-28,15.5,8.3,23.3,35,0.0,0,7.6,,1013.2,,0
2005-12-29,14.6,5.6,23.3,49,0.0,0,6.8,,1010.6,,0
2005-12-30,17.1,7.2,23.3,53,0.0,0,6.5,,1010.1,,3
2005-12-31,14.3,2.8,25.0,52,0.0,0,6.8,,1011.1,,0
2006-01-01,21.9,17.2,29.4,62,0.0,0,11.2,,1006.2,,3
2006-01-02,18.5,9.4,25.6,21,0.0,0,8.3,,1014.2,,0
2006-01-03,17.3,6.1,30.0,38,0.0,0,5.8,,1017.0,,0
2006-01-04,16.6,8.9,25.6,39,0.0,0,6.1,,1018.8,,0
2006-01-05,14.2,8.9,20.6,31,0.0,0,14.8,,1025.6,,0
2006-01-06,11.1,5.0,18.9,32,0.0,0,7.9,,1027.2,,0
2006-01-07,14.4,1.7,26.1,30,0.0,0,7.9,,1019.2,,0
2006-01-08,17.4,11.1,25.6,43,0.0,0,12.6,,1013.4,,0
2006-01-09,18.2,11.7,26.7,62,0.0,0,11.9,,1017.1,,3
2006-01-10,10.0,3.9,17.2,43,0.0,0,7.9,,1025.2,,
2006-01-11,12.6,3.3,23.9,42,0.0,0,8.3,,1018.7,,0
2006-01-12,18.5,11.7,25.0,72,0.0,0,11.9,,1011.1,,4
2006-01-13,13.7,7.8,18.9,32,0.0,0,16.6,,1023.1,,0
2006-01-14,11.6,3.3,20.6,26,0.0,0,8.3,,1025.8,,0
2006-01-15,16.1,10.0,22.2,51,0.0,0,11.9,,1014.6,,0
2006-01-16,16.6,11.7,20.0,70,0.3,0,9.4,,1006.4,,5
2006-01-17,10.3,2.8,15.0,35,0.0,0,15.1,,1018.7,,0
2006-01-18,12.6,2.2,22.8,33,0.0,0,10.8,,1021.3,,0
2006-01-19,17.4,12.2,25.0,62,0.0,0,17.3,,1015.7,,1
2006-01-20,18.1,11.1,25.6,59,0.0,0,10.8,,1015.0,,3
2006-01-21,11.3,6.1,15.6,42,0.0,0,12.6,,1023.9,,5
2006-01-22,8.6,7.8,9.4,90,11.9,0,10.8,,1020.8,,8
2006-01-23,10.7,5.0,17.8,65,0.0,0,9.0,,1023.6,,2
2006-01-24,11.4,3.3,21.7,52,0.0,0,5.8,,1026.6,,0
2006-01-25,13.5,5.6,21.7,41,0.0,0,5.8,,1030.4,,0
2006-01-26,13.2,10.6,16.7,43,0.0,0,7.2,,1028.3,,5
2006-01-27,14.5,10.6,21.7,74,0.0,0,12.2,,1023.8,,8
2006-01-28,17.3,11.7,20.6,85,33.5,0,10.4,,,,5
2006-01-29,16.0,3.9,26.7,41,0.0,0,7.2,,1012.9,,0
2006-01-30,14.8,7.2,21.1,30,0.0,0,9.4,,1016.2,,0
2006-01-31,13.3,2.8,23.3,47,0.0,0,10.1,,1016.6,,0
2006-02-01,15.8,13.9,19.4,87,3.0,0,4.7,,1007.2,,8
2006-02-02,15.7,9.4,23.9,61,0.0,0,7.6,,1003.9,,
2006-02-03,13.6,7.2,18.3,52,0.0,0,9.7,,1010.2,,1
2006-02-04,12.5,5.6,21.7,38,0.0,0,10.1,,1019.9,,0
2006-02-05,14.9,3.9,26.1,48,0.0,0,11.2,,1012.3,,0
2006-02-06,13.4,7.8,18.3,38,0.0,0,14.8,,1020.9,,0
2006-02-07,10.7,3.3,19.4,38,0.0,0,4.7,,1028.3,,0
2006-02-08,13.5,5.0,23.3,32,0.0,0,5.4,,1024.1,,0
2006-02-09,14.3,3.9,21.7,47,0.0,0,9.0,,1022.0,,1
2006-02-10,12.2,6.7,15.6,76,3.8,0,11.2,,1017.3,,8
2006-02-11,6.6,2.2,11.1,35,0.0,0,14.8,,1030.4,,0
2006-02-12,8.5,-1.7,19.4,30,0.0,0,13.3,,1029.6,,0
2006-02-13,10.0,-0.6,18.3,29,0.0,0,7.6,,1026.9,,0
2006-02-14,14.3,3.9,25.0,49,0.0,0,11.2,,1016.8,,0
2006-02-15,18.7,13.3,25.6,72,0.0,0,14.0,,1012.8,,5
2006-02-16,22.4,19.4,27.8,66,0.0,0,15.5,,1012.0,,5
2006-02-17,7.6,3.9,20.6,54,0.8,0,16.9,,1025.2,,8
2006-02-18,1.4,-2.2,3.9,77,0.3,0,16.6,,1029.9,,8
2006-02-19,-0.1,-2.2,2.8,86,0.3,0,8.3,,1028.8,,8
2006-02-20,3.9,1.1,6.1,90,0.3,0,4.0,,,,8
2006-02-21,8.7,5.6,12.2,94,0.3,0,3.2,,1016.3,,8
2006-02-22,14.8,11.1,20.6,91,0.0,0,4.3,,1012.6,,
2006-02-23,13.1,7.8,20.6,58,0.0,0,11.9,,1021.3,,2
2006-02-24,12.3,9.4,16.1,60,0.0,0,6.1,,1020.7,,6
2006-02-25,12.8,11.1,15.6,89,14.0,0,7.9,,1019.7,,8
2006-02-26,13.1,8.3,20.0,64,0.0,0,6.8,,1030.2,,1
2006-02-27,15.0,6.1,24.4,62,0.0,0,11.2,,1022.1,,1
2006-02-28,20.0,12.2,28.3,62,0.0,0,11.9,,1015.2,,1
2006-03-01,21.6,13.9,30.6,64,0.0,0,10.4,,1012.6,,1
2006-03-02,22.1,13.9,30.6,62,0.0,0,6.8,,1013.6,,0
2006-03-03,20.4,16.7,25.6,54,0.0,0,7.9,,1020.3,,6
2006-03-04,18.3,12.2,24.4,57,0.0,0,10.8,,1021.2,,3
2006-03-05,21.4,17.8,26.7,71,0.0,0,9.7,,1020.4,,6
2006-03-06,21.8,17.8,27.8,72,0.0,0,7.9,,1020.5,,3
2006-03-07,21.5,18.3,26.1,72,0.0,0,14.8,,1016.4,,6
2006-03-08,22.9,18.9,30.6,65,0.0,0,17.3,,1006.3,,6
2006-03-09,20.4,11.7,26.1,39,7.4,0,13.0,,1001.6,,2
2006-03-10,20.7,9.4,32.8,44,0.0,0,9.4,,1003.0,,0
2006-03-11,24.6,20.6,31.7,66,0.0,0,13.7,,1006.0,,6
2006-03-12,24.9,21.1,31.7,68,0.0,0,17.3,,1007.6,,6
2006-03-13,20.5,14.4,25.0,32,0.3,0,14.0,,1013.8,,5
2006-03-14,15.5,9.4,22.8,28,0.0,0,9.7,,1023.5,,0
2006-03-15,17.8,7.8,22.8,42,0.3,0,10.1,,1021.2,,6
2006-03-16,,15.6,26.1,,0.0,0,5.0,,,,6
2006-03-17,17.7,15.6,19.4,38,0.0,0,8.6,,1020.0,,7
2006-03-18,17.1,13.3,20.0,78,5.8,0,9.4,,1013.7,,8
2006-03-19,18.3,12.8,23.9,88,13.5,0,10.4,,1006.6,,8
2006-03-20,18.4,10.0,25.0,52,74.4,0,11.9,,1004.8,,3
2006-03-21,12.9,6.7,20.0,38,0.0,0,11.5,,1017.9,,0
2006-03-22,9.8,5.0,13.3,59,0.0,0,12.2,,1022.6,,4
2006-03-23,7.7,4.4,13.9,63,4.3,0,16.9,,1029.8,,5
2006-03-24,8.7,1.1,17.2,48,0.0,0,7.6,,1029.8,,0
2006-03-25,12.3,1.7,22.2,46,0.0,0,5.8,,1024.0,,0
2006-03-26,15.6,5.6,24.4,52,0.0,0,13.7,,1019.0,,3
2006-03-27,18.0,16.7,20.0,82,2.5,0,8.3,,1018.3,,8
2006-03-28,16.8,13.9,18.9,88,82.8,0,7.2,,1020.4,,6
2006-03-29,18.9,13.9,26.1,80,0.3,0,8.6,,1017.3,,5
2006-03-30,22.5,18.9,28.9,70,0.0,0,15.8,,1012.7,,8
2006-03-31,23.4,20.6,27.8,73,0.0,0,10.8,,1015.3,,7
2006-04-01,24.8,21.7,31.1,69,0.0,0,15.5,,1014.3,,6
2006-04-02,25.6,21.1,32.2,66,0.0,0,9.4,,1013.0,,5
2006-04-03,23.7,18.3,29.4,62,0.0,0,7.6,,1017.2,,1
2006-04-04,23.6,17.8,30.0,50,0.0,0,11.2,,1018.0,,3
2006-04-05,24.1,20.6,30.6,62,0.0,0,15.8,,1012.0,,4
2006-04-06,24.1,20.0,31.1,66,0.0,0,13.7,,1004.9,,5
2006-04-07,26.4,17.8,33.9,45,0.0,0,13.0,,1005.2,,
2006-04-08,18.2,11.7,24.4,41,0.0,0,13.0,,1017.6,,0
2006-04-09,19.2,10.0,27.8,49,0.0,0,5.8,,1018.9,,0
2006-04-10,20.7,13.3,28.3,54,0.0,0,11.9,,1016.3,,0
2006-04-11,21.3,15.0,28.9,60,0.0,0,12.6,,1017.3,,2
2006-04-12,22.6,18.3,29.4,68,0.0,0,10.1,,1020.9,,4
2006-04-13,24.3,19.4,30.6,60,0.0,0,11.2,,1020.7,,4
2006-04-14,23.1,15.6,31.7,60,0.0,0,13.0,,1015.1,,2
2006-04-15,24.9,20.6,32.2,60,0.0,0,17.6,,1008.2,,3
2006-04-16,26.4,19.4,35.0,61,0.0,0,11.2,,1006.7,,1
2006-04-17,28.2,22.2,37.2,60,0.0,0,11.9,,1006.2,,3
2006-04-18,26.9,20.6,36.7,65,3.8,0,10.8,,1005.7,,4
2006-04-19,26.4,21.1,32.8,66,0.0,0,9.7,,1007.8,,3
2006-04-20,21.6,17.2,25.6,76,13.2,0,10.1,,1010.2,,5
2006-04-21,21.5,17.2,28.9,73,35.3,0,7.2,,1013.9,,3
2006-04-22,23.3,15.6,31.1,64,0.0,0,6.8,,1016.0,,0
2006-04-23,24.7,20.0,31.1,70,0.0,0,12.6,,1013.8,,2
2006-04-24,24.3,21.1,28.9,76,0.0,0,11.5,,1010.2,,6
2006-04-25,22.6,16.1,26.7,71,0.0,0,9.4,,1011.0,,6
2006-04-26,18.5,14.4,23.9,55,0.0,0,12.2,,1017.0,,4
2006-04-27,19.0,13.3,25.0,67,0.0,0,7.9,,1016.8,,3
2006-04-28,23.4,18.9,30.6,74,0.5,0,14.8,,1009.2,,6
2006-04-29,21.8,15.6,27.8,62,20.6,0,10.8,,1008.2,,3
2006-04-30,22.4,11.1,31.1,47,0.0,0,8.6,,1013.3,,0
2006-05-01,24.4,17.2,32.2,61,0.0,0,13.0,,1013.1,,2
2006-05-02,24.9,20.0,31.1,74,0.8,0,12.2,,1013.7,,6
2006-05-03,25.8,21.7,32.2,66,0.3,0,14.0,,1013.2,,3
2006-05-04,25.4,16.1,31.1,70,68.1,0,10.4,,1012.2,,6
2006-05-05,23.8,17.8,30.0,64,0.8,0,10.8,,1012.0,,2
2006-05-06,21.5,16.7,28.3,80,51.1,0,7.2,,1009.1,,6
2006-05-07,22.3,19.4,27.2,80,0.0,0,7.2,,1011.7,,6
2006-05-08,22.4,16.1,28.9,80,10.4,0,4.7,,1009.7,,4
2006-05-09,27.8,23.3,33.9,74,0.0,0,10.4,,1005.1,,3
2006-05-10,26.9,18.9,32.2,65,0.0,0,14.8,,1007.1,,3
2006-05-11,21.1,13.3,28.3,42,0.0,0,7.9,,1019.3,,0
2006-05-12,21.3,11.1,29.4,46,0.0,0,7.9,,1015.1,,0
2006-05-13,24.9,17.2,32.8,60,0.0,0,11.9,,1010.3,,0
2006-05-14,23.0,18.3,26.7,78,0.3,0,8.6,,1011.6,,3
2006-05-15,21.5,16.7,26.7,54,0.0,0,11.5,,1019.7,,0
2006-05-16,22.0,13.3,29.4,46,0.0,0,9.4,,1018.2,,0
2006-05-17,23.2,13.9,31.7,44,0.0,0,5.0,,1015.1,,0
2006-05-18,24.4,13.9,33.9,45,0.0,0,3.2,,1013.5,,0
2006-05-19,26.9,18.3,35.6,48,0.0,0,9.4,,1011.5,,0
2006-05-20,26.4,20.0,33.9,59,0.0,0,12.2,,1011.4,,1
2006-05-21,25.9,19.4,32.8,58,0.0,0,11.5,,1011.5,,1
2006-05-22,26.8,21.1,32.8,60,0.0,0,10.1,,,,3
2006-05-23,27.1,21.7,33.3,62,0.0,0,11.2,,,,3
2006-05-24,27.4,22.8,33.3,63,0.0,0,12.2,,1014.4,,4
2006-05-25,28.1,23.9,33.9,61,0.0,0,13.7,,1011.9,,4
2006-05-26,28.0,23.3,35.0,60,0.0,0,16.2,,1009.0,,4
2006-05-27,28.2,23.3,35.6,61,0.0,0,16.2,,1008.3,,4
2006-05-28,26.0,20.0,31.7,67,1.5,0,11.9,,1010.7,,2
2006-05-29,25.1,22.2,33.9,71,0.0,0,10.8,,1012.9,,4
2006-05-30,25.5,21.7,31.7,69,0.0,0,8.6,,1014.0,,5
2006-05-31,22.9,20.0,26.1,77,1.0,0,7.9,,1016.1,,4
2006-06-01,22.1,20.0,27.8,86,12.2,0,5.0,,1016.8,,6
2006-06-02,25.5,19.4,32.2,68,0.0,0,4.0,,1015.7,,1
2006-06-03,27.2,20.6,34.4,58,0.0,0,3.6,,1014.0,,0
2006-06-04,28.5,21.7,35.0,56,0.0,0,8.3,,1011.4,,0
2006-06-05,28.2,21.1,35.0,56,0.0,0,10.1,,1011.2,,0
2006-06-06,28.1,20.6,35.6,55,0.0,0,9.4,,1011.7,,0
2006-06-07,28.8,21.7,36.7,58,0.0,0,7.2,,1012.4,,1
2006-06-08,29.5,22.2,36.7,52,0.0,0,5.4,,1013.5,,
2006-06-09,29.6,22.2,36.1,49,0.0,0,5.8,,1012.8,,1
2006-06-10,29.2,22.2,36.1,46,0.0,0,9.4,,1009.5,,0
2006-06-11,28.8,22.2,35.6,57,0.0,0,11.2,,1008.5,,2
2006-06-12,29.4,23.3,36.7,51,0.0,0,6.8,,1012.2,,2
2006-06-13,31.3,23.9,38.3,38,0.0,0,6.1,,1013.3,,0
2006-06-14,30.0,25.0,36.1,43,0.0,0,8.3,,1013.1,,0
2006-06-15,29.6,24.4,37.2,56,0.0,0,15.8,,1012.0,,4
2006-06-16,28.8,24.4,34.4,64,0.0,0,17.3,,1010.4,,5
2006-06-17,26.9,20.0,32.8,74,30.5,0,11.9,,1011.2,,5
2006-06-18,26.7,19.4,35.0,67,19.3,0,3.6,,1013.7,,2
2006-06-19,27.7,21.1,34.4,65,0.0,0,6.8,,1013.9,,1
2006-06-20,25.2,23.3,31.1,79,8.6,0,9.7,,1014.2,,5
2006-06-21,26.8,23.9,32.2,73,4.8,0,10.8,,1014.5,,4
2006-06-22,28.0,24.4,34.4,69,0.0,0,11.9,,1016.8,,4
2006-06-23,28.7,22.8,35.0,66,0.0,0,5.4,,1016.7,,2
2006-06-24,26.6,22.2,31.1,73,5.3,0,4.7,,1016.4,,1
2006-06-25,28.6,22.2,35.0,60,0.0,0,8.3,,1015.9,,1
2006-06-26,28.4,23.3,33.9,40,0.0,0,10.8,,1015.9,,0
2006-06-27,26.2,17.8,32.2,42,0.0,0,5.0,,1018.3,,0
2006-06-28,26.1,17.2,33.9,44,0.0,0,5.4,,1019.6,,0
2006-06-29,27.5,20.0,33.3,52,0.0,0,5.0,,1019.3,,1
2006-06-30,27.9,22.8,34.4,59,0.0,0,6.1,,1017.0,,1
2006-07-01,25.7,22.2,33.9,70,0.0,0,6.5,,1017.8,,2
2006-07-02,24.6,21.7,31.1,80,8.1,0,4.7,,1018.9,,5
2006-07-03,26.8,22.8,32.8,73,0.0,0,6.8,,1017.5,,3
2006-07-04,26.2,23.3,33.3,77,1.8,0,4.7,,1015.5,,6
2006-07-05,26.3,22.2,32.8,76,0.5,0,5.8,,,,5
2006-07-06,27.9,23.9,33.9,69,1.0,0,9.4,,1015.9,,6
2006-07-07,27.3,23.3,32.8,67,0.0,0,7.9,,1018.2,,4
2006-07-08,28.4,23.9,34.4,65,0.0,0,6.8,,1017.0,,4
2006-07-09,28.7,23.9,36.7,67,0.0,0,10.4,,1014.3,,2
2006-07-10,29.6,24.4,36.1,62,0.0,0,14.4,,1013.1,,3
2006-07-11,30.0,25.0,37.2,61,0.0,0,14.4,,1014.3,,4
2006-07-12,29.9,23.9,37.2,60,0.0,0,13.3,,1015.4,,2
2006-07-13,30.1,25.0,36.7,61,0.0,0,11.5,,1014.7,,3
2006-07-14,29.5,24.4,36.1,62,0.0,0,10.8,,1015.0,,3
2006-07-15,30.4,24.4,37.2,56,0.0,0,5.8,,1017.5,,1
2006-07-16,31.1,24.4,38.3,53,0.0,0,6.8,,1016.6,,1
2006-07-17,32.0,25.0,38.9,51,0.0,0,6.5,,1014.3,,0
2006-07-18,32.2,25.0,39.4,48,0.0,0,8.6,,1013.6,,1
2006-07-19,30.8,23.9,37.2,54,0.0,0,8.6,,1014.4,,1
2006-07-20,29.6,25.0,37.2,58,0.0,0,6.8,,1015.9,,1
2006-07-21,30.5,23.9,37.8,56,0.0,0,7.2,,1015.0,,1
2006-07-22,29.2,23.9,38.3,60,0.5,0,5.4,,1013.4,,1
2006-07-23,30.2,23.9,37.2,48,0.0,0,9.7,,1012.0,,1
2006-07-24,29.4,22.8,37.8,59,0.0,0,10.4,,1011.8,,1
2006-07-25,27.9,24.4,34.4,66,0.0,0,12.2,,1012.4,,6
2006-07-26,27.7,23.9,33.3,69,0.3,0,9.0,,1010.6,,6
2006-07-27,28.7,23.9,35.6,66,0.0,0,14.4,,1011.7,,4
2006-07-28,30.3,25.6,37.2,58,0.0,0,13.7,,1015.3,,4
2006-07-29,30.6,25.0,38.3,60,0.0,0,13.7,,1016.1,,3
2006-07-30,30.3,23.9,37.2,59,0.0,0,12.2,,1013.2,,3
2006-07-31,30.4,25.0,38.3,58,0.0,0,15.1,,1011.3,,3
2006-08-01,30.4,25.6,38.3,58,0.0,0,14.8,,1013.4,,4
2006-08-02,29.6,25.0,37.2,64,0.0,0,13.3,,1014.6,,3
2006-08-03,30.7,25.0,38.3,58,0.0,0,11.5,,1014.5,,3
2006-08-04,30.4,24.4,38.3,59,0.0,0,8.6,,1015.0,,2
2006-08-05,30.7,23.9,38.3,54,0.0,0,7.2,,1013.4,,0
2006-08-06,29.0,24.4,38.3,63,0.0,0,7.2,,1014.0,,0
2006-08-07,28.6,24.4,37.2,65,0.0,0,7.9,,1016.8,,2
2006-08-08,29.9,23.9,37.2,60,0.0,0,7.6,,1018.1,,2
2006-08-09,31.1,24.4,38.3,57,0.0,0,9.4,,1016.3,,1
2006-08-10,31.2,24.4,38.9,55,0.0,0,9.7,,1013.4,,1
2006-08-11,31.3,25.0,38.9,56,0.0,0,11.5,,1010.2,,2
2006-08-12,30.6,24.4,38.9,58,0.0,0,11.9,,1010.4,,1
2006-08-13,30.7,25.0,38.9,58,0.0,0,13.7,,1012.6,,3
2006-08-14,30.9,25.6,38.3,56,0.0,0,11.9,,1014.4,,2
2006-08-15,31.3,24.4,39.4,55,0.0,0,10.1,,1014.1,,1
2006-08-16,31.8,24.4,40.0,54,0.0,0,10.1,,1014.0,,1
2006-08-17,32.1,24.4,39.4,50,0.0,0,7.9,,1013.9,,0
2006-08-18,32.1,26.1,38.9,48,0.0,0,7.2,,1013.0,,0
2006-08-19,30.2,24.4,36.1,55,0.0,0,7.2,,1013.0,,0
2006-08-20,31.0,25.0,38.3,56,0.0,0,6.8,,1013.1,,1
2006-08-21,31.4,24.4,39.4,55,0.0,0,7.6,,1014.8,,1
2006-08-22,31.3,25.0,37.8,54,0.0,0,7.6,,1016.7,,1
2006-08-23,31.1,26.1,38.9,55,0.0,0,7.6,,1014.8,,0
2006-08-24,31.5,24.4,40.0,54,0.0,0,9.7,,1010.3,,0
2006-08-25,31.7,25.6,39.4,53,0.0,0,11.9,,1008.9,,1
2006-08-26,31.8,26.1,40.0,56,0.0,0,13.3,,1009.6,,1
2006-08-27,31.3,26.1,39.4,58,0.0,0,11.9,,1011.3,,2
2006-08-28,29.0,26.1,35.6,63,0.0,0,9.4,,1012.5,,2
2006-08-29,26.6,22.2,32.2,70,5.6,0,4.3,,1014.6,,2
2006-08-30,27.8,22.8,34.4,51,0.0,0,5.8,,1014.4,,0
2006-08-31,29.4,19.4,38.9,42,0.0,0,5.0,,1013.0,,0
2006-09-01,31.1,22.2,38.3,43,0.0,0,4.7,,1012.4,,0
2006-09-02,31.1,25.0,36.7,40,0.0,0,6.1,,1013.0,,4
2006-09-03,28.8,25.0,33.9,54,0.0,0,3.6,,1015.0,,6
2006-09-04,27.5,22.8,33.9,57,0.0,0,7.2,,1016.0,,4
2006-09-05,22.6,20.6,27.2,78,5.6,0,6.1,,1019.3,,5
2006-09-06,25.2,18.9,32.2,47,0.0,0,9.4,,1017.6,,0
2006-09-07,26.0,18.3,33.3,43,0.0,0,5.4,,1014.3,,0
2006-09-08,25.4,18.9,32.2,57,2.0,0,4.7,,1014.1,,1
2006-09-09,24.5,20.6,30.6,72,0.0,0,6.5,,1013.6,,6
2006-09-10,27.5,22.2,36.1,68,0.3,0,5.8,,1011.9,,4
2006-09-11,25.0,21.7,32.8,80,10.9,0,3.6,,1013.7,,1
2006-09-12,26.1,21.7,34.4,75,0.0,0,5.8,,1015.0,,2
2006-09-13,25.7,19.4,32.8,54,0.0,0,8.6,,1014.2,,1
2006-09-14,26.1,16.7,35.6,48,0.0,0,6.1,,1011.8,,0
2006-09-15,29.0,24.4,36.7,66,0.5,0,12.2,,1011.5,,3
2006-09-16,30.0,26.1,36.7,65,0.0,0,14.4,,1010.8,,3
2006-09-17,27.7,22.8,32.2,73,6.1,0,10.1,,1009.0,,3
2006-09-18,23.9,19.4,31.1,68,20.6,0,9.0,,1011.8,,4
2006-09-19,23.6,17.8,31.1,41,0.0,0,6.5,,,,0
2006-09-20,23.5,13.9,32.8,48,0.0,0,7.6,,1015.2,,0
2006-09-21,26.1,18.3,34.4,64,0.0,0,11.5,,1006.2,,2
2006-09-22,29.4,26.1,35.6,67,0.0,0,17.3,,1003.9,,5
2006-09-23,28.2,22.2,36.7,72,30.2,0,13.0,,1007.8,,3
2006-09-24,22.9,18.9,27.2,44,0.0,0,11.9,,1018.0,,2
2006-09-25,21.7,15.6,29.4,47,0.0,0,4.7,,1021.7,,0
2006-09-26,23.2,14.4,31.7,47,0.0,0,4.3,,1019.8,,0
2006-09-27,25.4,17.2,33.9,50,0.0,0,10.1,,1014.4,,0
2006-09-28,25.2,20.0,30.0,47,0.0,0,11.5,,1015.8,,0
2006-09-29,24.5,18.3,32.2,42,0.0,0,9.7,,1015.8,,1
2006-09-30,27.0,21.7,33.9,63,0.0,0,10.8,,1014.4,,1
2006-10-01,27.0,22.2,33.3,65,0.0,0,11.2,,1017.0,,1
2006-10-02,27.2,22.8,34.4,64,0.0,0,9.7,,1018.4,,2
2006-10-03,27.0,21.1,33.9,63,0.0,0,8.6,,1018.6,,2
2006-10-04,26.2,21.1,33.3,63,0.0,0,3.2,,1019.3,,2
2006-10-05,26.8,19.4,34.4,54,0.0,0,2.5,,1020.0,,0
2006-10-06,27.2,20.6,34.4,52,0.0,0,6.5,,1019.6,,0
2006-10-07,24.3,19.4,30.6,52,0.0,0,6.1,,1018.8,,0
2006-10-08,23.1,15.6,30.6,46,0.0,0,3.6,,1017.6,,0
2006-10-09,23.8,14.4,31.7,54,0.0,0,6.1,,1016.0,,0
2006-10-10,20.9,16.7,23.9,92,36.1,0,5.8,,1013.2,,6
2006-10-11,,14.4,30.6,,0.0,0,4.7,,,,1
2006-10-12,23.2,14.4,33.3,71,0.8,0,9.7,,1010.0,,
2006-10-13,18.7,13.3,25.6,62,0.0,0,9.4,,1015.2,,3
2006-10-14,21.9,18.3,26.7,65,0.0,0,9.4,,1014.7,,5
2006-10-15,22.6,20.6,27.2,90,5.1,0,7.9,,,,7
2006-10-16,,19.4,27.8,,10.2,0,3.6,,,,4
2006-10-17,24.2,15.0,32.8,60,0.0,0,6.1,,1004.7,,0
2006-10-18,25.0,12.8,32.2,77,20.8,0,6.8,,,,4
2006-10-19,15.5,11.7,21.1,61,0.0,0,11.2,,1014.7,,4
2006-10-20,15.5,7.2,23.3,57,0.0,0,5.4,,1014.3,,0
2006-10-21,21.6,14.4,31.7,58,0.0,0,9.0,,1010.8,,4
2006-10-22,13.9,8.3,19.4,50,0.0,0,13.0,,1023.2,,1
2006-10-23,14.1,6.7,21.7,45,0.0,0,4.7,,1025.4,,0
2006-10-24,17.3,11.7,22.8,63,0.0,0,7.6,,1020.3,,3
2006-10-25,,18.9,22.2,,26.9,0,5.8,,,,8
2006-10-26,,21.7,30.6,,0.0,0,7.2,,,,4
2006-10-27,19.0,14.4,22.8,37,0.0,0,17.3,,1015.6,,0
2006-10-28,16.7,10.0,25.0,45,0.0,0,5.0,,1022.4,,0
2006-10-29,17.9,9.4,26.7,49,0.0,0,7.9,,1017.6,,0
2006-10-30,20.3,13.9,27.2,70,0.0,0,11.2,,1012.2,,1
2006-10-31,22.0,15.0,30.0,62,0.0,0,9.4,,1013.6,,1
2006-11-01,14.4,12.2,17.8,51,0.3,0,11.5,,1019.8,,8
2006-11-02,13.3,9.4,17.8,50,0.0,0,11.9,,1026.8,,2
2006-11-03,11.9,6.7,18.3,48,0.0,0,7.9,,1027.6,,1
2006-11-04,14.9,11.1,18.3,70,0.0,0,5.4,,1022.3,,5
2006-11-05,19.2,17.2,22.8,86,0.0,0,6.8,,1018.1,,4
2006-11-06,,13.9,28.3,,0.8,0,5.0,,,,1
2006-11-07,18.2,11.1,27.2,66,0.0,0,4.0,,1015.4,,2
2006-11-08,21.2,12.2,30.0,60,0.0,0,7.2,,1008.8,,0
2006-11-09,25.2,20.6,31.1,70,0.0,0,13.0,,1005.8,,5
2006-11-10,25.7,16.7,32.8,59,0.0,0,11.9,,1010.7,,5
2006-11-11,13.8,7.8,19.4,43,0.0,0,11.5,,1024.9,,0
2006-11-12,14.3,5.0,22.8,60,0.0,0,8.6,,1019.9,,3
2006-11-13,19.6,16.1,25.0,60,0.0,0,4.3,,1016.0,,4
2006-11-14,23.2,17.8,29.4,62,0.0,0,8.6,,1004.9,,3
2006-11-15,17.1,10.6,23.3,30,0.0,0,21.6,,1010.0,,0
2006-11-16,12.5,7.2,20.0,29,0.0,0,7.2,,1017.9,,0
2006-11-17,13.4,3.9,24.4,37,0.0,0,4.7,,1016.4,,0
2006-11-18,15.4,7.2,23.9,55,0.0,0,2.9,,1021.0,,0
2006-11-19,14.1,8.9,21.1,47,0.0,0,7.2,,1027.4,,0
2006-11-20,11.6,5.0,18.9,46,0.0,0,4.3,,1031.9,,0
2006-11-21,11.1,2.8,21.1,48,0.0,0,4.7,,1030.1,,0
2006-11-22,15.1,6.7,23.9,56,0.0,0,7.9,,1023.5,,0
2006-11-23,17.9,9.4,26.7,63,0.0,0,6.8,,1020.4,,0
2006-11-24,17.9,10.6,25.6,68,0.0,0,7.6,,1018.9,,0
2006-11-25,18.3,13.3,25.6,68,0.0,0,7.9,,1018.1,,3
2006-11-26,19.8,15.6,26.1,67,0.0,0,9.0,,1018.3,,6
2006-11-27,20.9,18.3,26.1,77,0.5,0,11.5,,1016.5,,8
2006-11-28,21.9,18.3,27.8,74,0.0,0,10.8,,1013.1,,6
2006-11-29,23.5,22.2,26.7,73,1.0,0,16.2,,1010.0,,
2006-11-30,5.5,0.6,22.8,69,30.2,0,20.5,,1019.7,,
2006-12-01,6.1,-1.7,13.9,51,0.0,0,5.0,,1026.5,608,
2006-12-02,8.2,2.2,14.4,53,0.0,0,5.8,,1026.8,310,
2006-12-03,6.5,2.8,11.7,47,0.0,0,12.2,,1036.1,402,
2006-12-04,4.8,-1.7,12.2,44,0.0,0,3.6,,1037.8,610,0
2006-12-05,9.1,0.6,17.2,47,0.0,0,6.8,,1028.6,579,2
2006-12-06,17.0,13.3,23.3,55,0.0,0,9.4,,1021.1,431,5
2006-12-07,11.7,3.9,15.6,44,0.0,0,15.8,,1032.0,77,3
2006-12-08,3.7,-0.6,7.8,31,0.0,0,7.9,,1038.5,339,1
2006-12-09,8.3,5.0,12.8,34,0.0,0,7.2,,1030.9,71,8
2006-12-10,10.6,8.3,12.8,79,1.0,0,4.7,,1024.0,0,8
2006-12-11,16.6,12.8,22.2,81,0.0,0,6.1,,1020.5,29,6
2006-12-12,15.2,7.8,23.9,54,0.0,0,10.4,,1022.0,613,0
2006-12-13,14.3,6.1,24.4,43,0.0,0,5.4,,1021.4,613,0
2006-12-14,16.0,7.8,25.0,67,0.0,0,4.3,,1017.1,485,1
2006-12-15,17.3,11.1,24.4,78,0.0,0,5.8,,1014.1,306,3
2006-12-16,20.3,15.6,26.7,69,0.0,0,12.6,,1013.6,468,3
2006-12-17,21.8,18.9,26.7,68,0.0,0,11.9,,1016.5,475,6
2006-12-18,21.4,18.9,26.7,75,0.0,0,8.6,,1020.0,271,6
2006-12-19,19.2,18.3,21.1,86,0.5,0,9.4,,1020.6,0,8
2006-12-20,15.5,10.0,19.4,80,3.0,0,7.2,,1014.4,0,7
2006-12-21,12.0,7.2,19.4,66,0.0,0,4.3,,1016.6,189,3
2006-12-22,10.8,3.9,17.8,48,0.0,0,4.7,,1018.8,612,0
2006-12-23,8.0,3.9,13.3,69,36.8,0,9.4,,1022.0,256,4
2006-12-24,7.6,6.7,8.3,87,22.4,0,8.6,,1018.8,0,8
2006-12-25,7.9,3.9,12.8,58,1.0,0,16.2,,1020.6,352,3
2006-12-26,7.6,0.6,16.1,46,0.0,0,7.6,,1024.0,612,0
2006-12-27,10.9,1.7,20.0,56,0.0,0,10.1,,1018.3,612,0
2006-12-28,16.5,10.6,22.2,74,0.3,0,16.9,,1011.3,193,8
2006-12-29,17.8,11.7,22.2,82,29.2,0,13.7,,1011.4,29,8
2006-12-30,10.7,6.7,13.9,80,12.4,0,3.6,,1016.5,112,
2006-12-31,10.0,5.0,15.6,60,0.0,0,10.4,,1021.7,614,0
2007-01-01,7.4,2.8,13.9,50,0.0,0,7.9,,1026.8,614,0
2007-01-02,7.4,2.2,12.2,58,0.0,0,7.6,,1027.5,442,3
2007-01-03,9.6,7.8,11.7,66,21.3,0,6.5,,1023.3,0,8
2007-01-04,12.0,7.8,18.9,78,5.8,0,6.5,,,526,4
2007-01-05,16.1,9.4,27.2,66,0.0,0,7.6,,1007.6,566,1
2007-01-06,9.8,7.8,13.9,79,0.3,0,13.0,,1017.1,0,7
2007-01-07,11.0,7.2,16.1,56,0.0,0,13.3,,1022.9,618,1
2007-01-08,9.7,2.2,18.9,44,0.0,0,5.8,,1027.4,618,0
2007-01-09,10.6,3.9,17.8,50,0.0,0,6.1,,1032.0,612,0
2007-01-10,11.8,2.8,20.0,60,0.0,0,9.4,,1025.3,581,1
2007-01-11,16.9,12.8,20.6,76,0.0,0,12.2,,1018.4,0,8
2007-01-12,19.8,17.8,22.8,82,1.3,0,13.3,,,0,8
2007-01-13,8.8,2.8,20.6,89,93.0,0,11.9,,,0,8
2007-01-14,3.5,2.2,5.0,89,5.6,0,10.1,,1019.7,0,8
2007-01-15,0.2,-1.7,2.2,79,15.2,0,16.6,,1029.1,0,
2007-01-16,-1.2,-1.7,-0.6,76,12.7,0,12.2,,1036.8,0,8
2007-01-17,-0.6,-1.7,0.6,85,2.5,2,3.6,,1034.4,0,8
2007-01-18,2.4,0.0,5.6,88,0.0,0,1.1,,,0,7
2007-01-19,5.2,3.9,7.8,78,0.5,0,10.8,,1029.5,0,8
2007-01-20,4.5,3.3,6.1,90,6.1,0,5.8,,1019.9,0,7
2007-01-21,8.6,0.6,18.9,72,0.0,0,4.7,,1015.4,605,2
2007-01-22,6.2,3.3,9.4,63,0.0,0,13.7,,1023.1,81,4
2007-01-23,5.4,3.9,6.1,71,2.5,0,9.4,,1024.0,0,8
2007-01-24,6.7,5.0,8.9,82,8.9,0,6.8,,1025.9,0,5
2007-01-25,9.1,2.8,17.8,65,0.0,0,4.7,,1028.5,636,0
2007-01-26,10.3,2.2,17.8,64,0.0,0,6.8,,1022.2,392,3
2007-01-27,13.7,6.7,20.6,65,0.0,0,10.8,,1016.7,479,5
2007-01-28,6.3,1.7,11.7,49,0.0,0,10.1,,1028.2,640,1
2007-01-29,6.0,-0.6,11.1,63,0.0,0,4.0,,1024.4,288,4
2007-01-30,10.3,6.1,14.4,64,0.0,0,10.4,,1023.2,100,8
2007-01-31,6.6,2.8,10.6,58,0.0,0,7.9,,1017.7,0,7
2007-02-01,9.1,7.2,13.9,83,1.0,0,6.1,,1009.5,97,7
2007-02-02,5.1,1.1,8.3,68,0.0,0,9.4,,1020.1,91,6
2007-02-03,4.6,-2.2,12.8,61,0.0,0,6.1,,1027.1,333,1
2007-02-04,10.4,0.0,20.0,58,0.0,0,4.0,,1027.1,608,0
2007-02-05,12.6,3.9,20.6,63,0.0,0,6.1,,1029.0,569,0
2007-02-06,13.8,6.1,21.7,61,0.0,0,6.8,,,653,0
2007-02-07,17.4,10.6,25.0,70,0.0,0,10.4,,1018.9,527,3
2007-02-08,12.2,7.8,17.2,77,1.0,0,8.3,,1020.8,0,8
2007-02-09,7.9,5.6,10.6,72,0.0,0,11.9,,1024.0,0,8
2007-02-10,7.6,4.4,11.7,62,0.0,0,9.7,,1026.3,172,7
2007-02-11,8.4,6.7,10.6,76,0.0,0,7.2,,1022.1,0,8
2007-02-12,13.5,9.4,19.4,84,1.0,0,6.1,,1011.9,114,
2007-02-13,10.2,2.2,13.9,59,0.0,0,17.6,,1015.3,602,0
2007-02-14,1.7,-1.1,6.1,58,0.0,0,15.5,,1023.6,110,6
2007-02-15,1.7,-1.7,7.2,53,0.0,0,13.3,,1028.9,399,2
2007-02-16,4.1,-4.4,13.3,46,0.0,0,9.4,,1026.2,670,0
2007-02-17,11.0,2.8,18.9,39,0.0,0,13.0,,1024.9,671,0
2007-02-18,10.7,1.1,18.9,38,0.0,0,9.4,,1029.0,640,0
2007-02-19,15.0,5.6,24.4,55,0.0,0,13.0,,1016.4,645,0
2007-02-20,17.6,15.0,21.7,72,0.0,0,4.0,,1012.2,0,2
2007-02-21,19.1,11.1,28.3,44,0.0,0,7.2,,1015.8,678,0
2007-02-22,17.8,6.1,28.3,47,0.0,0,6.8,,1019.0,525,0
2007-02-23,19.0,16.7,21.1,80,0.5,0,14.4,,,2,8
2007-02-24,20.2,11.1,24.4,42,0.0,0,14.8,,1005.7,425,4
2007-02-25,14.5,7.8,21.7,28,0.0,0,6.8,,1014.5,668,0
2007-02-26,19.4,11.1,30.6,30,0.0,0,7.9,,1008.5,515,0
2007-02-27,19.2,11.1,28.3,62,0.0,0,9.4,,1010.1,409,3
2007-02-28,21.4,18.9,26.7,72,0.0,0,13.0,,1004.5,0,
2007-03-01,18.2,8.9,21.1,36,1.0,0,13.3,,1006.1,540,2
2007-03-02,13.1,3.3,22.8,32,0.0,0,6.1,,1012.2,604,0
2007-03-03,11.1,5.0,17.2,27,0.0,0,14.4,,1021.7,565,2
2007-03-04,9.3,1.7,17.2,25,0.0,0,8.3,,1032.7,684,0
2007-03-05,11.6,1.1,22.2,32,0.0,0,4.3,,1030.8,699,
2007-03-06,14.1,3.9,22.8,37,0.0,0,9.4,,1026.0,603,0
2007-03-07,16.7,7.2,25.0,59,0.0,0,8.6,,1021.0,668,0
2007-03-08,18.2,10.0,25.6,58,0.0,0,7.2,,1018.6,686,
2007-03-09,20.1,15.0,27.8,64,0.0,0,6.8,,1017.0,367,4
2007-03-10,21.4,15.0,29.4,65,0.0,0,8.3,,1017.8,477,2
2007-03-11,18.1,15.6,21.1,81,30.5,0,9.0,,,64,7
2007-03-12,19.3,15.0,25.0,74,30.2,0,7.2,,,385,4
2007-03-13,17.9,13.9,21.7,86,28.2,0,6.8,,,0,6
2007-03-14,15.4,12.8,17.2,88,0.5,0,2.2,,1012.6,0,6
2007-03-15,17.5,11.1,26.7,78,0.0,0,2.9,,,398,4
2007-03-16,17.0,10.6,21.7,62,0.0,0,9.7,,1022.6,310,3
2007-03-17,15.7,7.2,23.9,64,0.0,0,7.6,,1022.3,337,4
2007-03-18,19.7,17.2,25.6,75,0.0,0,11.9,,1017.3,156,7
2007-03-19,20.9,18.9,26.1,72,0.0,0,15.1,,1017.0,128,7
2007-03-20,20.8,18.9,23.9,75,0.0,0,12.2,,,38,8
2007-03-21,22.2,20.0,26.7,73,0.0,0,13.3,,1018.5,69,8
2007-03-22,20.6,19.4,22.8,82,2.3,0,12.6,,1018.1,0,7
2007-03-23,21.3,18.9,24.4,77,0.0,0,11.9,,1017.0,0,7
2007-03-24,22.5,18.9,27.8,64,0.0,0,13.0,,1018.4,207,6
2007-03-25,21.1,19.4,24.4,80,2.3,0,9.0,,1020.0,20,6
2007-03-26,19.0,16.1,21.1,87,37.8,0,11.2,,,0,8
2007-03-27,20.9,15.6,27.2,79,0.0,0,6.5,,1013.8,255,6
2007-03-28,22.7,19.4,27.8,72,0.0,0,15.1,,1012.5,199,7
2007-03-29,22.3,21.1,25.0,81,2.8,0,13.3,,1013.2,0,8
2007-03-30,21.2,20.0,22.2,85,12.4,0,13.0,,1013.6,0,7
2007-03-31,19.9,13.3,26.1,60,3.0,0,7.2,,1012.5,568,4
2007-04-01,19.9,11.1,28.9,60,0.0,0,6.1,,1013.7,750,0
2007-04-02,23.6,19.4,29.4,74,0.0,0,9.4,,1014.3,255,5
2007-04-03,23.7,20.0,28.9,75,0.0,0,6.5,,1013.8,232,4
2007-04-04,19.3,13.9,23.3,60,2.5,0,11.5,,1019.4,84,5
2007-04-05,16.7,12.8,22.8,43,0.0,0,7.6,,1021.6,601,2
2007-04-06,15.3,10.0,20.6,49,0.0,0,11.5,,1022.4,216,5
2007-04-07,4.5,1.1,10.0,74,18.8,0,12.2,,1026.8,0,8
2007-04-08,5.8,1.7,11.1,69,1.0,0,5.8,,1024.6,54,8
2007-04-09,11.5,7.8,15.6,67,0.0,0,4.3,,1016.9,24,8
2007-04-10,17.1,13.3,24.4,78,1.0,0,6.5,,1005.6,348,5
2007-04-11,20.0,12.2,26.7,50,0.0,0,5.0,,1007.2,767,0
2007-04-12,19.2,11.1,27.2,54,0.0,0,11.9,,1011.7,674,2
2007-04-13,22.5,15.0,28.9,75,2.5,0,13.0,,1006.0,494,7
2007-04-14,13.7,8.9,17.2,61,0.5,0,13.7,,1015.3,420,5
2007-04-15,14.5,6.7,23.3,50,0.0,0,6.5,,1021.8,774,0
2007-04-16,15.6,7.8,22.8,61,0.0,0,9.0,,1019.8,589,1
2007-04-17,16.7,13.9,19.4,83,20.3,0,6.1,,1011.7,24,7
2007-04-18,18.2,12.2,25.0,66,0.0,0,9.4,,1011.6,737,0
2007-04-19,19.1,11.7,26.1,69,0.0,0,4.7,,1012.3,520,0
2007-04-20,21.2,17.2,26.7,67,0.0,0,10.4,,1015.3,515,2
2007-04-21,20.5,17.2,26.1,73,0.0,0,12.6,,1015.5,362,6
2007-04-22,20.4,18.9,22.2,82,0.0,0,9.0,,1015.4,0,8
2007-04-23,22.1,20.0,25.0,80,0.0,0,10.8,,1016.1,10,8
2007-04-24,22.7,20.6,24.4,82,0.5,0,13.3,,1011.2,0,8
2007-04-25,22.2,15.0,27.8,59,4.8,0,6.8,,1010.1,733,1
2007-04-26,19.5,11.1,27.8,54,0.0,0,5.8,,1014.4,780,0
2007-04-27,21.1,16.1,26.7,62,0.0,0,8.3,,1015.9,481,0
2007-04-28,23.1,17.8,29.4,68,0.0,0,3.2,,1019.7,366,3
2007-04-29,24.4,21.1,28.9,72,0.0,0,6.8,,1019.4,239,5
2007-04-30,20.5,18.3,22.8,83,5.1,0,6.5,,1015.7,80,6
2007-05-01,23.4,21.1,28.3,83,5.1,0,9.0,,1010.4,18,8
2007-05-02,22.8,16.7,27.2,80,43.4,0,7.2,,1008.9,61,6
2007-05-03,21.7,16.1,28.3,82,2.3,0,3.6,,1009.0,370,6
2007-05-04,24.5,21.1,28.9,82,0.0,0,9.0,,1008.3,127,6
2007-05-05,25.1,23.3,27.8,80,0.0,0,13.7,,1005.5,8,8
2007-05-06,25.9,23.9,30.0,76,0.0,0,13.7,,1008.0,75,8
2007-05-07,26.0,23.3,30.0,71,0.0,0,7.6,,1014.6,122,6
2007-05-08,24.9,21.7,30.0,69,0.0,0,10.8,,1015.7,412,2
2007-05-09,23.8,17.8,28.9,68,3.0,0,7.2,,1015.0,435,3
2007-05-10,21.9,16.7,28.3,68,0.0,0,4.3,,1012.9,594,3
2007-05-11,22.8,16.7,29.4,63,0.0,0,5.8,,1014.6,621,1
2007-05-12,24.6,17.8,31.7,61,0.0,0,3.6,,1016.6,760,0
2007-05-13,25.5,19.4,32.8,59,0.0,0,1.8,,1017.2,755,1
2007-05-14,25.7,18.3,32.2,60,0.0,0,4.3,,1016.4,783,0
2007-05-15,25.4,18.3,31.7,58,0.0,0,3.6,,1016.2,744,0
2007-05-16,23.2,18.3,28.3,60,15.0,0,8.3,,1019.2,732,2
2007-05-17,21.3,15.6,26.7,53,0.0,0,6.8,,1020.9,607,0
2007-05-18,22.3,17.2,27.2,46,0.0,0,6.1,,1020.9,660,1
2007-05-19,22.9,17.8,27.8,53,0.0,0,5.8,,1020.2,437,5
2007-05-20,22.7,19.4,27.2,60,0.0,0,7.6,,1017.6,323,5
2007-05-21,22.0,19.4,24.4,74,2.8,0,7.6,,1014.0,87,7
2007-05-22,23.1,17.2,27.8,76,10.4,0,11.5,,1011.4,272,6
2007-05-23,25.4,22.2,30.0,73,0.0,0,12.2,,1013.5,193,6
2007-05-24,24.6,18.9,30.6,79,31.5,0,10.1,,1016.4,77,7
2007-05-25,21.0,18.9,23.3,85,3.3,0,6.8,,,12,7
2007-05-26,22.9,20.0,27.8,78,0.5,0,6.1,,1016.0,16,6
2007-05-27,22.3,19.4,27.8,82,2.3,0,6.1,,1014.9,18,5
2007-05-28,22.3,18.9,28.9,82,57.2,0,3.6,,,158,6
2007-05-29,24.9,21.1,30.6,75,0.0,0,7.2,,1012.7,329,6
2007-05-30,26.5,22.8,32.2,72,0.0,0,9.7,,1012.0,519,4
2007-05-31,25.7,20.6,30.6,71,1.3,0,7.2,,1013.8,428,3
2007-06-01,26.4,22.8,31.7,70,0.0,0,10.1,,1010.7,526,5
2007-06-02,26.5,22.2,32.2,67,0.0,0,4.0,,1010.8,545,4
2007-06-03,26.3,20.0,33.3,72,45.0,0,6.1,,1010.1,522,2
2007-06-04,23.8,18.9,31.7,74,0.5,0,5.0,,1011.0,623,2
2007-06-05,25.4,20.0,31.7,68,0.0,0,2.5,,1011.4,512,0
2007-06-06,25.4,20.0,31.7,72,0.0,0,9.7,,1008.1,408,3
2007-06-07,28.0,24.4,33.3,71,0.0,0,13.0,,1005.6,322,6
2007-06-08,29.3,26.1,33.9,70,0.0,0,7.9,,1012.4,369,4
2007-06-09,28.8,25.6,33.3,68,0.0,0,8.3,,1015.6,480,4
2007-06-10,28.3,23.3,33.9,70,0.0,0,6.5,,1013.1,473,3
2007-06-11,27.7,22.2,33.3,66,0.0,0,6.1,,1012.7,710,0
2007-06-12,27.8,23.3,33.3,65,0.0,0,4.3,,1013.5,686,2
2007-06-13,28.6,22.2,34.4,61,0.0,0,4.7,,1011.1,790,0
2007-06-14,26.8,21.7,34.4,69,4.8,0,4.7,,1009.8,579,1
2007-06-15,26.1,21.1,32.8,70,0.0,0,6.5,,1010.1,573,2
2007-06-16,24.7,20.0,29.4,76,7.9,0,5.0,,1012.3,148,4
2007-06-17,25.5,21.7,31.7,79,4.3,0,7.6,,1011.9,186,6
2007-06-18,28.4,24.4,33.3,69,0.0,0,11.5,,1009.8,626,4
2007-06-19,29.6,25.6,34.4,68,0.0,0,10.1,,1013.3,427,5
2007-06-20,24.9,20.6,27.2,82,11.4,0,4.7,,1017.3,46,4
2007-06-21,25.2,22.2,30.0,80,13.2,0,5.0,,,241,3
2007-06-22,24.7,21.7,29.4,81,4.3,0,4.7,,1016.0,43,3
2007-06-23,23.9,21.1,30.0,81,2.5,0,4.0,,1013.4,205,6
2007-06-24,25.3,21.1,31.7,74,0.0,0,7.9,,1012.7,413,5
2007-06-25,25.0,23.3,27.8,86,24.6,0,7.6,,,71,7
2007-06-26,27.2,24.4,32.2,80,10.7,0,11.2,,1015.8,178,7
2007-06-27,27.2,23.3,32.2,73,6.4,0,9.7,,1014.4,113,5
2007-06-28,25.2,23.3,28.9,81,1.8,0,7.6,,1013.7,155,6
2007-06-29,27.2,22.8,32.2,67,0.0,0,5.8,,1013.7,546,3
2007-06-30,27.7,23.3,32.8,71,0.0,0,8.6,,1014.1,625,3
2007-07-01,26.2,23.3,33.3,77,0.0,0,6.5,,1014.6,322,3
2007-07-02,25.8,22.8,31.1,79,4.8,0,6.1,,1015.2,291,6
2007-07-03,24.5,22.2,28.9,88,15.0,0,3.6,,1014.9,43,6
2007-07-04,23.9,21.7,27.2,85,3.8,0,4.7,,,102,6
2007-07-05,24.9,22.8,29.4,83,3.0,0,1.4,,1013.6,132,7
2007-07-06,25.9,22.8,31.7,78,20.3,0,4.0,,1015.4,392,5
2007-07-07,26.1,22.2,32.2,78,0.3,0,5.8,,1014.9,320,3
2007-07-08,26.9,23.3,32.2,76,2.3,0,7.6,,1012.0,493,4
2007-07-09,27.7,24.4,32.8,76,0.0,0,9.7,,1011.5,298,5
2007-07-10,28.7,25.0,33.3,68,0.0,0,10.4,,1013.3,764,3
2007-07-11,28.8,25.0,33.9,67,0.0,0,6.5,,1016.8,446,4
2007-07-12,28.9,24.4,34.4,68,0.0,0,7.2,,1016.6,453,3
2007-07-13,28.4,23.9,33.9,68,0.0,0,6.8,,1015.0,492,2
2007-07-14,27.0,25.0,30.6,77,3.3,0,3.2,,1013.1,284,5
2007-07-15,27.7,23.3,33.9,70,0.0,0,3.6,,1012.3,672,2
2007-07-16,27.1,22.2,33.9,71,0.0,0,4.0,,1013.2,532,2
2007-07-17,26.2,23.3,30.0,78,21.8,0,6.1,,1015.4,350,4
2007-07-18,23.6,21.1,30.0,82,10.7,0,3.2,,1017.5,98,2
2007-07-19,25.4,22.8,28.9,79,0.0,0,5.4,,1015.9,75,6
2007-07-20,23.8,22.2,25.0,88,24.6,0,4.0,,,11,6
2007-07-21,25.7,22.8,30.6,82,53.8,0,4.7,,1016.7,24,5
2007-07-22,26.9,22.8,33.3,72,0.0,0,1.4,,1017.6,537,4
2007-07-23,26.8,22.8,33.3,75,11.9,0,2.5,,,377,3
2007-07-24,24.9,21.7,31.7,79,0.0,0,1.8,,,80,2
2007-07-25,23.1,21.1,26.7,85,8.4,0,2.2,,1015.0,11,2
2007-07-26,24.1,21.7,30.6,84,44.7,0,5.0,,1015.5,74,5
2007-07-27,24.9,22.2,28.9,83,18.3,0,0.7,,1013.8,173,5
2007-07-28,27.0,23.3,32.2,76,0.0,0,1.1,,1011.1,386,3
2007-07-29,27.0,23.3,33.9,80,2.8,0,2.2,,1010.4,273,3
2007-07-30,27.9,24.4,33.3,75,0.0,0,3.6,,1012.1,490,3
2007-07-31,28.5,24.4,33.9,69,0.0,0,3.2,,1013.0,743,2
2007-08-01,28.9,24.4,35.0,69,0.0,0,4.0,,1011.7,624,1
2007-08-02,27.2,23.3,35.0,74,0.0,0,2.2,,1012.7,255,0
2007-08-03,27.6,22.2,33.9,72,0.8,0,2.2,,1015.0,592,2
2007-08-04,28.1,24.4,33.9,72,0.0,0,4.3,,1015.6,608,4
2007-08-05,28.7,24.4,33.9,69,0.0,0,9.0,,1014.6,638,2
2007-08-06,29.1,25.0,33.9,67,0.0,0,11.2,,1013.9,720,2
2007-08-07,29.1,25.0,34.4,67,0.0,0,10.4,,1013.5,657,3
2007-08-08,29.3,25.0,34.4,65,0.0,0,10.4,,1013.2,668,2
2007-08-09,28.9,23.9,35.0,64,0.0,0,6.1,,1014.5,783,2
2007-08-10,29.6,23.9,36.1,63,0.0,0,1.8,,1014.7,774,1
2007-08-11,30.3,24.4,36.1,63,0.0,0,2.9,,1014.5,754,0
2007-08-12,31.4,25.6,37.8,57,0.0,0,2.9,,1015.9,713,1
2007-08-13,31.7,26.1,37.8,52,0.0,0,4.3,,1014.6,689,1
2007-08-14,30.7,23.9,37.8,53,0.0,0,1.4,,1013.0,701,0
2007-08-15,30.7,25.6,36.1,58,0.0,0,4.3,,1011.1,310,0
2007-08-16,26.5,23.3,29.4,80,22.6,0,9.4,,1011.6,7,6
2007-08-17,26.9,24.4,33.9,83,3.0,0,9.4,,1013.3,190,6
2007-08-18,28.9,26.1,34.4,74,0.3,0,11.2,,1014.0,372,5
2007-08-19,29.0,25.6,34.4,70,0.0,0,10.8,,1012.9,551,4
2007-08-20,28.3,24.4,34.4,70,0.0,0,9.4,,1012.7,455,4
2007-08-21,27.6,23.9,33.9,74,3.6,0,7.2,,1014.7,439,4
2007-08-22,28.3,25.0,34.4,76,9.1,0,6.5,,1015.5,442,4
2007-08-23,29.2,26.1,35.0,72,0.0,0,7.9,,1014.3,499,4
2007-08-24,29.2,25.6,34.4,69,0.0,0,8.6,,1012.9,552,4
2007-08-25,28.7,23.9,35.0,69,0.0,0,4.3,,1013.3,640,2
2007-08-26,28.2,23.9,34.4,71,0.0,0,1.8,,1014.0,427,2
2007-08-27,28.4,22.8,34.4,66,0.0,0,3.6,,1014.3,609,1
2007-08-28,27.3,22.2,33.9,69,0.0,0,2.9,,1014.6,503,
2007-08-29,27.2,23.3,35.0,72,0.5,0,1.8,,1016.4,365,2
2007-08-30,27.0,22.2,33.9,74,0.0,0,2.2,,1017.2,399,4
2007-08-31,26.7,21.1,33.9,73,23.6,0,6.5,,1015.2,331,3
2007-09-01,26.4,21.7,33.3,73,0.0,0,4.0,,1015.1,656,1
2007-09-02,24.4,21.1,31.7,80,32.5,0,1.4,,1016.3,74,3
2007-09-03,23.8,21.7,28.9,94,12.7,0,1.1,,1017.9,0,1
2007-09-04,24.1,22.8,28.3,92,5.1,0,3.2,,,0,4
2007-09-05,27.1,24.4,31.7,76,0.3,0,9.7,,1011.4,469,5
2007-09-06,28.0,25.0,33.3,71,0.0,0,10.8,,1012.9,586,4
2007-09-07,28.6,24.4,33.9,69,0.0,0,7.9,,1013.8,597,4
2007-09-08,29.0,25.0,34.4,70,0.0,0,5.0,,1013.0,620,3
2007-09-09,28.9,25.0,34.4,70,0.0,0,4.0,,1013.5,578,2
2007-09-10,28.2,23.9,34.4,68,0.0,0,2.9,,1014.4,563,1
2007-09-11,24.5,22.2,26.7,78,41.7,0,6.5,,1016.3,38,6
2007-09-12,24.8,20.0,31.1,66,0.0,0,6.1,,1015.3,508,3
2007-09-13,25.3,20.0,32.2,67,0.0,0,1.4,,1013.2,588,2
2007-09-14,27.1,21.1,34.4,63,0.0,0,1.8,,1015.6,647,1
2007-09-15,27.2,23.3,33.3,69,2.3,0,1.8,,1019.4,579,3
2007-09-16,26.8,22.2,32.2,68,0.0,0,4.7,,1018.7,532,2
2007-09-17,26.3,21.1,32.2,69,0.0,0,6.1,,1016.4,635,2
2007-09-18,26.5,22.2,32.8,73,0.0,0,6.1,,1015.4,359,3
2007-09-19,27.6,23.3,33.3,70,0.0,0,5.8,,1016.2,486,3
2007-09-20,27.1,22.2,32.2,66,0.0,0,2.5,,1015.6,411,3
2007-09-21,25.7,19.4,32.8,62,0.0,0,1.4,,1013.5,715,0
2007-09-22,26.6,20.6,33.3,59,0.0,0,2.2,,1013.6,720,0
2007-09-23,25.7,21.1,32.2,60,0.0,0,4.3,,1013.6,451,1
2007-09-24,25.9,20.0,32.8,64,0.0,0,4.3,,1014.3,657,0
2007-09-25,26.4,19.4,33.3,64,0.0,0,3.6,,1014.9,581,2
2007-09-26,28.0,23.9,33.9,67,0.0,0,1.8,,1014.4,509,2
2007-09-27,28.1,23.3,35.0,65,0.0,0,3.6,,1014.2,478,2
2007-09-28,27.2,22.2,33.3,64,0.0,0,4.3,,1016.8,653,1
2007-09-29,25.4,21.7,32.2,73,5.8,0,6.5,,1016.8,343,3
2007-09-30,26.5,22.8,32.8,76,0.5,0,6.5,,1018.6,379,6
2007-10-01,27.0,24.4,33.3,75,2.3,0,4.0,,1019.9,343,4
2007-10-02,27.4,23.3,33.3,66,0.0,0,7.9,,1015.8,538,4
2007-10-03,26.1,20.6,32.8,61,0.0,0,2.9,,1012.5,696,0
2007-10-04,25.6,18.9,33.3,55,0.0,0,3.2,,1011.3,707,0
2007-10-05,26.9,20.0,33.3,59,0.0,0,2.5,,1011.5,670,1
2007-10-06,27.6,23.3,32.8,66,0.0,0,4.7,,1011.3,447,4
2007-10-07,26.6,22.8,33.3,70,0.0,0,2.9,,1011.5,335,6
2007-10-08,27.1,24.4,32.8,72,0.3,0,2.5,,1013.3,378,5
2007-10-09,26.0,23.3,31.1,71,0.0,0,9.4,,1017.8,279,3
2007-10-10,25.6,20.6,32.2,57,0.0,0,4.7,,1016.3,564,0
2007-10-11,24.4,17.8,31.7,53,0.0,0,0.7,,1013.0,563,1
2007-10-12,23.6,17.2,31.7,55,0.0,0,4.0,,1012.8,692,0
2007-10-13,24.1,17.8,31.7,61,0.0,0,9.4,,1011.0,669,0
2007-10-14,25.1,19.4,33.3,67,0.0,0,9.7,,1008.8,365,6
2007-10-15,25.6,20.0,32.8,71,0.0,0,7.6,,1009.3,363,6
2007-10-16,20.6,19.4,22.2,84,0.0,0,3.6,,1010.8,0,7
2007-10-17,25.6,20.0,34.4,70,0.3,0,7.9,,1003.6,462,
2007-10-18,27.3,22.8,33.9,50,0.0,0,7.6,,1004.3,522,4
2007-10-19,22.7,12.8,31.7,30,0.0,0,2.2,,1012.5,681,0
2007-10-20,23.3,15.0,32.8,53,0.0,0,7.6,,1013.3,679,0
2007-10-21,24.1,16.7,32.8,62,0.0,0,8.6,,1010.2,636,1
2007-10-22,15.7,11.1,23.9,68,25.9,0,15.5,,1018.1,95,6
2007-10-23,15.5,8.3,22.8,43,0.0,0,9.7,,1023.0,674,0
2007-10-24,19.1,12.2,27.8,40,0.0,0,12.2,,1019.8,672,0
2007-10-25,15.1,8.9,22.2,38,0.0,0,7.9,,1017.7,670,0
2007-10-26,15.6,6.7,25.6,49,0.0,0,1.8,,1018.2,669,0
2007-10-27,16.3,7.8,24.4,48,0.0,0,4.7,,1026.8,667,0
2007-10-28,17.5,10.6,25.0,54,0.0,0,5.4,,1030.4,665,0
2007-10-29,17.6,10.6,25.0,53,0.0,0,4.7,,1028.7,663,0
2007-10-30,16.6,8.9,25.0,59,0.0,0,1.8,,1023.9,662,0
2007-10-31,18.9,12.2,28.3,62,0.0,0,3.2,,1019.1,660,0
2007-11-01,18.6,13.3,26.1,55,0.0,0,6.1,,1020.5,659,0
2007-11-02,18.2,10.0,27.2,64,0.0,0,1.8,,1019.5,657,0
2007-11-03,20.4,14.4,27.8,64,0.0,0,1.8,,1023.2,539,2
2007-11-04,20.5,13.3,29.4,65,0.0,0,3.2,,1021.8,599,0
2007-11-05,22.1,16.1,30.0,66,0.0,0,6.5,,1016.6,561,1
2007-11-06,16.5,14.4,20.6,41,0.0,0,9.7,,1024.6,0,8
2007-11-07,15.9,12.8,20.6,35,0.0,0,2.2,,1025.6,136,
2007-11-08,18.2,12.2,25.6,66,0.0,0,5.4,,1018.0,262,4
2007-11-09,22.5,16.7,29.4,67,0.0,0,6.5,,1016.0,486,1
2007-11-10,23.1,19.4,29.4,72,0.0,0,9.4,,1015.7,384,4
2007-11-11,22.1,17.8,27.8,70,0.0,0,9.0,,1015.0,255,4
2007-11-12,22.8,18.3,28.9,69,0.0,0,6.1,,1018.4,308,3
2007-11-13,22.9,18.9,28.9,69,0.0,0,4.0,,1018.2,340,4
2007-11-14,22.4,16.7,30.6,60,0.0,0,10.1,,1015.1,504,2
2007-11-15,14.6,7.2,19.4,22,0.0,0,12.2,,1028.3,612,0
2007-11-16,13.1,4.4,22.8,39,0.0,0,4.3,,1020.6,592,0
2007-11-17,17.8,13.9,21.7,78,0.3,0,2.2,,1013.6,22,5
2007-11-18,19.8,16.7,23.3,80,0.0,0,2.5,,1016.1,84,6
2007-11-19,20.0,15.0,26.1,78,0.0,0,3.2,,1019.4,252,4
2007-11-20,22.8,20.0,28.9,74,0.0,0,9.7,,1015.2,133,6
2007-11-21,21.0,8.3,31.7,61,0.0,0,14.0,,1014.4,414,4
2007-11-22,6.8,3.3,11.1,49,0.0,0,14.8,,1028.8,98,5
2007-11-23,6.9,4.4,8.9,55,0.0,0,7.2,,1027.2,0,8
2007-11-24,6.0,4.4,8.3,83,22.6,0,12.2,,1018.8,0,8
2007-11-25,5.2,2.8,6.7,84,5.6,0,7.2,,1017.1,0,7
2007-11-26,8.5,2.2,17.2,66,0.0,0,5.0,,1022.8,569,0
2007-11-27,9.8,2.8,17.8,66,0.0,0,2.9,,1028.8,612,0
2007-11-28,12.5,5.0,22.2,73,0.0,0,4.7,,1022.8,385,0
2007-11-29,12.9,6.7,20.0,54,0.0,0,4.3,,1024.8,598,0
2007-11-30,15.6,9.4,21.1,78,1.0,0,4.7,,1022.1,19,6
2007-12-01,20.6,18.3,23.3,81,0.0,0,13.7,,1015.7,12,8
2007-12-02,22.2,12.2,28.9,60,0.0,0,9.0,,1018.8,243,4
2007-12-03,10.0,2.8,17.2,39,0.0,0,6.8,,1031.8,619,0
2007-12-04,10.4,0.6,21.7,51,0.0,0,2.9,,1020.0,618,0
2007-12-05,14.9,5.6,26.1,50,0.0,0,2.5,,1012.2,617,0
2007-12-06,15.4,7.2,23.3,61,0.0,0,7.9,,1015.1,406,2
2007-12-07,21.5,19.4,26.1,77,0.0,0,8.6,,1013.4,238,6
2007-12-08,23.4,21.1,28.3,74,0.0,0,12.6,,1014.9,151,7
2007-12-09,18.4,5.0,26.7,77,0.0,0,12.2,,1018.4,172,7
2007-12-10,6.7,3.9,10.0,89,0.3,0,5.8,,1021.4,0,8
2007-12-11,18.9,10.0,26.7,84,7.4,0,9.4,,,83,
2007-12-12,7.5,5.6,13.3,87,3.8,0,11.2,,1022.3,0,8
2007-12-13,9.9,4.4,16.1,70,0.0,0,3.6,,1023.0,278,6
2007-12-14,11.8,10.0,15.0,88,3.0,0,1.8,,1017.3,0,8
2007-12-15,10.7,2.8,15.0,65,1.8,0,14.0,,1018.2,502,4
2007-12-16,5.1,-1.1,12.8,49,0.0,0,3.2,,1028.5,612,0
2007-12-17,6.9,-1.1,14.4,54,0.0,0,4.7,,1026.4,545,0
2007-12-18,15.1,6.7,24.4,63,0.0,0,3.2,,1020.5,612,1
2007-12-19,15.0,8.3,20.0,83,0.0,0,1.1,,1017.3,0,6
2007-12-20,17.2,9.4,23.3,52,0.0,0,7.2,,1012.6,600,2
2007-12-21,14.7,3.9,25.0,53,0.0,0,7.2,,1010.1,522,0
2007-12-22,13.6,2.8,20.0,50,0.0,0,13.7,,1015.1,552,1
2007-12-23,5.1,-2.2,13.3,42,0.0,0,4.7,,1027.7,612,0
2007-12-24,6.9,-1.7,16.1,43,0.0,0,2.9,,1023.9,612,0
2007-12-25,10.2,2.2,18.9,59,0.0,0,7.9,,1017.9,412,3
2007-12-26,10.7,2.8,13.9,60,0.3,0,9.4,,1013.2,562,3
2007-12-27,7.1,-1.1,15.6,70,0.5,0,8.6,,1013.8,374,3
2007-12-28,10.9,4.4,15.6,43,0.0,0,10.8,,1018.4,557,2
2007-12-29,7.4,-0.6,15.6,51,0.0,0,3.6,,1020.1,598,0
2007-12-30,11.3,3.3,20.6,43,0.0,0,3.2,,1017.5,612,0
2007-12-31,12.3,5.6,22.8,39,0.0,0,7.9,,1019.8,614,0
2008-01-01,7.8,3.3,12.8,26,0.0,0,13.7,,1038.7,614,0
2008-01-02,3.7,-1.1,10.0,38,0.0,0,5.0,,1045.3,566,0
2008-01-03,4.6,-1.7,11.7,41,0.0,0,7.2,,1038.6,577,0
2008-01-04,9.3,1.1,18.9,73,0.0,0,5.0,,1027.1,210,4
2008-01-05,19.3,14.4,26.1,67,0.0,0,10.8,,1018.1,345,3
2008-01-06,18.9,14.4,23.9,75,0.0,0,12.2,,1014.9,73,6
2008-01-07,21.4,18.9,26.7,75,0.3,0,13.7,,1011.7,20,6
2008-01-08,19.0,8.3,22.2,53,0.0,0,9.7,,1016.2,352,4
2008-01-09,11.7,3.3,20.0,46,0.0,0,4.3,,1018.2,619,0
2008-01-10,13.2,5.6,20.6,48,0.0,0,5.8,,1014.0,605,0
2008-01-11,11.7,2.8,20.6,43,0.0,0,4.3,,1014.2,620,0
2008-01-12,12.8,6.1,21.7,49,0.0,0,8.6,,1014.5,466,2
2008-01-13,10.7,3.3,17.8,41,0.0,0,4.3,,1023.1,609,0
2008-01-14,10.0,1.1,17.2,49,0.0,0,1.8,,1027.5,479,3
2008-01-15,10.0,7.8,11.7,61,1.3,0,4.7,,1022.4,15,7
2008-01-16,9.6,7.8,13.9,79,0.0,0,5.8,,1014.0,109,6
2008-01-17,4.3,0.0,8.3,45,0.0,0,10.8,,1021.9,238,7
2008-01-18,2.6,0.6,4.4,75,6.9,0,9.4,,1022.3,0,8
2008-01-19,3.7,-1.1,10.0,61,0.0,0,8.3,,1028.9,623,1
2008-01-20,5.0,-3.9,13.3,53,0.0,0,9.4,,1030.5,509,2
2008-01-21,9.5,6.7,12.8,86,10.2,0,3.6,,1023.2,0,8
2008-01-22,8.7,1.1,15.0,91,0.0,0,8.6,,,0,8
2008-01-23,2.6,1.1,5.0,88,0.3,0,6.5,,,0,8
2008-01-24,4.8,2.8,6.7,62,0.0,0,10.1,,1027.0,0,8
2008-01-25,4.9,3.9,5.6,78,1.0,0,3.6,,1027.4,0,8
2008-01-26,11.1,2.8,22.8,65,0.0,0,2.5,,1025.0,291,
2008-01-27,12.9,4.4,21.1,63,0.0,0,5.0,,1024.8,423,0
2008-01-28,15.6,10.6,22.2,82,0.0,0,7.6,,1014.6,27,7
2008-01-29,17.5,6.1,22.8,52,0.0,0,14.8,,1011.6,289,3
2008-01-30,8.8,0.0,16.1,42,0.0,0,10.1,,1017.3,443,3
2008-01-31,11.8,4.4,16.1,49,1.0,0,14.8,,1015.8,613,2
2008-02-01,7.9,-2.2,17.2,39,0.0,0,7.6,,1023.2,567,0
2008-02-02,15.3,6.1,25.6,60,0.0,0,9.0,,1017.5,556,2
2008-02-03,21.1,17.8,27.2,72,0.0,0,9.7,,1012.3,194,6
2008-02-04,22.2,20.6,26.7,72,0.0,0,12.6,,1007.8,113,6
2008-02-05,20.9,9.4,27.8,55,0.0,0,13.7,,1006.6,226,5
2008-02-06,8.9,2.8,15.6,40,0.0,0,8.3,,1019.4,653,0
2008-02-07,11.1,3.3,18.9,39,0.0,0,4.7,,1017.3,655,
2008-02-08,15.2,2.8,27.8,39,0.0,0,6.5,,1013.6,656,
2008-02-09,16.8,7.8,27.2,35,0.0,0,2.9,,1018.3,484,1
2008-02-10,16.8,11.7,23.3,56,0.0,0,6.1,,1023.9,207,
2008-02-11,18.8,15.6,23.9,75,0.0,0,11.2,,1016.0,48,7
2008-02-12,16.2,8.3,20.0,52,0.0,0,14.8,,1013.7,411,4
2008-02-13,11.3,2.8,20.6,39,0.0,0,6.8,,1019.5,664,0
2008-02-14,15.8,7.2,26.1,62,0.0,0,13.7,,1015.1,280,3
2008-02-15,17.2,6.7,25.0,79,4.1,0,9.7,,1017.2,16,8
2008-02-16,6.7,5.0,7.8,88,7.6,0,7.2,,1011.4,15,
2008-02-17,12.6,3.9,21.7,60,0.0,0,7.2,,1009.8,637,
2008-02-18,11.1,5.6,17.2,48,0.0,0,5.0,,1021.2,583,0
2008-02-19,12.7,2.8,21.1,50,0.0,0,7.6,,1023.2,462,2
2008-02-20,17.6,13.3,23.9,73,0.0,0,4.7,,1014.8,33,7
2008-02-21,18.0,8.9,23.3,78,1.3,0,6.8,,,258,5
2008-02-22,11.2,4.4,21.1,59,0.0,0,8.3,,1014.8,637,
2008-02-23,14.8,4.4,24.4,61,0.0,0,7.9,,1015.5,667,0
2008-02-24,19.6,13.3,27.2,49,0.0,0,6.8,,1018.7,683,1
2008-02-25,21.3,10.6,33.3,48,0.0,0,10.1,,1010.1,500,0
2008-02-26,12.8,6.1,18.9,33,0.0,0,18.0,,1022.5,678,0
2008-02-27,9.6,-0.6,19.4,32,0.0,0,5.0,,1026.6,689,0
2008-02-28,14.8,5.0,25.0,52,0.0,0,12.6,,1018.7,685,
2008-02-29,19.7,14.4,27.2,66,0.0,0,8.6,,1019.4,157,
2008-03-01,20.8,16.7,27.8,66,0.0,0,7.9,,1021.5,205,4
2008-03-02,20.4,16.7,24.4,74,0.0,0,18.4,,1009.6,17,7
2008-03-03,11.8,3.9,22.2,68,14.0,0,19.8,,1011.6,25,
2008-03-04,10.7,1.1,22.2,42,0.0,0,6.1,,1017.1,698,0
2008-03-05,16.0,5.0,26.1,37,0.0,0,8.3,,1011.6,699,0
2008-03-06,8.5,3.3,16.1,73,5.3,0,14.4,,1014.4,0,8
2008-03-07,8.2,2.8,16.1,43,0.0,0,13.3,,1020.7,555,4
2008-03-08,9.4,0.6,18.9,38,0.0,0,7.6,,1021.6,705,0
2008-03-09,13.2,5.0,21.1,66,0.3,0,9.4,,1019.3,113,
2008-03-10,13.8,9.4,16.1,84,24.4,0,4.7,,,22,
2008-03-11,13.2,8.3,21.7,66,0.0,0,3.2,,1024.4,501,3
2008-03-12,15.9,6.1,25.6,52,0.0,0,8.3,,1017.7,712,0
2008-03-13,18.8,13.3,27.2,70,0.0,0,11.5,,1009.1,295,5
2008-03-14,25.0,17.2,35.6,50,0.0,0,7.9,,1002.8,633,2
2008-03-15,22.8,16.1,28.9,27,0.0,0,10.4,,1005.8,718,0
2008-03-16,17.8,11.1,23.9,64,0.0,0,13.7,,1011.5,260,4
2008-03-17,22.1,18.9,25.6,76,0.5,0,16.6,,,6,
2008-03-18,19.6,10.6,24.4,79,26.4,0,18.0,,1002.5,8,8
2008-03-19,14.5,7.8,21.1,48,0.0,0,14.0,,1018.3,725,2
2008-03-20,14.7,4.4,24.4,44,0.0,0,7.9,,1023.9,727,0
2008-03-21,16.8,7.8,26.1,55,0.0,0,7.9,,1019.0,676,0
2008-03-22,19.1,10.6,26.7,55,0.0,0,5.8,,1018.0,674,0
2008-03-23,16.3,12.2,18.9,38,0.0,0,14.8,,1024.8,216,3
2008-03-24,14.1,8.3,20.6,37,0.0,0,7.9,,1028.5,719,2
2008-03-25,17.2,9.4,26.1,61,0.0,0,12.2,,1021.5,631,3
2008-03-26,21.6,17.8,29.4,68,0.0,0,15.1,,1016.3,281,6
2008-03-27,22.0,18.3,29.4,66,0.0,0,13.7,,1010.5,260,5
2008-03-28,19.1,13.3,22.8,75,0.0,0,9.4,,1011.8,9,8
2008-03-29,16.9,12.8,24.4,76,0.3,0,3.6,,1015.1,50,6
2008-03-30,23.0,20.6,27.8,79,0.8,0,8.6,,1012.4,51,6
2008-03-31,22.8,21.1,25.6,81,0.8,0,10.8,,1010.7,74,7
2008-04-01,21.8,16.1,26.1,69,0.0,0,7.9,,1015.7,202,6
2008-04-02,19.8,15.6,25.6,70,0.0,0,6.1,,1018.2,24,7
2008-04-03,23.6,20.6,27.2,72,0.0,0,13.0,,1010.8,21,7
2008-04-04,18.5,12.8,21.7,69,3.6,0,10.8,,1010.7,280,5
2008-04-05,16.3,7.2,25.0,50,0.0,0,4.7,,1013.8,757,0
2008-04-06,21.3,13.9,30.6,56,0.0,0,10.4,,1009.9,661,3
2008-04-07,23.8,18.3,31.1,63,0.0,0,10.1,,1010.2,471,5
2008-04-08,25.2,21.1,32.2,63,0.0,0,11.5,,1008.4,358,5
2008-04-09,22.7,21.1,25.0,80,0.0,0,14.8,,1007.0,10,7
2008-04-10,23.3,15.0,30.0,56,7.4,0,6.8,,1003.1,552,4
2008-04-11,21.2,15.0,27.2,33,0.0,0,9.4,,1011.8,688,2
2008-04-12,17.4,10.0,23.9,36,0.0,0,8.3,,1020.8,675,0
2008-04-13,16.5,9.4,24.4,36,0.0,0,10.8,,1024.5,771,0
2008-04-14,15.2,5.0,23.9,34,0.0,0,4.3,,1025.7,773,0
2008-04-15,17.1,6.1,26.7,44,0.0,0,10.1,,1021.2,774,0
2008-04-16,18.6,12.8,25.0,63,0.0,0,13.0,,1015.3,98,6
2008-04-17,22.1,15.0,28.9,63,23.6,0,14.4,,1010.4,192,6
2008-04-18,17.3,10.0,25.0,50,2.0,0,8.3,,1017.1,582,3
2008-04-19,20.0,10.0,30.0,42,0.0,0,6.5,,1016.0,765,0
2008-04-20,19.7,12.8,26.7,69,0.0,0,8.3,,1011.5,8,5
2008-04-21,24.8,21.1,30.0,71,0.0,0,7.6,,1010.1,96,8
2008-04-22,26.5,22.2,33.3,66,0.0,0,8.3,,1011.2,318,5
2008-04-23,25.9,22.2,32.2,63,0.0,0,13.3,,1012.2,210,5
2008-04-24,25.2,22.2,31.1,67,0.0,0,13.0,,1010.7,228,6
2008-04-25,24.6,17.2,29.4,70,18.8,0,9.7,,1010.8,33,6
2008-04-26,21.9,17.2,28.3,65,0.0,0,6.5,,1013.9,385,2
2008-04-27,17.4,12.8,21.1,71,34.0,0,13.7,,,53,4
2008-04-28,17.2,8.3,25.6,43,0.0,0,3.6,,1022.8,797,0
2008-04-29,19.5,10.0,27.2,41,0.0,0,9.0,,1018.3,799,0
2008-04-30,21.0,12.2,29.4,60,0.0,0,12.6,,1010.5,495,1
2008-05-01,24.2,21.1,30.0,70,0.0,0,12.2,,1004.4,246,6
2008-05-02,25.8,20.0,31.1,51,0.0,0,7.9,,1005.5,474,4
2008-05-03,19.5,15.0,25.6,42,0.0,0,9.4,,1015.8,732,0
2008-05-04,21.0,13.9,28.3,50,2.5,0,6.8,,1017.4,271,2
2008-05-05,20.9,19.4,22.8,82,2.8,0,9.0,,1016.4,0,8
2008-05-06,23.8,20.0,29.4,74,0.0,0,9.4,,1012.6,154,6
2008-05-07,25.3,20.6,32.2,59,0.0,0,11.9,,1003.9,430,4
2008-05-08,25.6,17.2,32.8,42,0.0,0,5.8,,1006.6,812,0
2008-05-09,28.2,21.1,36.1,61,0.0,0,7.9,,1006.2,644,0
2008-05-10,27.9,24.4,35.0,67,4.6,0,7.9,,1005.2,383,4
2008-05-11,23.6,17.2,27.2,36,0.0,0,13.0,,1014.5,742,2
2008-05-12,20.9,15.6,25.6,50,0.0,0,7.9,,1012.4,12,6
2008-05-13,26.2,23.3,31.7,72,1.0,0,9.4,,1007.6,128,7
2008-05-14,25.6,18.3,32.2,76,26.4,0,7.6,,1008.1,148,6
2008-05-15,21.7,18.3,27.2,70,1.5,0,9.4,,1011.3,222,4
2008-05-16,22.1,18.3,26.7,49,0.0,0,8.6,,1017.4,621,0
2008-05-17,21.8,16.1,28.3,56,0.0,0,1.8,,1015.6,238,4
2008-05-18,24.8,16.1,33.9,47,0.0,0,4.3,,1011.4,824,1
2008-05-19,27.1,15.6,36.7,41,0.0,0,5.0,,1008.3,825,0
2008-05-20,29.4,21.1,38.3,45,0.0,0,6.8,,1006.6,827,0
2008-05-21,28.7,23.3,36.1,60,0.0,0,13.3,,1003.1,584,3
2008-05-22,28.8,23.9,35.0,64,0.8,0,15.5,,998.4,306,5
2008-05-23,30.7,25.6,37.8,58,0.0,0,15.5,,1002.1,674,3
2008-05-24,30.1,25.6,36.7,62,0.0,0,13.0,,1008.5,308,4
2008-05-25,30.3,26.1,37.2,59,0.0,0,10.8,,1010.6,442,4
2008-05-26,29.4,25.6,35.6,63,3.0,0,12.2,,1009.4,482,5
2008-05-27,28.6,22.2,37.2,62,0.5,0,11.9,,1011.7,333,5
2008-05-28,27.7,21.7,35.0,57,0.0,0,5.8,,1016.5,697,3
2008-05-29,28.7,22.8,34.4,56,0.0,0,7.2,,1016.1,432,3
2008-05-30,28.5,21.7,35.6,51,0.0,0,9.4,,1013.8,744,1
2008-05-31,29.7,23.3,37.2,54,0.0,0,11.2,,1013.2,755,2
2008-06-01,30.0,23.9,37.8,54,0.0,0,11.5,,1012.5,771,1
2008-06-02,30.4,24.4,38.3,54,0.0,0,13.7,,1011.7,727,2
2008-06-03,30.4,25.0,37.8,53,0.0,0,15.8,,1008.1,721,3
2008-06-04,29.7,25.0,37.2,56,0.0,0,19.1,,1004.2,504,4
2008-06-05,29.7,26.7,35.0,58,0.0,0,20.9,,1003.8,257,6
2008-06-06,29.6,25.0,36.1,63,5.8,0,13.3,,1009.9,326,5
2008-06-07,30.5,26.1,37.8,59,0.0,0,15.5,,1012.6,439,4
2008-06-08,30.7,26.1,37.8,57,0.0,0,15.1,,1011.6,517,4
2008-06-09,30.9,26.1,38.3,54,0.0,0,13.7,,1010.0,539,4
2008-06-10,30.3,25.6,38.9,54,0.0,0,11.5,,1012.0,397,4
2008-06-11,30.6,25.0,38.3,53,0.0,0,14.8,,1010.5,473,4
2008-06-12,30.1,25.6,37.2,55,0.0,0,13.3,,,514,4
2008-06-13,30.0,24.4,37.2,58,0.0,0,11.9,,1013.1,412,4
2008-06-14,30.3,24.4,37.2,56,0.0,0,9.4,,1014.0,569,3
2008-06-15,30.7,23.9,38.3,52,0.0,0,9.4,,1011.6,720,1
2008-06-16,30.8,23.9,38.3,51,0.0,0,10.4,,1011.1,748,1
2008-06-17,30.3,23.3,38.3,54,0.0,0,7.6,,1013.6,592,1
2008-06-18,30.9,23.3,39.4,48,0.0,0,2.5,,1011.3,538,1
2008-06-19,31.1,23.9,38.3,47,0.0,0,7.9,,1010.4,639,0
2008-06-20,27.5,23.3,33.3,56,0.0,0,4.7,,1014.0,172,1
2008-06-21,27.4,21.1,36.1,55,0.0,0,4.3,,1017.0,440,1
2008-06-22,29.6,20.0,37.8,41,0.0,0,5.4,,1016.1,730,0
2008-06-23,30.5,22.2,37.8,38,0.0,0,6.8,,1014.8,370,0
2008-06-24,29.2,23.9,36.7,56,0.0,0,11.5,,1017.3,363,1
2008-06-25,30.0,24.4,37.8,55,0.0,0,12.2,,1017.3,568,2
2008-06-26,30.5,25.0,37.8,53,0.0,0,13.0,,1014.5,568,3
2008-06-27,30.5,24.4,38.3,53,0.0,0,13.0,,1012.5,597,2
2008-06-28,30.3,24.4,38.3,54,0.0,0,12.2,,1013.8,649,1
2008-06-29,28.9,21.7,37.8,59,11.4,0,7.9,,1017.3,243,2
2008-06-30,27.3,21.7,33.9,65,1.5,0,3.6,,1018.7,241,1
2008-07-01,28.8,22.2,36.7,52,0.0,0,4.3,,1016.2,372,1
2008-07-02,26.5,20.6,33.9,66,0.0,0,5.4,,1014.5,565,0
2008-07-03,27.5,21.7,36.7,64,0.0,0,4.7,,1014.6,410,2
2008-07-04,27.3,21.7,35.6,66,0.0,0,6.8,,1016.0,429,1
2008-07-05,27.3,21.7,36.1,64,0.0,0,7.6,,1015.4,354,1
2008-07-06,27.6,20.6,35.6,61,0.0,0,9.0,,1014.2,497,1
2008-07-07,26.6,22.8,36.7,74,2.0,0,5.4,,1014.8,328,2
2008-07-08,26.5,22.8,36.1,77,0.0,0,5.0,,1015.0,425,3
2008-07-09,28.8,22.2,37.8,66,0.0,0,6.5,,1015.7,578,3
2008-07-10,29.6,23.9,36.7,62,0.0,0,9.0,,1016.2,532,2
2008-07-11,30.0,24.4,37.8,58,0.0,0,13.3,,1016.2,645,2
2008-07-12,29.9,22.8,38.3,56,0.0,0,11.2,,1015.8,731,
2008-07-13,30.2,22.8,38.3,56,0.0,0,6.1,,1013.7,739,
2008-07-14,29.7,23.9,40.6,58,0.0,0,4.3,,1012.2,504,
2008-07-15,30.3,23.9,37.8,57,0.0,0,6.1,,1013.8,651,0
2008-07-16,29.1,25.0,36.1,61,0.0,0,6.1,,1016.1,359,1
2008-07-17,30.3,23.3,37.8,53,0.0,0,7.9,,1015.0,683,1
2008-07-18,29.8,23.3,37.2,56,0.0,0,9.0,,1013.3,606,1
2008-07-19,29.8,22.8,37.8,58,0.0,0,9.0,,1014.3,606,2
2008-07-20,30.6,23.9,38.3,51,0.0,0,7.9,,1016.3,760,0
2008-07-21,31.6,25.6,38.9,48,0.0,0,7.6,,1014.2,563,0
2008-07-22,30.9,23.9,38.9,48,0.0,0,7.6,,1011.8,729,1
2008-07-23,29.0,24.4,36.7,64,0.0,0,9.4,,1011.6,367,2
2008-07-24,25.7,23.9,32.2,86,7.6,0,7.2,,1013.5,11,5
2008-07-25,29.1,24.4,36.7,68,0.0,0,9.7,,1016.9,505,4
2008-07-26,29.9,23.9,37.8,59,0.0,0,7.9,,1016.9,714,2
2008-07-27,30.7,23.3,38.9,50,0.0,0,8.3,,1012.9,769,0
2008-07-28,31.0,24.4,39.4,54,0.0,0,10.8,,1010.1,752,1
2008-07-29,30.3,23.9,38.9,57,0.0,0,11.2,,1009.8,722,2
2008-07-30,30.1,23.9,37.2,58,0.0,0,9.4,,1009.3,671,2
2008-07-31,31.5,26.1,38.9,57,0.0,0,10.4,,1008.4,595,2
2008-08-01,31.1,25.0,38.3,58,0.0,0,9.4,,1010.7,646,2
2008-08-02,31.5,25.6,38.9,55,0.0,0,6.1,,1012.2,703,2
2008-08-03,31.9,23.9,40.6,50,0.0,0,6.8,,1012.2,757,0
2008-08-04,32.0,24.4,39.4,44,0.0,0,4.3,,1011.9,705,0
2008-08-05,30.0,25.0,35.6,54,0.0,0,3.6,,1011.8,148,1
2008-08-06,29.2,22.8,37.2,64,3.8,0,9.4,,1014.3,338,4
2008-08-07,31.0,25.0,38.3,55,0.0,0,8.6,,1014.3,751,2
2008-08-08,31.2,23.3,38.9,52,0.0,0,7.2,,1012.4,687,0
2008-08-09,31.4,24.4,38.9,50,0.0,0,9.4,,1011.0,777,0
2008-08-10,31.6,25.0,40.0,52,0.0,0,11.5,,1008.8,697,1
2008-08-11,30.4,25.6,37.8,60,0.0,0,7.9,,1008.3,462,4
2008-08-12,28.3,25.6,33.3,71,0.8,0,5.0,,1007.7,10,3
2008-08-13,30.4,24.4,37.8,54,0.0,0,5.8,,1009.1,756,1
2008-08-14,31.1,23.3,38.3,53,0.0,0,5.8,,1010.4,708,0
2008-08-15,29.5,24.4,37.2,64,0.0,0,5.4,,1011.9,325,2
2008-08-16,26.8,22.8,33.9,70,0.8,0,3.6,,1014.3,65,3
2008-08-17,26.8,22.8,33.9,71,1.8,0,6.1,,1013.4,40,5
2008-08-18,25.0,23.3,30.0,88,1.0,0,4.7,,1011.1,31,5
2008-08-19,24.4,21.1,30.6,88,48.8,0,5.0,,,187,6
2008-08-20,27.3,22.8,34.4,69,0.0,0,4.3,,1009.6,438,5
2008-08-21,28.4,23.3,36.1,71,0.0,0,5.8,,1010.4,281,2
2008-08-22,27.8,23.3,36.1,74,0.5,0,6.8,,1013.2,200,3
2008-08-23,28.3,22.8,35.6,68,0.0,0,2.5,,1014.5,238,3
2008-08-24,27.8,23.3,35.6,68,0.0,0,5.4,,1012.4,523,1
2008-08-25,27.5,23.3,36.1,72,2.8,0,2.9,,1010.1,506,1
2008-08-26,27.6,22.8,35.6,69,0.0,0,2.9,,1009.5,420,0
2008-08-27,29.0,23.3,36.1,65,0.0,0,5.4,,1010.4,590,1
2008-08-28,28.8,24.4,35.6,67,0.0,0,6.5,,1010.6,599,3
2008-08-29,29.1,24.4,36.7,65,0.0,0,2.9,,1012.2,342,1
2008-08-30,29.2,23.9,35.6,60,0.5,0,4.7,,1012.8,682,1
2008-08-31,29.2,23.3,36.1,59,0.0,0,2.9,,1011.7,646,1
2008-09-01,29.8,23.3,36.1,55,0.0,0,6.1,,1007.7,674,1
2008-09-02,30.7,23.9,38.3,50,0.0,0,9.4,,1005.6,740,0
2008-09-03,29.2,25.0,33.9,52,0.0,0,11.2,,1007.4,736,1
2008-09-04,27.4,20.6,35.0,52,0.0,0,6.5,,1009.3,740,0
2008-09-05,28.2,21.7,35.6,51,0.0,0,5.8,,1011.2,735,0
2008-09-06,27.8,20.0,36.1,51,0.0,0,3.6,,1013.4,676,1
2008-09-07,27.5,19.4,35.6,55,0.0,0,6.1,,1014.9,731,0
2008-09-08,28.7,23.3,35.6,61,0.0,0,6.1,,1013.3,531,4
2008-09-09,29.1,23.9,36.1,62,0.0,0,4.0,,1012.6,466,5
2008-09-10,29.3,25.0,35.0,59,0.0,0,6.8,,1011.7,511,4
2008-09-11,29.6,23.9,37.2,61,0.0,0,9.0,,1010.3,554,4
2008-09-12,29.8,24.4,36.1,59,0.0,0,9.0,,1005.6,656,1
2008-09-13,29.7,25.6,36.1,61,0.3,0,13.0,,999.5,273,2
2008-09-14,28.5,24.4,34.4,55,0.0,0,10.1,,1011.5,684,2
2008-09-15,22.6,18.9,26.1,43,0.0,0,10.1,,1020.8,439,0
2008-09-16,22.4,17.2,30.0,35,0.0,0,6.1,,1022.3,678,0
2008-09-17,21.5,15.0,28.3,49,0.0,0,3.2,,1020.8,466,0
2008-09-18,22.5,17.2,28.9,57,0.3,0,3.6,,1019.3,495,1
2008-09-19,23.3,15.6,31.1,57,0.0,0,3.2,,1017.5,701,0
2008-09-20,24.8,16.1,32.8,54,0.0,0,3.6,,1016.6,709,0
2008-09-21,25.7,17.8,33.3,56,0.0,0,4.3,,1017.5,671,2
2008-09-22,26.5,18.9,34.4,57,0.0,0,6.1,,1018.5,632,2
2008-09-23,27.2,21.1,33.3,56,0.0,0,5.0,,1018.5,501,2
2008-09-24,26.6,21.1,33.3,59,0.0,0,5.8,,1019.2,502,1
2008-09-25,25.8,20.0,32.2,50,0.0,0,6.1,,1020.0,689,1
2008-09-26,24.5,17.8,32.8,49,0.0,0,3.2,,1017.6,612,1
2008-09-27,24.7,17.8,32.8,46,0.0,0,4.0,,1016.3,656,
2008-09-28,24.6,16.7,32.2,41,0.0,0,2.5,,1017.5,718,0
2008-09-29,24.3,16.1,33.3,43,0.0,0,3.2,,1017.9,716,0
2008-09-30,25.6,17.2,35.6,40,0.0,0,7.6,,1018.1,715,0
2008-10-01,24.2,15.0,32.2,37,0.0,0,1.8,,1017.3,713,0
2008-10-02,24.5,15.6,33.3,38,0.0,0,3.2,,1014.5,710,0
2008-10-03,26.0,19.4,33.9,54,0.0,0,7.6,,1013.3,708,0
2008-10-04,25.4,18.9,33.3,55,0.0,0,11.2,,1015.8,673,1
2008-10-05,24.6,17.8,32.8,59,0.0,0,11.5,,1014.1,401,4
2008-10-06,25.5,21.7,30.6,68,0.0,0,8.6,,1011.2,144,7
2008-10-07,23.6,17.8,30.0,57,23.9,0,9.4,,1016.8,643,2
2008-10-08,21.8,13.9,31.7,43,0.0,0,3.2,,1017.5,700,0
2008-10-09,22.0,12.2,31.1,47,0.0,0,4.7,,1014.7,698,0
2008-10-10,23.4,16.1,32.2,58,0.0,0,8.3,,1013.3,637,0
2008-10-11,24.1,18.3,32.2,66,0.0,0,7.9,,1014.9,376,4
2008-10-12,25.4,18.9,32.8,62,0.0,0,11.5,,1014.4,446,3
2008-10-13,26.0,22.2,32.8,68,0.0,0,10.4,,1016.2,158,6
2008-10-14,24.5,21.7,30.6,80,1.0,0,4.7,,1016.8,221,6
2008-10-15,22.1,18.9,25.6,91,26.2,0,4.3,,1017.3,41,7
2008-10-16,18.0,15.6,21.1,73,0.0,0,9.0,,1022.4,173,6
2008-10-17,17.9,13.3,24.4,75,0.0,0,4.3,,1022.8,263,3
2008-10-18,20.0,13.3,27.8,60,0.0,0,4.3,,1023.3,681,0
2008-10-19,19.4,11.1,27.8,57,0.0,0,1.8,,1021.8,679,0
2008-10-20,21.0,13.9,28.9,64,0.0,0,5.4,,1021.4,677,0
2008-10-21,21.1,13.3,28.9,66,0.0,0,5.0,,1019.3,439,1
2008-10-22,20.5,16.1,29.4,69,0.0,0,9.0,,1016.4,284,4
2008-10-23,15.6,8.9,21.7,37,0.0,0,5.0,,1022.2,406,4
2008-10-24,15.8,5.6,26.7,46,0.0,0,2.9,,1018.1,672,0
2008-10-25,19.5,10.0,29.4,50,0.0,0,3.2,,1017.5,670,0
2008-10-26,22.0,15.0,30.0,66,0.0,0,4.0,,1018.8,373,1
2008-10-27,16.3,7.8,21.7,26,0.0,0,12.2,,1033.9,657,1
2008-10-28,12.4,4.4,21.7,38,0.0,0,1.8,,1033.4,655,0
2008-10-29,15.4,6.1,25.0,44,0.0,0,5.4,,1027.0,663,0
2008-10-30,19.2,11.7,27.8,67,0.0,0,7.9,,1026.1,534,1
2008-10-31,20.7,15.0,28.3,67,0.0,0,4.0,,1027.6,300,3
2008-11-01,20.5,13.3,28.9,66,0.0,0,2.2,,1025.2,538,1
2008-11-02,20.7,13.3,28.3,61,0.0,0,5.4,,1021.5,408,1
2008-11-03,20.2,13.3,27.2,64,0.0,0,7.2,,1019.3,395,1
2008-11-04,21.0,15.6,28.9,70,0.0,0,8.6,,1016.7,267,4
2008-11-05,23.7,20.0,30.0,68,0.0,0,14.8,,1010.8,293,6
2008-11-06,20.1,10.6,25.6,43,0.3,0,5.0,,1014.0,215,5
2008-11-07,15.1,8.9,23.3,42,0.0,0,4.7,,1019.0,642,1
2008-11-08,15.4,7.8,25.6,38,0.0,0,3.2,,1018.2,648,0
2008-11-09,16.9,6.7,26.7,45,0.0,0,7.6,,1015.8,639,0
2008-11-10,20.6,17.8,25.0,77,1.3,0,10.4,,1011.5,0,8
2008-11-11,21.4,17.2,26.1,86,14.0,0,3.6,,1011.4,47,7
2008-11-12,18.6,15.6,24.4,80,0.0,0,3.6,,1012.4,423,3
2008-11-13,18.1,11.7,25.6,77,0.0,0,5.0,,1012.3,279,2
2008-11-14,20.1,14.4,28.3,66,0.0,0,10.1,,1010.2,218,5
2008-11-15,11.6,6.1,15.6,34,0.0,0,13.0,,1028.3,637,0
2008-11-16,10.3,2.2,20.0,43,0.0,0,1.8,,1028.8,636,0
2008-11-17,13.2,3.3,24.4,41,0.0,0,2.2,,1027.3,635,0
2008-11-18,14.5,7.2,22.8,46,0.0,0,5.4,,1029.4,634,0
2008-11-19,15.6,7.8,26.1,57,0.0,0,3.2,,1024.7,632,0
2008-11-20,16.0,10.0,25.0,64,0.0,0,8.3,,1023.3,319,2
2008-11-21,8.9,5.6,12.8,39,0.0,0,9.7,,1032.8,372,5
2008-11-22,12.0,9.4,16.1,52,0.0,0,2.9,,1028.5,0,8
2008-11-23,17.9,14.4,23.9,84,1.3,0,5.8,,1021.5,9,7
2008-11-24,17.9,9.4,21.1,58,0.0,0,9.7,,1023.1,363,4
2008-11-25,12.2,4.4,21.7,43,0.0,0,2.5,,1025.5,620,0
2008-11-26,15.1,8.3,23.9,62,0.0,0,4.7,,1019.1,238,1
2008-11-27,17.9,12.8,24.4,84,0.0,0,2.9,,1015.9,231,3
2008-11-28,18.1,11.7,24.4,82,1.0,0,5.8,,1011.6,0,7
2008-11-29,12.4,9.4,15.6,80,0.5,0,6.1,,1010.0,98,6
2008-11-30,11.7,6.1,17.8,50,0.0,0,8.3,,1012.1,357,1
2008-12-01,11.1,3.3,16.1,32,0.0,0,9.4,,1021.4,376,2
2008-12-02,12.6,1.7,23.9,40,0.0,0,10.4,,1020.7,620,0
2008-12-03,18.3,7.8,26.7,61,0.0,0,15.8,,1014.5,396,4
2008-12-04,7.6,2.2,13.3,35,0.0,0,13.3,,1027.5,594,0
2008-12-05,5.8,0.6,11.1,37,0.0,0,5.8,,1029.2,545,1
2008-12-06,8.5,-1.7,19.4,43,0.0,0,1.1,,1022.9,617,0
2008-12-07,12.1,2.2,21.1,49,0.0,0,7.2,,1022.8,617,0
2008-12-08,17.4,11.7,23.3,80,0.0,0,11.9,,1011.0,97,8
2008-12-09,16.5,1.1,27.2,74,4.6,0,11.2,,1008.5,197,6
2008-12-10,4.1,0.6,10.0,54,2.0,0,14.8,,1023.1,394,2
2008-12-11,7.7,0.6,18.9,41,0.0,0,7.2,,1022.2,613,0
2008-12-12,10.6,3.3,18.9,43,0.0,0,6.1,,1025.0,613,0
2008-12-13,14.9,7.2,22.8,67,0.0,0,11.2,,1014.4,383,3
2008-12-14,19.9,15.6,26.1,74,0.0,0,13.7,,1008.9,341,
2008-12-15,4.2,-0.6,19.4,63,1.5,0,15.8,,1024.1,0,
2008-12-16,0.5,-1.7,2.8,79,0.0,0,5.4,,1024.2,0,8
2008-12-17,6.9,2.8,10.6,87,0.0,0,0.7,,1021.4,0,8
2008-12-18,14.0,10.0,19.4,98,0.8,0,1.4,,,0,
2008-12-19,20.4,17.2,23.9,84,0.3,0,1.4,,,97,7
2008-12-20,20.5,12.8,26.1,71,0.0,0,7.2,,1014.3,213,6
2008-12-21,4.9,1.7,12.8,36,0.0,0,17.6,,1027.9,29,6
2008-12-22,0.5,-2.2,2.8,38,0.3,0,9.4,,1030.9,0,8
2008-12-23,5.1,1.1,10.0,90,0.5,0,4.7,,1016.2,0,8
2008-12-24,15.5,10.0,23.3,56,0.0,0,8.6,,1018.4,394,3
2008-12-25,14.4,7.2,21.7,63,0.0,0,5.8,,1019.3,301,5
2008-12-26,22.9,20.6,26.7,79,0.0,0,17.6,,1011.6,149,7
2008-12-27,19.3,8.9,25.0,46,0.0,0,13.0,,1013.3,196,5
2008-12-28,8.5,3.3,13.3,38,0.3,0,1.8,,1025.7,326,3
2008-12-29,9.9,0.6,21.7,46,0.0,0,1.8,,1027.3,612,0
2008-12-30,13.1,3.9,23.9,40,0.0,0,3.6,,1020.6,569,0
2008-12-31,12.6,7.8,17.2,42,0.0,0,8.3,,1023.0,583,0
2009-01-01,11.9,3.3,20.0,63,0.0,0,4.7,,1017.1,469,2
2009-01-02,15.4,8.9,23.9,83,0.0,0,4.7,,1011.4,446,0
2009-01-03,21.8,17.2,28.3,71,0.0,0,7.2,,1007.4,406,3
2009-01-04,10.9,6.1,18.9,62,0.0,0,12.6,,1017.9,75,7
2009-01-05,3.2,1.7,6.1,74,2.0,0,7.6,,1020.1,0,8
2009-01-06,10.6,3.9,19.4,67,12.7,0,5.4,,1008.7,346,5
2009-01-07,12.3,1.7,23.3,42,0.0,0,4.7,,1012.6,609,0
2009-01-08,15.6,4.4,27.2,42,0.0,0,3.6,,1013.5,618,0
2009-01-09,20.9,17.2,26.7,75,0.3,0,10.8,,1011.8,322,4
2009-01-10,11.7,6.7,20.0,50,0.3,0,15.8,,1021.8,272,4
2009-01-11,8.3,2.8,16.7,35,0.0,0,6.8,,1028.0,515,0
2009-01-12,8.9,-1.1,17.8,46,0.0,0,4.7,,1022.9,622,0
2009-01-13,8.2,2.8,13.3,30,0.0,0,8.3,,1029.3,623,0
2009-01-14,7.7,-1.1,17.8,38,0.0,0,2.9,,1025.7,624,0
2009-01-15,7.5,2.8,12.8,52,0.0,0,7.9,,1032.0,519,3
2009-01-16,5.8,2.2,8.3,47,0.0,0,4.7,,1036.5,139,7
2009-01-17,13.5,8.3,20.0,63,0.0,0,5.0,,1026.5,108,8
2009-01-18,15.5,8.3,23.9,51,0.0,0,9.4,,1023.0,627,0
2009-01-19,15.0,7.2,21.7,26,0.0,0,11.2,,1017.7,629,0
2009-01-20,11.2,2.8,17.2,33,0.0,0,9.0,,1023.5,630,0
2009-01-21,11.7,-0.6,24.4,35,0.0,0,5.0,,1022.1,631,0
2009-01-22,16.6,6.1,26.1,32,0.0,0,7.9,,1017.3,585,0
2009-01-23,19.6,13.3,26.7,63,0.0,0,8.3,,1015.8,547,
2009-01-24,6.7,2.8,17.8,50,0.0,0,25.9,,1025.0,277,
2009-01-25,8.2,2.8,15.6,60,0.0,0,5.8,,1021.4,89,
2009-01-26,14.6,11.1,21.7,89,0.3,0,6.5,,1016.9,31,
2009-01-27,8.7,0.0,19.4,88,1.3,0,12.6,,1018.4,0,
2009-01-28,3.1,-2.2,11.1,72,2.0,0,6.5,,1023.7,618,2
2009-01-29,6.1,-2.2,14.4,61,0.0,0,5.4,,1024.1,641,0
2009-01-30,9.0,1.7,18.9,48,0.0,0,2.2,,1029.9,643,0
2009-01-31,12.2,2.2,21.7,32,0.0,0,7.2,,1024.4,629,0
2009-02-01,16.0,7.2,25.6,57,0.0,0,7.2,,1013.7,613,1
2009-02-02,11.2,2.8,17.8,27,0.0,0,9.7,,1023.5,647,0
2009-02-03,11.9,-1.1,25.0,33,0.0,0,4.7,,1025.2,648,0
2009-02-04,12.4,4.4,20.0,33,0.0,0,7.6,,1031.8,650,0
2009-02-05,15.2,7.8,23.9,62,0.0,0,10.4,,1029.5,621,2
2009-02-06,18.2,12.8,25.6,71,0.0,0,14.4,,1023.0,261,6
2009-02-07,19.9,17.2,24.4,66,0.0,0,15.5,,1021.2,204,6
2009-02-08,18.7,14.4,23.9,74,0.0,0,17.6,,1018.8,144,6
2009-02-09,17.7,13.9,22.2,83,17.8,0,4.0,,,197,5
2009-02-10,20.5,11.1,25.0,80,17.8,0,13.3,,1007.6,165,7
2009-02-11,15.8,10.0,22.8,31,0.0,0,9.4,,1016.6,661,1
2009-02-12,15.7,5.0,25.6,49,0.0,0,6.1,,1019.6,617,1
2009-02-13,20.1,15.6,26.7,66,0.0,0,5.4,,1014.0,420,4
2009-02-14,12.2,8.3,18.3,47,0.0,0,11.2,,1016.2,0,6
2009-02-15,13.7,10.0,19.4,47,0.0,0,11.5,,1021.0,441,5
2009-02-16,12.5,8.9,16.1,59,0.5,0,8.3,,1024.6,28,7
2009-02-17,14.4,11.7,17.2,93,1.3,0,2.5,,1015.3,0,8
2009-02-18,21.1,14.4,27.8,53,0.0,0,7.6,,1011.8,610,2
2009-02-19,13.4,7.2,17.8,31,0.0,0,10.4,,1023.7,674,0
2009-02-20,12.5,1.7,22.8,43,0.0,0,7.9,,1023.2,676,0
2009-02-21,13.1,6.7,17.2,50,0.0,0,13.0,,1021.7,470,2
2009-02-22,9.3,1.1,17.8,25,0.0,0,5.4,,1032.1,679,0
2009-02-23,12.4,1.7,21.7,42,0.0,0,8.3,,1027.8,664,0
2009-02-24,18.5,8.9,28.3,61,0.0,0,11.5,,1017.4,660,0
2009-02-25,21.6,15.0,30.6,67,0.0,0,11.9,,1013.4,511,3
2009-02-26,23.2,20.0,30.6,68,0.0,0,14.0,,1010.8,389,5
2009-02-27,23.5,14.4,32.8,62,0.0,0,10.4,,1007.9,469,4
2009-02-28,11.5,5.6,17.2,35,0.0,0,21.6,,1023.8,691,0
2009-03-01,8.5,1.1,17.2,29,0.0,0,10.4,,1033.0,693,0
2009-03-02,10.7,0.6,20.6,37,0.0,0,6.1,,1026.5,675,
2009-03-03,15.2,5.6,25.0,49,0.0,0,10.4,,1021.9,690,0
2009-03-04,18.6,10.6,28.9,64,0.0,0,11.9,,1018.7,596,2
2009-03-05,21.8,16.1,30.0,63,0.0,0,14.0,,1018.2,496,3
2009-03-06,22.5,18.3,30.0,62,0.0,0,16.9,,1017.7,400,4
2009-03-07,22.4,19.4,27.2,66,0.0,0,14.8,,1014.0,169,7
2009-03-08,24.2,21.1,28.9,65,0.0,0,9.0,,1014.2,303,6
2009-03-09,23.5,20.0,28.9,64,0.0,0,13.0,,1014.0,205,5
2009-03-10,23.4,20.0,28.9,66,0.0,0,10.4,,1012.7,199,6
2009-03-11,11.7,6.1,21.7,87,9.1,0,12.2,,1020.4,0,7
2009-03-12,6.0,4.4,7.2,88,40.4,0,11.2,,1024.5,0,8
2009-03-13,4.8,4.4,5.6,94,11.2,0,10.4,,,0,8
2009-03-14,7.4,5.0,10.0,83,0.0,0,5.8,,1018.7,0,8
2009-03-15,11.5,8.9,17.2,77,0.3,0,2.5,,1018.1,294,5
2009-03-16,16.9,6.1,29.4,61,0.0,0,4.0,,1020.7,711,0
2009-03-17,19.9,10.0,29.4,54,0.0,0,8.3,,1020.9,707,0
2009-03-18,19.6,13.3,28.3,61,0.0,0,8.6,,1018.4,474,2
2009-03-19,20.3,14.4,28.3,58,0.0,0,5.4,,1018.6,537,2
2009-03-20,19.9,10.6,27.8,50,0.0,0,7.6,,1020.5,727,0
2009-03-21,19.7,12.8,26.1,64,0.0,0,9.4,,1020.8,496,2
2009-03-22,21.7,17.2,28.3,66,0.0,0,15.1,,1018.2,402,5
2009-03-23,21.6,18.9,26.1,69,0.0,0,17.3,,1010.6,176,7
2009-03-24,21.5,19.4,25.0,81,1.0,0,7.9,,1008.7,66,6
2009-03-25,17.4,11.1,22.2,70,5.8,0,5.8,,1009.8,22,6
2009-03-26,16.9,12.2,25.0,82,4.8,0,5.0,,1005.0,280,5
2009-03-27,17.9,8.9,27.8,68,4.1,0,10.8,,1001.9,488,3
2009-03-28,11.7,3.9,20.0,31,0.0,0,13.3,,1011.1,742,0
2009-03-29,14.4,2.2,24.4,38,0.0,0,8.3,,1014.7,744,0
2009-03-30,19.5,12.8,28.9,66,0.0,0,11.9,,1006.2,238,4
2009-03-31,18.4,11.7,23.3,41,0.5,0,9.0,,1010.6,415,4
2009-04-01,16.7,7.8,25.0,47,0.0,0,9.4,,1007.2,532,0
2009-04-02,18.2,9.4,22.8,50,7.6,0,12.6,,1004.5,740,2
2009-04-03,17.0,7.2,27.2,43,0.0,0,8.3,,1009.5,753,0
2009-04-04,21.2,13.3,30.6,65,0.0,0,11.2,,1006.0,543,3
2009-04-05,18.3,13.3,21.7,44,0.0,0,16.6,,1014.8,745,1
2009-04-06,12.4,7.2,18.3,27,0.0,0,12.6,,1027.6,476,0
2009-04-07,14.4,3.9,25.0,31,0.0,0,4.3,,1025.0,760,0
2009-04-08,20.1,9.4,31.7,40,0.0,0,10.1,,1013.2,762,
2009-04-09,24.0,17.2,35.0,54,0.0,0,10.8,,1004.3,466,
2009-04-10,18.9,12.8,23.3,54,0.0,0,8.3,,1012.8,278,0
2009-04-11,16.0,14.4,17.8,56,0.0,0,7.2,,1016.2,0,6
2009-04-12,20.5,13.9,28.3,62,10.7,0,5.0,,1007.8,547,4
2009-04-13,17.7,10.6,24.4,48,0.0,0,8.3,,1012.0,766,0
2009-04-14,18.1,6.7,27.8,50,0.0,0,4.0,,1015.6,679,0
2009-04-15,20.6,13.9,28.3,52,0.0,0,11.5,,1014.3,521,0
2009-04-16,20.0,16.7,24.4,72,0.0,0,13.7,,1013.9,4,7
2009-04-17,17.6,16.1,18.9,94,31.5,0,7.9,,,0,8
2009-04-18,20.5,17.2,27.8,86,3.0,0,3.6,,1012.1,57,6
2009-04-19,20.9,15.0,26.7,54,0.0,0,12.6,,1016.6,631,2
2009-04-20,20.1,11.7,28.9,45,0.0,0,4.7,,1020.4,782,0
2009-04-21,24.5,16.1,33.9,31,0.0,0,7.2,,1016.1,784,0
2009-04-22,26.5,17.8,34.4,32,0.0,0,10.8,,1013.4,787,0
2009-04-23,22.9,17.2,29.4,60,0.0,0,13.7,,1013.2,339,2
2009-04-24,22.8,20.0,27.2,76,0.3,0,12.2,,1015.0,152,6
2009-04-25,24.9,22.2,30.6,75,0.0,0,15.5,,1014.8,44,8
2009-04-26,23.9,21.7,27.2,77,0.5,0,19.4,,1012.2,9,8
2009-04-27,19.7,16.1,23.3,90,16.5,0,7.6,,1015.4,95,6
2009-04-28,21.5,16.7,28.9,84,2.0,0,5.8,,1018.9,33,7
2009-04-29,24.0,22.2,27.8,77,0.0,0,15.1,,1015.6,27,8
2009-04-30,25.2,21.7,30.6,74,0.0,0,11.5,,1013.4,48,8
2009-05-01,25.5,22.2,31.1,74,0.0,0,11.2,,1013.3,117,7
2009-05-02,25.5,22.8,30.0,73,0.0,0,11.5,,1009.3,51,7
2009-05-03,23.4,17.2,29.4,72,2.0,0,7.6,,1009.0,282,5
2009-05-04,21.3,14.4,27.8,66,0.0,0,5.4,,1013.1,402,3
2009-05-05,25.8,22.2,31.1,73,0.0,0,11.9,,1009.6,47,6
2009-05-06,27.2,22.8,33.3,72,0.0,0,10.8,,1007.2,351,4
2009-05-07,27.1,23.9,32.8,74,0.0,0,10.1,,1009.0,231,6
2009-05-08,28.1,23.3,36.1,68,0.0,0,13.0,,1006.0,471,4
2009-05-09,27.4,22.8,33.9,65,0.0,0,9.4,,1010.4,503,3
2009-05-10,27.3,22.8,33.9,64,0.0,0,7.9,,1013.6,425,4
2009-05-11,27.2,23.3,33.9,69,0.0,0,9.4,,1014.0,383,4
2009-05-12,27.8,22.8,34.4,65,0.0,0,13.7,,1012.1,458,4
2009-05-13,27.8,23.3,35.6,63,0.0,0,15.5,,1009.4,476,4
2009-05-14,27.1,22.8,33.3,64,0.0,0,12.6,,1013.2,427,4
2009-05-15,27.1,22.2,34.4,65,0.0,0,12.2,,1013.0,443,4
2009-05-16,21.5,17.8,27.2,87,38.9,0,9.4,,,5,6
2009-05-17,19.8,15.6,25.0,72,0.0,0,10.1,,1021.3,252,4
2009-05-18,20.1,12.8,27.2,49,0.0,0,6.5,,1022.1,824,0
2009-05-19,20.6,11.1,28.3,49,0.0,0,4.7,,1021.3,825,0
2009-05-20,22.2,13.9,28.9,53,0.0,0,3.6,,1018.3,809,0
2009-05-21,23.8,15.0,30.6,52,0.0,0,4.3,,1014.8,661,2
2009-05-22,25.7,20.0,31.7,58,0.0,0,5.4,,1013.0,596,2
2009-05-23,22.6,17.8,30.0,76,1.3,0,2.9,,1012.0,299,3
2009-05-24,22.6,19.4,28.3,81,2.8,0,3.6,,1010.6,273,2
2009-05-25,25.2,17.8,33.3,66,0.0,0,5.0,,1007.9,736,0
2009-05-26,27.9,22.2,33.9,52,0.0,0,7.9,,1006.1,332,0
2009-05-27,25.9,21.7,31.1,56,0.0,0,6.5,,1009.8,336,2
2009-05-28,26.7,20.6,32.8,49,0.0,0,3.6,,1012.3,651,1
2009-05-29,27.1,22.2,33.3,48,0.0,0,5.8,,1014.9,437,1
2009-05-30,27.8,20.0,35.0,46,0.0,0,5.4,,1014.8,470,2
2009-05-31,27.5,21.1,33.3,56,0.0,0,7.9,,1013.4,580,2
2009-06-01,26.7,20.0,33.3,59,0.0,0,9.0,,1012.5,523,3
2009-06-02,27.6,22.2,35.6,62,0.0,0,6.1,,1011.9,327,5
2009-06-03,26.5,20.0,33.3,59,1.5,0,8.3,,1013.1,522,2
2009-06-04,25.7,19.4,32.2,52,0.0,0,9.7,,1014.4,721,1
2009-06-05,26.3,16.1,34.4,41,0.0,0,3.6,,1014.1,841,0
2009-06-06,28.5,20.6,36.7,49,0.0,0,9.0,,1011.4,692,0
2009-06-07,27.5,20.6,35.6,58,0.0,0,11.2,,1010.0,547,2
2009-06-08,28.4,22.2,35.6,57,0.0,0,11.2,,1009.8,529,2
2009-06-09,28.6,22.2,36.1,60,0.0,0,9.0,,1011.1,550,3
2009-06-10,30.0,25.0,37.2,61,0.0,0,13.3,,1009.4,439,3
2009-06-11,28.6,21.7,36.7,69,22.9,0,11.5,,1009.0,313,6
2009-06-12,28.8,21.7,36.1,69,0.0,0,11.5,,1009.2,581,2
2009-06-13,30.6,24.4,37.8,59,0.0,0,11.2,,1011.1,623,2
2009-06-14,30.1,24.4,37.8,57,0.0,0,12.2,,1012.2,618,2
2009-06-15,30.3,24.4,38.3,56,0.0,0,13.0,,1011.4,573,
2009-06-16,30.6,25.0,38.3,55,0.0,0,13.7,,1010.7,523,4
2009-06-17,30.5,25.6,37.8,57,0.0,0,14.0,,1012.1,491,4
2009-06-18,30.2,25.6,37.8,61,0.0,0,13.7,,1010.9,407,5
2009-06-19,29.9,25.6,36.1,60,0.0,0,12.2,,1010.4,150,4
2009-06-20,30.7,25.6,38.9,57,0.0,0,13.7,,1010.0,500,4
2009-06-21,30.9,25.0,38.3,56,0.0,0,10.8,,1009.9,486,3
2009-06-22,31.0,24.4,38.3,55,0.0,0,8.6,,1009.5,537,2
2009-06-23,31.5,23.9,39.4,50,0.0,0,6.1,,1009.6,651,0
2009-06-24,32.8,25.0,40.6,44,0.0,0,4.0,,1010.0,601,2
2009-06-25,33.9,26.1,41.1,39,0.0,0,5.8,,1009.1,575,0
2009-06-26,32.9,25.6,40.6,45,0.0,0,5.4,,1008.8,694,1
2009-06-27,32.8,26.1,40.6,47,0.0,0,6.8,,1009.1,699,
2009-06-28,32.6,25.6,39.4,50,0.0,0,6.1,,1010.2,769,0
2009-06-29,32.7,25.0,41.1,42,0.0,0,7.2,,1007.9,575,1
2009-06-30,27.9,22.2,32.8,66,9.9,0,3.2,,1008.6,355,2
2009-07-01,27.7,23.3,33.9,67,2.3,0,3.6,,1010.6,262,1
2009-07-02,31.1,22.8,40.0,53,0.0,0,5.4,,1012.6,777,1
2009-07-03,31.7,24.4,38.9,55,0.0,0,6.5,,1014.9,650,1
2009-07-04,32.5,26.1,40.0,52,0.0,0,11.5,,1012.9,690,1
2009-07-05,31.8,25.6,40.6,54,0.0,0,7.9,,1010.7,679,1
2009-07-06,29.7,25.6,36.1,60,0.0,0,4.7,,1010.7,217,2
2009-07-07,31.1,26.1,38.3,,0.0,0,6.1,,1009.2,615,4
2009-07-08,32.8,25.6,41.1,55,0.0,0,8.6,,1008.8,601,2
2009-07-09,32.7,25.6,40.6,50,0.0,0,9.0,,1011.8,785,0
2009-07-10,32.2,25.0,39.4,50,0.0,0,10.8,,1015.6,756,1
2009-07-11,31.6,24.4,38.3,52,0.0,0,7.9,,1017.9,677,1
2009-07-12,32.1,25.0,38.9,49,0.0,0,7.6,,1017.3,821,0
2009-07-13,32.7,25.0,40.6,43,0.0,0,9.0,,1014.0,837,0
2009-07-14,32.2,25.0,40.0,47,0.0,0,12.2,,1012.9,836,0
2009-07-15,31.8,24.4,40.0,53,0.0,0,9.4,,1014.8,820,0
2009-07-16,32.5,25.0,40.6,47,0.0,0,7.2,,1014.2,827,0
2009-07-17,31.9,26.1,38.3,48,0.0,0,6.1,,1014.4,653,1
2009-07-18,31.1,23.3,38.9,51,0.0,0,4.7,,1016.3,525,1
2009-07-19,30.8,26.1,37.8,56,0.0,0,9.0,,1016.2,375,2
2009-07-20,29.7,25.6,38.3,60,0.0,0,8.6,,1012.4,151,2
2009-07-21,30.5,25.6,39.4,59,0.0,0,9.4,,1010.0,357,3
2009-07-22,29.6,23.3,38.3,64,3.3,0,4.3,,1012.5,432,4
2009-07-23,29.0,22.8,37.2,58,0.0,0,4.3,,1014.5,212,0
2009-07-24,30.3,25.6,37.8,51,0.0,0,7.6,,1013.9,284,1
2009-07-25,31.7,24.4,40.0,51,0.0,0,9.0,,1013.2,784,0
2009-07-26,32.3,25.0,40.6,47,0.0,0,9.4,,1013.5,758,0
2009-07-27,32.4,26.1,40.6,50,0.0,0,11.9,,1011.9,749,0
2009-07-28,32.2,25.6,40.0,51,0.0,0,13.7,,1009.3,738,0
2009-07-29,30.9,27.2,36.7,59,0.0,0,11.5,,1009.3,235,4
2009-07-30,28.8,22.8,36.1,67,0.8,0,7.6,,1011.2,131,3
2009-07-31,30.4,25.6,38.3,61,0.0,0,7.6,,1014.2,256,4
2009-08-01,31.7,26.7,38.9,55,0.0,0,9.7,,1013.9,273,
2009-08-02,30.0,26.7,36.1,58,0.0,0,4.0,,1015.0,109,
2009-08-03,31.4,22.8,40.0,47,0.0,0,9.4,,1014.3,760,
2009-08-04,31.8,25.0,39.4,52,0.0,0,9.4,,1014.3,740,
2009-08-05,32.4,25.0,40.0,48,0.0,0,6.5,,1014.6,798,
2009-08-06,33.2,25.6,40.6,42,0.0,0,7.9,,1013.9,767,
2009-08-07,32.4,25.6,40.0,45,0.0,0,9.4,,1013.6,800,0
2009-08-08,31.5,25.6,39.4,53,0.0,0,12.2,,1014.3,702,2
2009-08-09,30.3,26.1,39.4,61,0.5,0,10.4,,1015.4,501,4
2009-08-10,32.0,26.1,39.4,53,0.0,0,11.9,,1016.6,729,2
2009-08-11,32.2,25.0,40.6,50,0.0,0,7.2,,1015.9,711,2
2009-08-12,29.7,23.3,38.9,59,0.0,0,4.7,,1015.6,448,1
2009-08-13,29.3,22.2,38.3,59,0.0,0,4.7,,1014.6,734,1
2009-08-14,30.7,24.4,38.9,56,0.0,0,7.9,,1013.5,671,0
2009-08-15,31.2,25.6,38.9,56,0.0,0,10.4,,1011.9,616,2
2009-08-16,31.4,25.6,38.9,56,0.0,0,10.8,,1011.7,610,2
2009-08-17,31.7,25.6,38.9,51,0.0,0,9.7,,1013.1,730,1
2009-08-18,31.1,26.1,37.8,56,0.0,0,9.4,,1013.6,560,2
2009-08-19,30.9,25.6,37.2,57,0.0,0,11.2,,1011.1,572,1
2009-08-20,32.0,26.1,39.4,52,0.0,0,10.8,,1010.1,608,1
2009-08-21,31.9,26.7,39.4,54,0.0,0,6.5,,1013.2,449,1
2009-08-22,30.2,24.4,39.4,57,0.3,0,3.2,,1014.5,609,1
2009-08-23,32.8,25.6,40.6,43,0.0,0,6.8,,1012.8,705,0
2009-08-24,32.1,25.0,39.4,43,0.0,0,8.6,,1013.7,658,0
2009-08-25,31.6,24.4,39.4,46,0.0,0,7.2,,1013.8,593,1
2009-08-26,31.0,23.9,40.0,48,4.3,0,4.7,,1013.4,530,1
2009-08-27,28.1,22.8,39.4,64,14.5,0,4.0,,1013.0,364,1
2009-08-28,29.0,22.2,37.2,57,0.0,0,5.4,,1012.8,443,2
2009-08-29,29.0,22.8,35.6,47,0.0,0,4.0,,1012.5,270,0
2009-08-30,28.7,21.7,35.0,43,0.0,0,7.2,,1014.6,204,1
2009-08-31,27.9,22.2,33.9,47,0.0,0,5.8,,1016.9,274,2
2009-09-01,28.0,21.7,34.4,54,0.0,0,5.8,,1018.1,503,1
2009-09-02,29.2,21.7,36.7,50,0.0,0,4.7,,1016.6,679,0
2009-09-03,30.5,23.3,38.3,51,0.0,0,7.9,,1013.4,634,0
2009-09-04,26.7,20.0,35.0,68,37.6,0,4.0,,1013.3,118,2
2009-09-05,25.4,22.2,32.8,73,0.0,0,1.8,,1015.5,122,3
2009-09-06,,22.2,35.0,,0.0,0,4.3,,,507,
2009-09-07,,21.7,35.6,,0.0,0,5.8,,,675,
2009-09-08,28.4,22.8,35.6,63,0.0,0,6.1,,1011.9,636,1
2009-09-09,26.3,23.9,31.1,79,0.5,0,4.0,,1012.9,173,3
2009-09-10,24.8,22.8,30.6,84,5.6,0,2.5,,1014.3,29,4
2009-09-11,23.2,22.2,27.2,90,4.1,0,4.7,,1013.3,0,8
2009-09-12,22.4,21.7,24.4,94,53.6,0,1.8,,,0,
2009-09-13,23.5,21.1,28.9,85,0.0,0,5.0,,1007.3,131,
2009-09-14,23.4,21.7,26.7,78,0.0,0,9.0,,1009.9,50,8
2009-09-15,24.7,21.1,30.0,70,0.0,0,6.5,,1011.9,354,6
2009-09-16,25.1,20.0,31.7,70,0.0,0,9.0,,1011.8,525,2
2009-09-17,23.7,21.1,28.3,70,0.0,0,11.2,,1012.0,252,4
2009-09-18,25.2,21.1,31.1,68,0.0,0,7.9,,,304,5
2009-09-19,25.3,21.1,31.1,68,0.0,0,3.2,,1016.1,236,3
2009-09-20,27.4,21.1,33.9,62,0.0,0,4.7,,1013.9,551,0
2009-09-21,29.2,23.9,35.6,64,0.0,0,10.1,,1011.0,622,3
2009-09-22,20.0,16.7,27.2,85,60.7,0,7.6,,,3,7
2009-09-23,17.1,14.4,18.9,78,4.3,0,6.1,,1021.2,0,5
2009-09-24,16.9,14.4,20.0,80,0.8,0,2.9,,1020.9,0,6
2009-09-25,21.4,15.0,28.9,69,0.0,0,3.6,,1019.1,474,2
2009-09-26,25.4,18.3,33.3,70,0.0,0,0.7,,1016.2,655,1
2009-09-27,26.9,20.0,33.9,69,0.0,0,4.7,,1011.4,661,1
2009-09-28,26.2,18.3,32.8,74,6.9,0,3.6,,1013.4,462,3
2009-09-29,21.3,16.1,27.2,70,0.3,0,2.9,,1018.3,341,4
2009-09-30,25.0,20.0,31.7,74,0.0,0,7.2,,1014.8,288,5
2009-10-01,27.1,22.8,31.1,74,0.0,0,9.0,,1009.9,226,4
2009-10-02,22.6,17.8,27.2,41,0.0,0,7.6,,1012.7,173,6
2009-10-03,20.4,18.3,21.7,74,8.6,0,3.2,,1010.6,0,7
2009-10-04,24.5,21.7,28.9,86,8.6,0,6.1,,1007.3,186,7
2009-10-05,22.0,18.3,26.1,88,0.0,0,4.3,,1010.0,36,8
2009-10-06,27.5,23.3,32.8,77,0.0,0,8.3,,1009.0,327,6
2009-10-07,22.7,18.9,27.2,78,0.0,0,7.6,,1013.7,241,6
2009-10-08,28.7,26.1,32.8,74,0.0,0,16.2,,1009.3,273,7
2009-10-09,18.2,12.2,27.8,83,33.0,0,11.5,,1013.2,0,8
2009-10-10,13.2,11.7,15.6,81,0.0,0,5.8,,1020.5,0,8
2009-10-11,13.6,12.2,15.0,92,14.5,0,5.4,,1019.1,0,8
2009-10-12,17.0,13.9,21.7,91,0.0,0,1.8,,1015.8,0,8
2009-10-13,22.9,20.0,28.3,91,8.9,0,0.7,,1014.2,204,7
2009-10-14,26.9,23.9,32.2,82,0.0,0,4.7,,1011.5,294,5
2009-10-15,25.8,17.2,33.3,76,0.0,0,7.9,,1008.8,392,2
2009-10-16,17.8,15.0,22.8,69,0.0,0,9.7,,1018.9,363,4
2009-10-17,18.3,12.8,25.0,57,0.0,0,2.5,,1026.9,684,0
2009-10-18,17.2,11.7,23.9,67,0.0,0,6.8,,1026.5,682,0
2009-10-19,18.9,12.8,26.1,71,0.0,0,9.4,,1020.2,675,2
2009-10-20,20.7,13.9,28.3,71,0.5,0,9.4,,1015.2,278,3
2009-10-21,21.9,20.0,25.6,86,10.4,0,10.4,,1009.5,7,8
2009-10-22,17.8,12.8,22.2,74,30.5,0,9.4,,1008.9,477,4
2009-10-23,15.1,10.6,22.2,54,0.0,0,7.6,,1015.3,674,0
2009-10-24,16.9,8.9,24.4,58,0.0,0,6.8,,1014.8,672,0
2009-10-25,20.6,14.4,28.3,74,0.0,0,9.4,,1011.0,263,5
2009-10-26,,11.7,22.2,,52.8,0,9.0,,,0,
2009-10-27,14.0,8.3,21.1,65,0.0,0,4.7,,1012.9,667,1
2009-10-28,17.8,10.6,27.8,80,2.0,0,9.4,,1004.9,32,6
2009-10-29,21.7,13.3,27.8,73,4.8,0,15.5,,1003.6,112,7
2009-10-30,15.3,9.4,21.1,44,0.0,0,5.8,,1013.6,491,4
2009-10-31,14.2,7.8,23.3,53,0.0,0,3.6,,1020.6,660,0
2009-11-01,15.4,8.3,23.9,58,0.0,0,2.5,,1021.7,,0
2009-11-02,15.8,8.3,24.4,63,0.0,0,1.8,,1022.5,,0
2009-11-03,16.8,11.1,24.4,67,0.0,0,2.5,,1024.7,,0
2009-11-04,17.4,9.4,25.6,64,0.0,0,1.4,,1025.6,,0
2009-11-05,18.0,11.7,25.6,65,0.0,0,2.2,,1027.1,,0
2009-11-06,17.7,11.7,24.4,69,0.0,0,4.0,,1022.2,,0
2009-11-07,19.4,14.4,25.6,75,0.0,0,5.4,,1018.4,,4
2009-11-08,18.0,15.6,20.0,93,16.3,0,2.9,,1017.0,,7
2009-11-09,19.9,18.3,23.9,84,0.0,0,6.1,,1019.0,,6
2009-11-10,19.9,15.0,25.6,70,0.0,0,7.2,,1022.7,,0
2009-11-11,18.8,13.9,25.6,71,0.0,0,5.0,,1022.9,,0
2009-11-12,16.7,11.1,23.3,75,0.0,0,2.5,,1017.6,,0
2009-11-13,17.8,12.2,24.4,76,0.0,0,6.8,,1011.2,,
2009-11-14,19.5,13.9,26.1,77,0.0,0,6.8,,1010.6,,1
2009-11-15,20.9,17.8,26.1,82,0.0,0,2.9,,1012.2,,5
2009-11-16,14.0,7.2,20.6,57,1.3,0,11.9,,1020.8,,
2009-11-17,10.4,4.4,18.9,54,0.0,0,6.1,,1022.4,,0
2009-11-18,13.0,4.4,22.2,49,0.0,0,4.3,,1018.3,,0
2009-11-19,16.7,8.3,23.3,73,0.0,0,5.8,,1015.5,,4
2009-11-20,16.6,13.3,19.4,92,41.4,0,6.8,,1015.9,,8
2009-11-21,13.2,12.2,14.4,92,4.8,0,3.2,,1015.8,,8
2009-11-22,13.2,9.4,18.9,86,0.0,0,2.9,,1015.4,,
2009-11-23,16.1,7.8,23.3,81,0.0,0,4.3,,,,3
2009-11-24,14.9,8.3,18.9,54,0.0,0,10.8,,1020.9,,2
2009-11-25,11.2,5.0,20.0,54,0.0,0,5.4,,1023.8,,0
2009-11-26,10.9,6.1,17.8,55,0.0,0,2.9,,1026.4,,0
2009-11-27,11.3,4.4,18.3,65,0.0,0,2.9,,1022.6,,0
2009-11-28,15.8,10.0,22.2,76,0.0,0,6.5,,1014.8,,6
2009-11-29,18.3,10.0,22.2,87,3.6,0,9.7,,1011.7,,8
2009-11-30,9.7,7.2,12.2,65,3.8,0,10.4,,1020.2,,5
2009-12-01,7.7,5.6,10.0,78,26.7,0,7.2,,1011.3,,8
2009-12-02,7.4,5.0,10.0,74,0.0,0,10.8,,1011.3,,7
2009-12-03,5.7,2.2,9.4,56,0.0,0,10.4,,1022.8,,3
2009-12-04,2.8,-1.7,5.0,52,0.0,0,11.2,,1027.5,,5
2009-12-05,2.8,-3.9,10.0,62,0.0,0,6.8,,1023.3,,0
2009-12-06,7.2,2.8,11.7,87,2.0,0,0.7,,1015.9,,6
2009-12-07,9.4,6.1,11.1,95,1.5,0,7.9,,1017.4,,8
2009-12-08,8.9,5.6,14.4,97,0.8,0,2.5,,1007.5,,7
2009-12-09,4.7,0.0,10.0,60,0.0,0,7.9,,1016.5,,
2009-12-10,3.5,-0.6,6.7,49,0.0,0,6.8,,1023.1,,4
2009-12-11,6.9,5.6,8.9,62,0.0,0,4.0,,1023.0,,8
2009-12-12,8.4,6.1,11.1,93,2.3,0,1.4,,1018.7,,8
2009-12-13,12.8,8.3,20.6,85,0.0,0,4.7,,1017.0,,
2009-12-14,15.2,11.7,18.9,92,2.3,0,0.7,,1014.9,,8
2009-12-15,8.5,5.0,17.2,62,0.0,0,14.8,,1024.5,,6
2009-12-16,6.3,3.3,8.9,58,0.0,0,7.2,,1029.1,,5
2009-12-17,7.8,5.0,11.7,87,12.7,0,1.1,,1021.8,,6
2009-12-18,10.2,5.6,18.9,81,0.0,0,3.6,,1017.3,,
2009-12-19,9.9,3.9,16.7,59,0.0,0,6.5,,1022.3,,0
2009-12-20,9.3,0.6,17.2,62,0.0,0,4.3,,1025.2,,0
2009-12-21,11.9,3.3,20.0,68,0.0,0,5.8,,1021.0,,0
2009-12-22,17.0,12.2,22.2,80,0.0,0,9.7,,1011.7,,6
2009-12-23,19.0,13.3,23.3,82,0.0,0,9.7,,1004.1,,6
2009-12-24,6.5,2.8,13.3,68,6.6,0,18.4,,1008.2,,5
2009-12-25,4.0,-0.6,9.4,38,0.0,0,6.5,,1019.1,,0
2009-12-26,5.7,-2.2,13.9,55,0.0,0,2.9,,1019.3,,1
2009-12-27,7.0,0.6,15.0,51,0.0,0,6.1,,1024.6,,0
2009-12-28,5.7,0.6,11.7,57,0.0,0,3.2,,1031.3,,0
2009-12-29,4.2,0.6,5.6,84,11.2,0,1.4,,1027.9,,7
2009-12-30,8.7,4.4,16.1,88,0.3,0,2.5,,1019.6,,5
2009-12-31,10.5,3.9,21.7,76,0.0,0,7.2,,1019.4,,3
2010-01-01,6.4,1.7,12.8,55,0.0,0,6.5,,1030.8,,1
2010-01-02,5.5,-1.7,12.8,66,0.0,0,3.6,,1026.7,,0
2010-01-03,7.3,5.0,9.4,77,0.0,0,2.9,,1024.7,,8
2010-01-04,4.2,0.0,8.9,61,0.0,0,9.7,,1032.0,,2
2010-01-05,3.1,-2.8,9.4,67,0.0,0,2.9,,1031.0,,0
2010-01-06,7.3,2.2,10.6,80,0.0,0,5.8,,1021.7,,8
2010-01-07,3.2,-2.2,11.7,60,0.0,0,18.4,,1027.3,,5
2010-01-08,-2.6,-6.1,1.7,37,0.0,0,10.1,,1036.4,,1
2010-01-09,-1.8,-8.3,5.6,49,0.0,0,1.4,,1035.6,,0
2010-01-10,0.7,-6.7,8.9,50,0.0,0,2.2,,1037.1,,0
2010-01-11,4.6,-2.8,13.9,66,0.0,0,2.2,,1032.5,,0
2010-01-12,10.3,3.9,18.9,66,0.0,0,3.6,,1030.8,,2
2010-01-13,10.4,6.1,15.0,77,0.3,0,4.7,,1025.9,,
2010-01-14,12.1,10.0,14.4,94,10.7,0,6.1,,,,8
2010-01-15,10.4,7.2,12.8,91,43.9,0,13.3,,1018.0,,8
2010-01-16,10.6,6.7,16.7,74,3.3,0,12.2,,1016.6,,6
2010-01-17,10.5,3.9,18.3,77,0.0,0,3.2,,1016.7,,0
2010-01-18,13.6,7.2,20.6,82,0.0,0,5.0,,1015.8,,4
2010-01-19,18.1,15.6,22.8,84,0.0,0,9.0,,1011.0,,6
2010-01-20,18.6,13.3,22.8,87,0.0,0,6.5,,1004.3,,6
2010-01-21,15.3,7.8,24.4,54,0.0,0,2.2,,1006.5,,0
2010-01-22,15.9,8.3,23.9,67,0.0,0,10.8,,1006.2,,2
2010-01-23,16.9,11.1,22.2,61,0.0,0,9.0,,1002.1,,6
2010-01-24,13.4,5.6,18.3,37,0.0,0,11.5,,1007.2,,0
2010-01-25,10.3,1.7,19.4,52,0.0,0,4.0,,1016.1,,0
2010-01-26,12.0,2.2,20.6,49,0.0,0,5.0,,1021.8,,0
2010-01-27,15.5,11.7,20.6,72,0.0,0,9.4,,1020.2,,8
2010-01-28,17.5,15.6,19.4,86,1.0,0,14.8,,1015.2,,8
2010-01-29,5.7,0.0,17.8,79,24.4,0,16.2,,,,7
2010-01-30,2.1,-1.1,7.8,66,0.0,0,10.8,,1023.3,,2
2010-01-31,0.3,-1.1,2.2,85,0.0,0,4.7,,1025.3,,7
2010-02-01,4.4,1.1,7.8,87,0.0,0,1.8,,,,8
2010-02-02,9.1,6.7,11.1,87,0.0,0,4.0,,1020.8,,8
2010-02-03,8.5,7.8,10.0,91,21.8,0,9.4,,1016.5,,8
2010-02-04,7.8,7.2,8.3,96,16.5,0,7.9,,,,8
2010-02-05,9.1,6.1,15.6,88,0.0,0,5.0,,1014.5,,5
2010-02-06,9.4,3.9,16.1,71,0.0,0,6.1,,1018.9,,0
2010-02-07,7.1,4.4,10.6,81,0.0,0,5.8,,1016.4,,8
2010-02-08,11.4,6.7,18.9,88,8.4,0,12.2,,1010.9,,8
2010-02-09,5.3,1.7,9.4,53,0.0,0,11.5,,1024.8,,3
2010-02-10,2.7,0.6,5.0,67,0.5,0,4.7,,1026.2,,5
2010-02-11,3.2,2.2,4.4,91,13.2,0,7.6,,1017.2,,8
2010-02-12,4.0,0.6,8.9,80,0.0,0,6.5,,1020.3,,5
2010-02-13,6.4,-1.1,14.4,78,0.0,0,6.8,,1019.2,,2
2010-02-14,9.0,2.8,20.6,72,0.0,0,9.4,,1017.8,,3
2010-02-15,5.8,0.0,12.8,38,0.0,0,12.2,,1026.0,,0
2010-02-16,6.6,-1.1,15.0,43,0.0,0,7.6,,1025.7,,0
2010-02-17,7.9,-1.1,17.2,45,0.0,0,2.9,,1025.4,,0
2010-02-18,9.8,0.6,17.8,47,0.0,0,7.6,,1022.1,,1
2010-02-19,11.9,8.9,15.0,81,0.0,0,6.1,,1018.1,,8
2010-02-20,15.0,12.2,19.4,83,1.0,0,8.3,,,,8
2010-02-21,17.7,8.9,24.4,65,0.5,0,8.6,,1009.4,,4
2010-02-22,7.5,4.4,11.7,69,0.0,0,11.9,,1013.8,,5
2010-02-23,2.2,0.6,4.4,84,14.2,0,11.9,,1019.3,,8
2010-02-24,5.2,0.0,12.2,62,0.0,0,6.8,,1024.9,,1
2010-02-25,8.9,0.0,17.8,60,0.0,0,7.9,,1017.0,,0
2010-02-26,10.1,5.6,13.9,66,0.0,0,12.2,,1017.1,,4
2010-02-27,10.0,2.8,18.9,58,0.0,0,4.3,,1021.4,,0
2010-02-28,11.9,2.8,18.9,60,2.0,0,9.4,,1014.3,,2
2010-03-01,10.1,6.7,16.1,85,14.0,0,12.2,,1011.9,,7
2010-03-02,8.7,2.8,16.1,58,0.0,0,7.9,,1021.7,,1
2010-03-03,11.3,2.2,20.0,60,0.0,0,4.3,,1019.9,,0
2010-03-04,13.8,6.1,21.7,65,0.0,0,8.3,,1019.9,,0
2010-03-05,13.7,8.9,17.8,69,0.0,0,11.2,,1020.1,,5
2010-03-06,15.1,10.6,18.9,70,0.0,0,8.6,,1022.1,,7
2010-03-07,14.6,12.2,16.7,83,0.5,0,11.2,,1019.4,,8
2010-03-08,16.8,14.4,18.9,97,2.0,0,13.0,,1011.0,,8
2010-03-09,18.7,11.1,26.7,62,3.0,0,4.0,,1006.9,,2
2010-03-10,19.0,10.6,26.7,58,2.0,0,6.1,,1001.7,,3
2010-03-11,15.4,7.8,23.9,44,0.0,0,5.8,,1005.6,,1
2010-03-12,14.2,7.8,22.2,45,0.0,0,8.6,,1012.2,,0
2010-03-13,15.7,7.2,23.9,41,0.0,0,6.1,,1011.6,,0
2010-03-14,18.0,7.2,27.2,48,0.0,0,6.1,,1010.8,,0
2010-03-15,16.6,11.7,21.7,66,4.6,0,10.4,,1017.7,,6
2010-03-16,12.0,10.0,13.9,90,20.6,0,8.6,,,,8
2010-03-17,14.5,8.3,22.2,65,0.0,0,7.6,,1022.2,,1
2010-03-18,13.9,8.3,20.6,55,0.0,0,5.4,,1019.8,,0
2010-03-19,16.6,10.6,23.9,68,0.0,0,11.5,,1013.0,,6
2010-03-20,9.0,3.3,16.7,73,26.7,0,18.0,,1016.8,,8
2010-03-21,8.8,2.8,16.1,42,0.0,0,14.4,,1020.5,,0
2010-03-22,13.1,3.9,22.8,40,0.0,0,6.5,,1018.5,,0
2010-03-23,15.8,7.2,25.0,60,0.0,0,11.9,,1013.2,,1
2010-03-24,16.6,13.3,18.3,91,10.9,0,8.3,,1011.2,,8
2010-03-25,14.6,8.3,20.6,59,0.0,0,11.5,,1016.3,,0
2010-03-26,14.7,5.6,22.8,61,0.0,0,8.6,,1015.6,,0
2010-03-27,18.6,10.0,27.8,54,0.0,0,9.4,,1010.3,,1
2010-03-28,16.4,8.9,22.2,39,0.0,0,9.7,,1019.0,,0
2010-03-29,15.8,7.8,24.4,46,0.0,0,5.8,,1018.4,,0
2010-03-30,18.6,11.7,26.7,44,0.0,0,10.4,,1014.0,,0
2010-03-31,20.2,13.3,28.3,67,0.0,0,14.4,,1012.5,,2
2010-04-01,20.8,16.7,26.1,72,0.0,0,18.0,,1010.7,,7
2010-04-02,21.4,15.0,27.2,74,0.0,0,10.1,,1007.6,,6
2010-04-03,20.1,9.4,28.9,49,0.0,0,6.1,,1013.4,,0
2010-04-04,22.3,19.4,27.8,82,0.3,0,11.5,,1013.2,,7
2010-04-05,23.2,20.0,28.9,76,0.0,0,14.8,,1014.7,,7
2010-04-06,22.4,19.4,27.2,74,0.0,0,15.1,,1009.7,,8
2010-04-07,20.7,14.4,25.0,63,0.0,0,7.9,,1009.8,,6
2010-04-08,15.3,8.3,22.2,36,0.0,0,7.9,,1019.6,,0
2010-04-09,14.8,5.0,23.9,52,0.0,0,7.2,,1019.7,,0
2010-04-10,18.7,12.2,26.7,70,0.0,0,10.4,,1019.6,,5
2010-04-11,18.1,15.6,20.6,87,0.3,0,5.4,,1020.9,,8
2010-04-12,19.9,15.0,26.1,66,0.0,0,7.9,,1019.5,,1
2010-04-13,20.1,14.4,26.7,69,0.0,0,9.7,,1018.2,,5
2010-04-14,20.4,16.7,25.0,76,0.0,0,11.9,,1019.9,,6
2010-04-15,20.2,18.9,23.9,86,14.5,0,12.2,,1019.3,,8
2010-04-16,19.4,17.8,22.8,90,3.0,0,9.7,,,,8
2010-04-17,19.4,15.6,25.0,90,30.7,0,8.6,,1014.2,,7
2010-04-18,16.8,14.4,21.1,78,0.0,0,9.4,,1014.7,,8
2010-04-19,15.0,13.3,17.2,78,0.0,0,6.8,,1017.5,,8
2010-04-20,18.5,13.3,25.0,67,0.0,0,4.3,,1015.7,,2
2010-04-21,20.1,12.2,27.8,71,0.0,0,7.9,,1011.2,,2
2010-04-22,20.0,17.8,22.8,87,0.5,0,13.0,,,,7
2010-04-23,24.4,16.7,31.1,75,0.0,0,7.2,,1001.2,,5
2010-04-24,20.8,12.8,27.8,54,4.8,0,7.6,,1004.4,,2
2010-04-25,21.3,13.9,28.9,43,0.0,0,8.3,,1009.3,,0
2010-04-26,21.5,11.7,31.1,52,0.0,0,9.4,,1009.2,,0
2010-04-27,18.9,13.3,25.6,44,0.0,0,5.8,,1015.7,,3
2010-04-28,19.3,9.4,27.2,57,0.0,0,7.9,,1014.1,,0
2010-04-29,22.3,16.7,29.4,71,0.0,0,14.4,,1005.4,,6
2010-04-30,25.7,22.8,31.1,70,0.0,0,9.7,,998.3,,6
2010-05-01,22.8,18.3,28.3,54,0.5,0,8.6,,1000.3,,6
2010-05-02,22.3,15.6,30.6,44,0.0,0,3.6,,1006.1,,2
2010-05-03,21.8,12.2,32.8,43,0.0,0,6.1,,1012.6,,1
2010-05-04,22.2,12.2,33.3,49,0.0,0,6.1,,1014.4,,0
2010-05-05,25.5,15.0,35.0,43,0.0,0,6.8,,1010.4,,0
2010-05-06,25.0,17.8,33.3,64,0.0,0,11.2,,1009.8,,1
2010-05-07,27.1,21.7,35.6,64,0.0,0,11.9,,1010.3,,5
2010-05-08,21.5,18.3,24.4,47,0.0,0,10.1,,1020.4,,8
2010-05-09,21.8,18.9,25.0,64,0.3,0,7.6,,1018.1,,8
2010-05-10,25.4,22.8,30.6,74,0.0,0,14.8,,1011.5,,7
2010-05-11,26.5,22.8,32.8,70,0.0,0,13.7,,1009.5,,6
2010-05-12,26.4,22.8,32.8,70,0.0,0,16.2,,1008.5,,5
2010-05-13,26.6,23.3,31.7,68,0.0,0,13.3,,1012.2,,6
2010-05-14,21.8,18.3,25.0,88,5.6,0,7.6,,1016.1,,6
2010-05-15,21.9,17.2,28.9,80,31.2,0,7.2,,1015.6,,2
2010-05-16,23.6,18.3,30.6,76,0.0,0,0.7,,1014.6,,2
2010-05-17,25.1,19.4,33.3,74,9.4,0,4.7,,1015.1,,2
2010-05-18,24.4,18.9,31.1,73,0.0,0,5.8,,1012.6,,1
2010-05-19,25.8,20.6,32.2,73,0.0,0,9.4,,1008.0,,4
2010-05-20,25.9,23.3,30.6,79,0.3,0,7.6,,1008.0,,7
2010-05-21,27.6,23.9,32.8,69,0.0,0,10.8,,1011.8,,6
2010-05-22,27.4,24.4,32.8,70,0.0,0,13.7,,1010.7,,6
2010-05-23,,23.9,32.2,,0.0,0,15.5,,,,6
2010-05-24,26.0,22.8,31.1,70,0.0,0,12.2,,1011.4,,6
2010-05-25,25.0,22.8,28.9,77,0.0,0,10.1,,1012.1,,4
2010-05-26,26.5,22.2,32.2,67,0.0,0,4.3,,1014.3,,4
2010-05-27,26.8,19.4,34.4,63,0.0,0,0.7,,1014.2,,1
2010-05-28,28.2,20.6,35.6,58,0.0,0,1.8,,1011.9,,1
2010-05-29,28.2,21.7,35.6,60,0.5,0,2.9,,1008.2,,1
2010-05-30,28.3,22.8,35.0,59,0.0,0,4.7,,1008.7,,1
2010-05-31,27.9,20.6,34.4,62,0.0,0,5.0,,1012.4,,0
2010-06-01,27.9,21.1,34.4,62,0.0,0,6.8,,1012.0,,0
2010-06-02,26.4,19.4,36.1,72,25.4,0,6.1,,1007.7,,4
2010-06-03,21.5,19.4,23.3,91,2.5,0,2.5,,1007.2,,4
2010-06-04,27.0,20.0,35.0,68,0.0,0,2.9,,1007.8,,0
2010-06-05,27.7,21.7,33.9,70,0.0,0,7.6,,1008.2,,0
2010-06-06,29.5,26.1,34.4,71,0.0,0,7.9,,1010.7,,5
2010-06-07,28.7,24.4,34.4,73,0.0,0,6.1,,1013.2,,2
2010-06-08,26.9,23.9,32.2,75,0.0,0,8.3,,1012.4,,4
2010-06-09,25.0,21.7,30.0,88,36.6,0,6.1,,,,6
2010-06-10,28.4,25.6,33.9,76,0.0,0,12.6,,1010.0,,6
2010-06-11,28.5,25.6,33.3,74,0.0,0,14.0,,1010.3,,
2010-06-12,29.1,26.7,33.9,73,0.0,0,15.1,,1013.2,,6
2010-06-13,29.4,26.1,34.4,71,0.0,0,13.3,,1013.9,,
2010-06-14,29.1,25.6,33.9,70,0.0,0,12.2,,1012.0,,
2010-06-15,29.1,24.4,35.0,68,0.0,0,7.9,,1013.6,,3
2010-06-16,29.3,25.0,35.0,68,0.0,0,10.1,,,,4
2010-06-17,27.9,23.9,33.3,75,17.5,0,8.3,,,,4
2010-06-18,29.3,25.6,34.4,69,0.0,0,10.8,,1014.5,,4
2010-06-19,29.1,24.4,35.0,69,0.0,0,9.0,,1015.7,,3
2010-06-20,29.1,25.0,34.4,67,0.0,0,9.0,,1015.1,,3
2010-06-21,29.2,23.9,35.0,66,0.0,0,7.9,,1014.3,,2
2010-06-22,29.5,23.9,35.0,65,0.0,0,6.5,,1014.8,,2
2010-06-23,29.5,23.9,35.6,66,0.0,0,6.8,,1015.5,,2
2010-06-24,28.2,24.4,33.3,73,0.0,0,6.1,,1016.3,,2
2010-06-25,29.7,25.0,36.1,66,0.0,0,8.6,,1015.0,,3
2010-06-26,30.3,23.9,36.7,64,0.0,0,9.0,,1012.2,,2
2010-06-27,29.9,23.9,37.2,63,0.0,0,9.7,,1009.2,,2
2010-06-28,29.9,25.0,37.2,65,0.0,0,5.0,,1009.0,,2
2010-06-29,26.4,23.3,33.3,81,63.5,0,5.8,,1011.7,,4
2010-06-30,26.1,23.9,30.0,81,5.1,0,8.3,,1013.2,,5
2010-07-01,25.8,23.9,28.3,86,2.5,0,9.7,,1014.5,,8
2010-07-02,25.2,23.3,30.6,92,19.3,0,7.9,,,,8
2010-07-03,27.9,23.9,32.2,80,0.0,0,11.2,,1012.0,,6
2010-07-04,28.9,25.6,33.3,71,0.0,0,12.6,,1010.8,,5
2010-07-05,28.7,24.4,34.4,70,0.0,0,7.9,,1010.1,,4
2010-07-06,29.1,23.9,35.0,66,0.0,0,2.2,,1010.4,,3
2010-07-07,29.0,24.4,34.4,68,0.0,0,5.4,,1011.2,,2
2010-07-08,25.5,23.3,28.9,89,23.6,0,5.4,,1013.9,,7
2010-07-09,26.4,23.9,31.7,84,0.5,0,6.1,,1015.7,,5
2010-07-10,28.5,24.4,33.9,75,0.0,0,5.0,,1015.7,,3
2010-07-11,29.0,24.4,33.3,70,0.0,0,9.4,,1012.3,,0
2010-07-12,29.0,25.0,33.3,72,0.0,0,10.4,,1009.5,,4
2010-07-13,28.9,26.1,33.9,73,0.0,0,12.2,,1010.5,,5
2010-07-14,29.8,26.1,35.0,69,0.0,0,11.9,,1014.3,,4
2010-07-15,29.8,25.6,35.6,68,0.0,0,7.6,,1015.4,,3
2010-07-16,29.8,24.4,36.1,63,0.0,0,3.6,,1015.3,,1
2010-07-17,30.1,23.9,36.7,62,0.0,0,4.3,,1014.8,,0
2010-07-18,29.6,25.0,36.7,67,0.3,0,4.3,,1014.1,,1
2010-07-19,29.1,24.4,36.1,71,0.0,0,8.3,,1013.7,,4
2010-07-20,29.0,24.4,35.0,70,0.0,0,6.8,,1014.8,,3
2010-07-21,28.9,24.4,35.6,71,0.0,0,7.6,,1016.0,,2
2010-07-22,28.2,25.6,35.0,78,2.5,0,5.8,,1015.0,,4
2010-07-23,28.7,24.4,33.9,75,12.2,0,7.9,,1014.9,,5
2010-07-24,28.8,23.9,35.0,69,0.0,0,3.6,,1016.0,,3
2010-07-25,28.2,23.3,36.1,68,0.0,0,1.8,,1015.7,,1
2010-07-26,27.2,23.3,36.7,76,18.5,0,1.8,,1014.1,,3
2010-07-27,26.6,22.8,32.8,80,0.0,0,5.4,,1015.0,,6
2010-07-28,25.7,23.3,28.3,86,6.4,0,6.5,,1017.9,,5
2010-07-29,28.5,23.9,34.4,72,0.0,0,7.2,,1019.2,,4
2010-07-30,29.5,24.4,35.6,66,0.0,0,6.5,,1015.5,,2
2010-07-31,29.9,23.9,37.2,61,0.0,0,7.2,,1012.1,,1
2010-08-01,30.3,22.8,38.9,56,0.0,0,4.7,,1011.2,,0
2010-08-02,30.7,23.3,38.3,48,0.0,0,5.8,,1013.4,,0
2010-08-03,30.2,23.3,37.2,60,0.0,0,6.1,,1015.2,,0
2010-08-04,30.7,25.0,36.7,64,0.0,0,5.4,,1013.9,,0
2010-08-05,31.0,24.4,37.8,58,0.0,0,5.8,,1011.6,,0
2010-08-06,31.5,25.0,38.9,58,0.0,0,6.1,,1010.9,,0
2010-08-07,30.8,25.0,36.7,61,0.0,0,7.6,,1010.7,,0
2010-08-08,30.9,25.6,37.2,62,0.0,0,9.4,,1010.9,,1
2010-08-09,30.9,25.6,37.8,60,0.0,0,7.9,,1012.1,,0
2010-08-10,31.3,25.0,38.9,62,0.0,0,4.3,,1012.1,,1
2010-08-11,30.1,25.6,37.8,68,0.0,0,1.8,,1011.2,,1
2010-08-12,31.0,24.4,37.2,61,0.0,0,5.0,,1009.6,,0
2010-08-13,31.1,25.0,38.3,59,0.0,0,6.8,,1008.4,,1
2010-08-14,31.7,26.1,38.9,60,0.0,0,9.0,,1010.5,,2
2010-08-15,31.8,25.6,39.4,58,0.0,0,6.5,,1013.1,,0
2010-08-16,31.7,25.0,40.6,56,0.0,0,4.7,,1012.6,,1
2010-08-17,30.8,25.0,38.9,62,0.0,0,2.2,,1011.5,,1
2010-08-18,31.9,26.1,39.4,58,0.0,0,4.3,,1012.0,,1
2010-08-19,31.4,26.1,38.3,59,0.0,0,7.9,,1011.0,,1
2010-08-20,31.0,26.1,38.3,62,0.0,0,12.2,,1009.8,,2
2010-08-21,31.4,25.6,38.9,59,0.0,0,10.8,,1012.6,,2
2010-08-22,32.0,25.6,39.4,56,0.0,0,6.5,,1013.7,,1
2010-08-23,32.9,25.0,41.1,46,0.0,0,4.7,,1010.5,,0
2010-08-24,31.9,25.6,41.7,50,0.0,0,3.6,,1009.6,,1
2010-08-25,30.1,26.1,35.6,55,0.0,0,10.8,,1014.8,,5
2010-08-26,29.0,25.6,33.9,52,0.0,0,5.8,,1016.3,,4
2010-08-27,29.5,21.7,36.1,40,0.0,0,5.0,,1013.7,,1
2010-08-28,28.4,18.9,37.2,39,0.0,0,3.6,,1010.8,,0
2010-08-29,29.1,22.8,36.7,57,0.0,0,7.6,,1011.0,,2
2010-08-30,31.0,26.7,37.8,64,0.0,0,10.4,,1013.8,,4
2010-08-31,30.4,26.1,38.3,66,0.0,0,8.6,,1014.1,,4
2010-09-01,30.6,26.1,37.8,64,0.0,0,9.0,,1011.3,,4
2010-09-02,29.4,23.9,37.2,68,90.2,0,5.0,,1011.0,,
2010-09-03,25.0,22.2,28.9,80,19.6,0,6.1,,1016.4,,
2010-09-04,27.2,22.8,33.3,51,0.0,0,5.0,,1016.4,,6
2010-09-05,27.4,21.1,33.9,65,0.0,0,5.8,,1012.3,,1
2010-09-06,27.1,22.8,33.3,74,0.5,0,7.2,,1010.7,,4
2010-09-07,24.5,22.8,25.6,93,178.8,0,15.5,,,,8
2010-09-08,26.3,23.3,30.6,88,13.0,0,10.8,,,,7
2010-09-09,28.6,25.0,33.3,74,0.0,0,8.3,,1010.0,,5
2010-09-10,28.5,25.0,33.9,70,0.0,0,9.0,,1009.7,,4
2010-09-11,29.2,24.4,35.0,70,0.0,0,5.8,,1011.5,,2
2010-09-12,29.3,24.4,34.4,68,0.0,0,2.9,,1015.4,,2
2010-09-13,28.6,24.4,33.9,73,0.0,0,2.2,,1015.5,,2
2010-09-14,28.9,25.0,34.4,70,0.0,0,4.3,,1014.5,,3
2010-09-15,28.4,25.0,34.4,74,0.0,0,6.5,,1013.5,,4
2010-09-16,27.8,23.3,33.9,68,0.0,0,3.2,,1013.4,,2
2010-09-17,26.3,22.2,34.4,75,6.6,0,4.0,,1014.0,,4
2010-09-18,25.3,22.8,31.1,83,0.0,0,6.5,,1015.4,,3
2010-09-19,24.2,20.0,30.6,83,1.0,0,4.0,,1016.7,,3
2010-09-20,23.4,19.4,29.4,82,0.5,0,4.0,,1015.1,,6
2010-09-21,23.7,20.6,29.4,88,16.0,0,3.6,,1012.7,,4
2010-09-22,24.9,22.8,30.6,86,6.4,0,7.9,,1013.2,,5
2010-09-23,27.0,23.3,32.8,77,0.0,0,10.4,,1013.8,,4
2010-09-24,27.1,23.3,32.8,78,2.8,0,4.3,,,,4
2010-09-25,27.0,22.8,33.3,75,0.0,0,3.6,,1015.3,,
2010-09-26,24.1,16.7,30.6,71,0.0,0,7.2,,1013.7,,
2010-09-27,19.2,13.9,26.1,60,0.0,0,7.6,,,,0
2010-09-28,20.4,12.8,30.6,60,0.0,0,1.1,,1012.4,,0
2010-09-29,23.5,16.7,31.7,57,0.0,0,4.3,,1008.7,,0
2010-09-30,23.8,15.6,31.7,52,0.0,0,4.3,,1012.8,,0
2010-10-01,24.2,18.9,30.6,51,0.0,0,7.9,,1016.5,,0
2010-10-02,23.1,17.8,30.0,43,0.0,0,7.6,,1017.8,,0
2010-10-03,20.5,16.7,25.0,48,0.0,0,10.4,,1022.1,,0
2010-10-04,18.2,11.1,25.0,44,0.0,0,4.3,,1024.4,,0
2010-10-05,17.9,9.4,26.7,50,0.0,0,2.2,,1025.2,,0
2010-10-06,18.2,10.0,27.8,54,0.0,0,1.4,,1024.8,,0
2010-10-07,19.6,11.7,28.9,51,0.0,0,1.4,,1022.5,,0
2010-10-08,20.8,12.8,28.9,47,0.0,0,2.5,,1020.0,,0
2010-10-09,21.3,13.9,30.0,56,0.0,0,3.2,,1017.8,,
2010-10-10,22.7,16.1,30.0,68,0.0,0,6.1,,1013.9,,
2010-10-11,23.6,18.3,30.6,73,0.5,0,4.3,,1011.4,,1
2010-10-12,23.9,17.2,31.7,62,0.0,0,4.7,,1015.4,,0
2010-10-13,22.6,16.1,29.4,51,0.0,0,9.4,,1021.5,,0
2010-10-14,19.8,10.6,26.7,36,0.0,0,6.8,,1024.3,,0
2010-10-15,18.8,10.6,29.4,48,0.0,0,2.2,,1020.6,,0
2010-10-16,19.5,10.6,28.9,52,0.0,0,1.8,,1019.5,,0
2010-10-17,21.6,15.0,28.9,66,0.0,0,3.2,,1018.0,,1
2010-10-18,23.3,18.3,29.4,69,0.0,0,6.1,,1014.1,,3
2010-10-19,22.7,17.2,29.4,70,0.0,0,2.2,,1013.9,,2
2010-10-20,23.9,17.8,30.6,68,0.0,0,1.8,,1015.7,,1
2010-10-21,23.8,18.3,30.6,69,0.0,0,6.5,,1014.7,,2
2010-10-22,24.2,20.0,30.0,73,0.3,0,14.0,,1012.9,,5
2010-10-23,24.0,21.1,30.0,77,1.3,0,9.0,,1012.6,,6
2010-10-24,24.3,19.4,30.6,73,0.0,0,7.2,,1011.3,,2
2010-10-25,25.1,21.1,31.1,71,0.0,0,12.2,,1003.3,,3
2010-10-26,23.5,15.6,28.9,55,0.0,0,4.7,,1004.6,,0
2010-10-27,22.0,12.8,31.7,62,0.0,0,4.3,,1011.9,,1
2010-10-28,20.9,13.9,25.6,22,0.0,0,13.7,,1027.2,,2
2010-10-29,15.1,7.2,22.8,34,0.0,0,3.2,,1027.8,,0
2010-10-30,14.8,4.4,26.7,49,0.0,0,3.6,,1019.4,,0
2010-10-31,20.3,12.8,30.0,58,0.0,0,5.0,,1014.1,,0
2010-11-01,23.7,17.2,28.9,71,0.0,0,5.4,,1014.8,,5
2010-11-02,15.4,11.7,21.7,70,5.1,0,12.2,,1017.4,,5
2010-11-03,12.9,10.6,16.7,77,0.5,0,12.6,,1017.2,,8
2010-11-04,16.0,11.1,20.6,34,0.0,0,13.7,,1022.2,,0
2010-11-05,12.6,6.1,20.0,38,0.0,0,4.3,,1024.9,,0
2010-11-06,12.0,3.3,21.7,48,0.0,0,2.5,,1027.6,,0
2010-11-07,14.1,5.6,23.9,58,0.0,0,4.7,,1026.7,,0
2010-11-08,16.9,9.4,25.6,67,0.0,0,6.8,,1018.5,,0
2010-11-09,18.6,11.1,26.7,66,0.0,0,7.6,,1012.5,,1
2010-11-10,20.3,13.9,27.8,72,0.0,0,4.7,,1013.8,,2
2010-11-11,21.3,17.8,26.7,77,0.0,0,7.9,,1018.5,,6
2010-11-12,21.5,13.3,27.8,74,11.7,0,12.6,,1019.5,,7
2010-11-13,12.4,8.3,18.3,56,0.0,0,9.4,,1023.4,,4
2010-11-14,12.1,8.9,16.7,60,0.0,0,4.0,,1017.4,,7
2010-11-15,12.9,9.4,19.4,79,0.0,0,4.0,,1007.2,,4
2010-11-16,13.7,8.9,20.0,57,0.0,0,7.6,,1012.9,,0
2010-11-17,16.5,7.2,27.2,51,0.0,0,9.0,,1016.6,,0
2010-11-18,11.4,6.1,18.9,54,0.0,0,6.8,,1027.9,,0
2010-11-19,11.8,2.2,21.7,61,0.0,0,5.0,,1022.7,,0
2010-11-20,17.0,10.0,25.6,77,0.0,0,7.6,,1018.5,,6
2010-11-21,22.7,20.6,28.3,74,0.0,0,14.8,,1015.4,,7
2010-11-22,23.6,21.1,28.9,73,0.0,0,11.2,,1013.3,,6
2010-11-23,23.8,20.6,27.8,76,0.0,0,7.9,,1014.1,,7
2010-11-24,24.6,22.2,29.4,72,0.0,0,15.1,,1008.7,,7
2010-11-25,17.1,7.2,26.1,67,0.0,0,13.7,,1009.8,,8
2010-11-26,7.8,2.8,14.4,30,0.0,0,9.0,,1024.4,,3
2010-11-27,8.4,1.1,17.2,43,0.0,0,3.6,,1024.1,,0
2010-11-28,13.8,5.6,22.2,63,0.0,0,9.0,,1013.6,,5
2010-11-29,20.6,17.2,26.7,58,0.0,0,9.7,,1007.5,,6
2010-11-30,11.0,3.3,17.2,27,0.0,0,13.0,,1024.6,,2
2010-12-01,9.1,-0.6,19.4,39,0.0,0,4.3,,1026.5,,0
2010-12-02,12.3,2.8,22.8,54,0.0,0,3.6,,1022.8,,0
2010-12-03,15.9,8.9,24.4,68,0.0,0,5.4,,1019.8,,0
2010-12-04,18.8,11.7,26.7,59,0.0,0,10.8,,1018.0,,2
2010-12-05,9.4,4.4,13.9,40,0.0,0,11.5,,1028.5,,2
2010-12-06,6.7,1.7,13.9,44,0.0,0,3.2,,1031.3,,0
2010-12-07,8.5,1.1,15.0,55,0.0,0,2.9,,1022.0,,
2010-12-08,9.3,4.4,14.4,57,0.0,0,7.9,,1025.6,,1
2010-12-09,9.4,1.7,18.3,62,0.0,0,6.5,,1022.2,,0
2010-12-10,14.7,7.2,23.3,70,0.0,0,6.8,,1014.9,,0
2010-12-11,15.4,10.6,21.7,56,0.0,0,9.7,,1013.5,,1
2010-12-12,8.8,2.8,13.3,24,0.0,0,11.9,,1027.4,,0
2010-12-13,7.6,-1.1,16.7,36,0.0,0,4.0,,1024.9,,0
2010-12-14,13.0,3.3,22.2,53,0.0,0,7.6,,1016.5,,0
2010-12-15,18.0,13.9,25.0,67,0.0,0,12.2,,1007.3,,3
2010-12-16,13.3,8.3,16.7,60,0.0,0,9.7,,1011.1,,2
2010-12-17,8.2,5.6,11.1,53,0.0,0,9.4,,1018.2,,4
2010-12-18,7.3,1.7,13.9,48,0.0,0,4.7,,1020.2,,0
2010-12-19,10.4,1.1,19.4,56,0.0,0,5.8,,1015.9,,0
2010-12-20,17.7,12.2,24.4,75,0.0,0,9.0,,1012.2,,5
2010-12-21,20.4,15.0,26.1,76,0.0,0,5.4,,1014.7,,4
2010-12-22,15.6,11.7,17.8,70,0.0,0,6.1,,1021.4,,8
2010-12-23,14.2,11.1,18.3,60,0.0,0,6.8,,1022.0,,8
2010-12-24,12.0,7.2,17.2,84,13.7,0,11.5,,1019.1,,8
2010-12-25,4.1,1.1,7.8,66,0.0,0,14.4,,1028.5,,3
2010-12-26,3.1,-2.2,11.1,63,0.0,0,4.7,,1029.8,,0
2010-12-27,6.6,-1.7,15.6,68,0.0,0,7.6,,1024.9,,3
2010-12-28,12.5,9.4,16.7,89,3.0,0,4.3,,1019.4,,8
2010-12-29,17.1,13.3,22.2,85,3.3,0,7.9,,1008.0,,6
2010-12-30,18.0,13.3,23.9,81,0.0,0,7.9,,1002.1,,5
2010-12-31,16.7,10.0,20.0,51,0.0,0,11.2,,1007.8,,3
2011-01-01,10.1,3.3,14.4,29,0.0,0,7.9,,1021.1,,3
2011-01-02,6.3,-1.1,13.3,37,0.0,0,1.1,,1027.8,,0
2011-01-03,9.6,3.3,15.0,54,0.0,0,6.1,,1022.3,,5
2011-01-04,12.5,8.9,14.4,85,1.5,0,0.7,,,,8
2011-01-05,15.4,8.3,21.7,56,0.0,0,6.5,,1016.1,,2
2011-01-06,10.5,3.9,19.4,49,0.0,0,1.8,,1019.0,,0
2011-01-07,13.2,4.4,25.0,45,0.0,0,2.5,,1012.2,,0
2011-01-08,13.0,7.2,18.3,32,0.0,0,9.4,,1011.8,,3
2011-01-09,6.7,3.9,10.6,86,41.9,0,6.1,,1010.9,,8
2011-01-10,3.4,2.8,4.4,90,0.0,0,5.0,,1019.4,,8
2011-01-11,2.1,-1.7,6.7,58,0.0,0,11.5,,1035.4,,4
2011-01-12,1.1,-2.2,4.4,48,0.0,0,7.2,,1040.3,,7
2011-01-13,2.1,0.0,4.4,45,0.0,0,3.6,,1036.2,,8
2011-01-14,5.6,2.8,8.3,70,0.5,0,3.2,,1027.2,,8
2011-01-15,8.4,7.2,10.0,93,23.1,0,3.6,,,,8
2011-01-16,9.6,8.3,10.6,92,7.1,0,4.7,,1016.2,,8
2011-01-17,11.5,8.3,19.4,80,0.0,0,4.0,,1009.8,,4
2011-01-18,12.4,7.2,19.4,82,0.0,0,6.8,,1011.7,,4
2011-01-19,11.4,4.4,18.9,74,0.0,0,8.3,,1015.7,,1
2011-01-20,7.5,0.6,15.0,73,0.0,0,13.3,,1018.6,,6
2011-01-21,2.8,-3.3,10.0,55,0.0,0,4.0,,1021.0,,0
2011-01-22,7.8,-0.6,17.8,52,0.0,0,6.1,,1017.5,,0
2011-01-23,7.9,2.8,12.2,73,0.0,0,3.2,,1016.2,,5
2011-01-24,8.8,3.9,15.0,48,0.0,0,6.8,,1017.2,,3
2011-01-25,9.0,4.4,15.0,50,0.0,0,10.8,,1019.8,,1
2011-01-26,8.3,0.6,17.2,53,0.0,0,2.2,,1023.0,,0
2011-01-27,10.8,3.9,20.6,46,0.0,0,4.7,,1023.0,,0
2011-01-28,13.9,3.3,25.0,39,0.0,0,4.7,,1019.4,,0
2011-01-29,16.3,9.4,23.3,69,0.0,0,5.4,,1015.7,,4
2011-01-30,20.3,12.8,27.2,65,0.0,0,6.5,,1013.8,,5
2011-01-31,16.4,10.0,25.6,61,0.0,0,6.8,,1012.4,,4
2011-02-01,2.1,-7.2,18.9,69,2.8,0,20.9,,1017.9,,
2011-02-02,,-8.3,-3.3,,0.0,0,13.7,,,,
2011-02-03,-5.1,-6.7,-2.2,57,0.0,0,11.9,,1033.4,,8
2011-02-04,-1.7,-6.1,5.0,64,2.5,0,7.9,,1025.9,,4
2011-02-05,7.3,-4.4,19.4,43,0.0,0,6.1,,1014.8,,0
2011-02-06,12.7,5.0,23.3,44,0.0,0,12.6,,1012.1,,1
2011-02-07,8.1,3.3,14.4,51,0.0,0,9.4,,1024.6,,1
2011-02-08,9.2,1.1,18.3,55,0.0,0,13.7,,1018.8,,3
2011-02-09,0.6,-5.6,9.4,72,5.1,0,15.8,,,,5
2011-02-10,-0.9,-7.2,7.2,50,0.0,0,6.8,,1028.8,,0
2011-02-11,4.0,-5.0,13.9,51,0.0,0,1.1,,1028.5,,0
2011-02-12,8.5,-2.2,20.0,43,0.0,0,4.0,,1031.1,,0
2011-02-13,12.5,1.7,23.3,48,0.0,0,7.2,,1024.5,,0
2011-02-14,15.9,8.3,25.0,71,0.0,0,6.5,,1020.9,,2
2011-02-15,19.4,16.1,25.0,71,0.0,0,10.4,,1018.8,,6
2011-02-16,19.0,16.1,24.4,74,0.0,0,12.6,,1016.3,,8
2011-02-17,20.5,18.3,25.6,72,0.0,0,13.3,,,,8
2011-02-18,20.6,17.2,26.7,74,0.0,0,7.9,,1018.1,,6
2011-02-19,18.6,15.0,24.4,80,0.0,0,9.7,,1018.5,,6
2011-02-20,21.0,17.8,27.2,69,0.0,0,15.1,,1010.9,,8
2011-02-21,21.2,15.0,28.3,64,0.0,0,9.0,,1009.1,,6
2011-02-22,13.9,10.0,19.4,52,0.0,0,5.8,,1016.2,,7
2011-02-23,19.6,13.9,25.6,78,0.0,0,8.6,,1013.1,,7
2011-02-24,21.5,17.8,29.4,62,1.5,0,10.4,,1009.0,,5
2011-02-25,14.1,7.8,20.0,45,0.0,0,5.8,,1016.4,,0
2011-02-26,16.8,7.2,25.0,81,0.0,0,5.4,,1011.4,,6
2011-02-27,22.2,18.9,29.4,80,0.3,0,12.6,,1004.7,,5
2011-02-28,18.0,12.8,23.3,32,0.0,0,14.4,,1017.4,,2
2011-03-01,14.8,5.6,23.3,42,0.0,0,3.6,,1024.1,,0
2011-03-02,16.2,5.6,25.6,40,0.0,0,4.7,,1020.0,,0
2011-03-03,17.0,7.8,26.1,56,0.0,0,8.3,,1015.6,,1
2011-03-04,18.9,15.6,23.3,70,0.0,0,9.4,,1011.9,,5
2011-03-05,14.1,6.7,18.9,53,1.3,0,14.4,,1020.6,,4
2011-03-06,11.6,2.2,20.0,37,0.0,0,7.2,,1021.5,,0
2011-03-07,15.9,8.3,25.6,65,0.0,0,13.7,,1010.6,,4
2011-03-08,22.8,18.3,30.0,67,0.5,0,8.6,,1006.1,,6
2011-03-09,16.3,9.4,22.2,44,0.0,0,13.0,,1019.6,,0
2011-03-10,14.8,6.7,22.8,29,0.0,0,6.1,,1028.6,,0
2011-03-11,16.0,5.0,26.7,36,0.0,0,10.8,,1021.8,,0
2011-03-12,20.0,13.3,28.3,61,0.0,0,14.8,,1016.1,,4
2011-03-13,20.0,17.2,24.4,75,0.0,0,11.2,,1016.1,,8
2011-03-14,17.7,11.7,22.2,60,0.3,0,8.6,,1020.2,,5
2011-03-15,15.5,6.7,24.4,53,0.0,0,7.6,,1021.3,,2
2011-03-16,19.6,16.1,26.1,75,0.0,0,12.2,,1019.8,,6
2011-03-17,22.4,18.9,29.4,68,0.0,0,14.4,,1018.5,,5
2011-03-18,23.7,19.4,31.1,64,0.0,0,13.0,,1018.8,,5
2011-03-19,22.8,18.3,30.0,65,0.0,0,15.5,,1019.0,,6
2011-03-20,21.9,18.9,26.7,68,0.0,0,14.4,,1018.7,,7
2011-03-21,22.7,18.9,29.4,65,0.0,0,14.8,,1018.0,,4
2011-03-22,22.5,18.3,28.9,65,0.0,0,15.1,,1012.0,,4
2011-03-23,24.1,18.3,32.2,54,0.0,0,5.8,,1010.4,,3
2011-03-24,22.8,17.2,30.0,36,0.0,0,12.2,,1012.9,,1
2011-03-25,23.4,18.9,30.6,64,0.0,0,11.2,,1008.1,,4
2011-03-26,24.3,21.1,30.0,69,0.0,0,9.4,,1004.5,,4
2011-03-27,17.7,11.1,22.8,58,0.0,0,9.4,,1008.8,,6
2011-03-28,13.9,10.6,17.8,74,0.0,0,7.9,,1013.2,,8
2011-03-29,17.1,11.7,21.7,80,0.3,0,6.8,,1012.4,,8
2011-03-30,13.8,8.3,20.6,57,0.0,0,9.4,,1015.6,,5
2011-03-31,16.4,6.1,27.8,60,0.0,0,3.2,,1010.7,,0
2011-04-01,24.0,15.6,33.9,59,0.0,0,9.4,,1007.4,,1
2011-04-02,23.3,14.4,30.0,69,0.0,0,7.9,,1012.0,,3
2011-04-03,23.6,20.0,30.6,74,0.0,0,13.7,,1009.0,,7
2011-04-04,21.1,10.6,23.9,48,0.5,0,14.8,,1011.0,,4
2011-04-05,15.8,5.0,25.6,29,0.0,0,7.6,,1019.9,,0
2011-04-06,20.3,11.1,31.1,53,0.0,0,13.7,,1013.4,,0
2011-04-07,22.2,18.3,28.9,73,0.0,0,10.8,,1008.8,,6
2011-04-08,26.7,22.2,33.9,66,0.0,0,15.5,,1007.6,,4
2011-04-09,26.0,20.6,34.4,66,0.0,0,17.3,,1009.7,,3
2011-04-10,26.1,21.7,33.9,67,0.0,0,15.8,,1008.1,,5
2011-04-11,22.7,13.9,28.9,48,6.4,0,11.5,,1014.0,,3
2011-04-12,20.8,11.7,30.0,39,0.0,0,5.4,,1018.4,,0
2011-04-13,21.4,11.7,30.6,51,0.0,0,8.3,,1013.7,,0
2011-04-14,24.7,21.1,31.1,70,0.0,0,11.5,,1007.0,,6
2011-04-15,23.3,16.1,28.9,32,0.0,0,12.2,,1010.6,,2
2011-04-16,19.5,8.3,27.8,20,0.0,0,3.6,,1017.5,,2
2011-04-17,20.9,10.0,31.1,45,0.0,0,10.1,,1012.1,,1
2011-04-18,26.8,21.7,35.0,65,0.0,0,13.3,,1006.1,,4
2011-04-19,27.3,22.8,33.9,66,0.0,0,13.0,,1005.4,,6
2011-04-20,27.0,23.9,32.2,68,0.0,0,9.4,,1010.3,,5
2011-04-21,26.9,23.3,33.3,66,0.0,0,14.0,,1011.6,,5
2011-04-22,27.3,22.8,34.4,60,0.0,0,16.2,,1009.1,,3
2011-04-23,27.1,23.3,34.4,62,0.0,0,15.1,,1008.4,,4
2011-04-24,26.6,22.8,33.3,64,0.0,0,14.0,,1008.8,,5
2011-04-25,26.8,23.3,33.3,68,0.0,0,11.9,,1003.4,,6
2011-04-26,27.5,23.3,35.6,69,0.0,0,11.2,,997.4,,4
2011-04-27,26.5,18.3,30.6,32,0.0,0,11.2,,1004.2,,1
2011-04-28,20.6,11.7,28.3,38,0.0,0,4.0,,1019.7,,0
2011-04-29,23.0,14.4,32.2,46,0.0,0,14.8,,1013.4,,0
2011-04-30,26.7,21.7,33.9,65,0.0,0,10.8,,1005.3,,6
2011-05-01,23.7,10.0,35.0,64,0.0,0,15.1,,1007.7,,7
2011-05-02,11.1,9.4,12.8,81,0.8,0,10.8,,1019.8,,7
2011-05-03,15.8,8.9,23.9,53,0.0,0,9.7,,1027.2,,2
2011-05-04,18.5,7.8,28.3,38,0.0,0,6.1,,1026.0,,0
2011-05-05,21.6,12.8,30.0,45,0.0,0,5.8,,1020.1,,0
2011-05-06,24.2,16.1,32.2,54,0.0,0,9.7,,1015.4,,1
2011-05-07,26.1,19.4,34.4,56,0.0,0,13.3,,1010.5,,2
2011-05-08,28.0,22.8,36.7,60,0.0,0,14.8,,1008.2,,3
2011-05-09,28.5,23.3,37.2,57,0.0,0,15.1,,1006.3,,3
2011-05-10,27.2,23.9,35.0,63,0.5,0,13.3,,1006.7,,4
2011-05-11,26.4,21.7,33.3,68,0.0,0,12.6,,1007.0,,7
2011-05-12,21.9,17.2,25.6,80,75.2,0,4.3,,,,4
2011-05-13,,15.6,32.2,,0.0,0,8.3,,,,0
2011-05-14,21.6,15.6,27.8,40,0.0,0,9.4,,1015.1,,0
2011-05-15,20.4,12.2,27.2,44,0.0,0,5.4,,1015.9,,2
2011-05-16,23.7,18.3,30.6,39,0.0,0,4.3,,1014.1,,4
2011-05-17,23.8,16.1,31.7,47,0.0,0,9.4,,1009.0,,1
2011-05-18,24.7,20.0,31.1,67,0.0,0,13.0,,1004.6,,7
2011-05-19,24.7,23.3,26.7,81,1.0,0,13.0,,1005.1,,8
2011-05-20,26.8,20.0,32.2,76,15.2,0,9.0,,1005.6,,7
2011-05-21,,18.3,31.7,,0.0,0,7.9,,,,5
2011-05-22,28.5,25.0,33.9,66,0.0,0,14.4,,1008.7,,5
2011-05-23,28.0,23.9,34.4,64,0.0,0,14.0,,1007.4,,6
2011-05-24,29.0,25.0,35.0,63,0.0,0,15.5,,1005.5,,4
2011-05-25,30.6,25.0,37.8,54,0.0,0,7.9,,1006.3,,4
2011-05-26,27.5,20.0,33.3,37,0.0,0,7.2,,1011.9,,0
2011-05-27,29.2,22.2,37.8,51,0.0,0,13.3,,1007.1,,0
2011-05-28,29.4,23.9,37.8,62,0.0,0,15.5,,1004.3,,3
2011-05-29,29.0,23.9,36.1,60,0.0,0,18.0,,1006.6,,3
2011-05-30,29.4,25.0,35.6,60,0.0,0,19.1,,1010.4,,5
2011-05-31,29.9,25.6,36.7,61,0.0,0,11.2,,1016.9,,5
2011-06-01,29.2,23.3,36.1,55,0.0,0,6.5,,1019.7,,2
2011-06-02,29.2,20.6,37.2,48,0.0,0,8.3,,1015.6,,0
2011-06-03,29.9,22.2,37.2,42,0.0,0,8.3,,1014.0,,0
2011-06-04,29.2,22.2,36.7,56,0.0,0,5.8,,1017.7,,2
2011-06-05,29.3,20.6,38.3,50,0.0,0,3.6,,1017.3,,0
2011-06-06,30.9,21.7,39.4,43,0.0,0,5.4,,1013.0,,0
2011-06-07,30.2,22.2,37.8,48,0.0,0,7.6,,1010.4,,0
2011-06-08,29.6,23.3,37.2,58,0.0,0,12.2,,1011.0,,2
2011-06-09,29.7,22.8,37.2,56,0.0,0,12.2,,1011.4,,2
2011-06-10,29.7,23.3,37.8,57,0.0,0,12.2,,1010.6,,3
2011-06-11,29.6,23.3,37.2,57,0.0,0,6.8,,1011.1,,3
2011-06-12,30.5,23.9,37.8,54,0.0,0,10.8,,1011.3,,2
2011-06-13,30.9,23.9,38.3,52,0.0,0,9.7,,1012.6,,1
2011-06-14,31.3,23.9,39.4,51,0.0,0,13.3,,1010.9,,2
2011-06-15,31.5,25.6,40.0,53,0.0,0,12.6,,1008.4,,2
2011-06-16,31.0,25.0,39.4,57,0.0,0,14.0,,1007.9,,3
2011-06-17,32.0,26.7,41.1,55,0.0,0,14.8,,1007.8,,3
2011-06-18,32.2,25.6,41.1,55,0.0,0,15.8,,1009.4,,2
2011-06-19,31.7,26.1,40.6,54,0.0,0,16.9,,1008.0,,2
2011-06-20,30.7,25.6,38.9,57,0.0,0,17.6,,1005.2,,4
2011-06-21,31.2,21.1,38.3,59,0.5,0,12.2,,1006.4,,5
2011-06-22,,19.4,32.2,,50.5,0,5.4,,,,4
2011-06-23,28.3,22.2,35.0,66,0.0,0,6.1,,1011.6,,4
2011-06-24,29.1,22.8,36.1,64,0.0,0,8.6,,1009.4,,2
2011-06-25,29.7,25.0,36.1,66,0.0,0,10.8,,1009.3,,4
2011-06-26,30.0,25.0,36.1,63,0.0,0,12.2,,1010.4,,4
2011-06-27,30.7,25.0,37.2,61,0.0,0,13.0,,1011.8,,3
2011-06-28,30.5,24.4,37.2,60,0.0,0,8.3,,1014.6,,2
2011-06-29,30.3,23.9,37.2,57,0.0,0,6.1,,1014.6,,0
2011-06-30,30.8,23.3,37.8,50,0.0,0,7.2,,1013.6,,1
2011-07-01,30.2,24.4,37.2,59,0.0,0,7.6,,1014.0,,1
2011-07-02,31.0,24.4,38.3,60,0.0,0,4.7,,1015.4,,0
2011-07-03,31.6,23.9,38.9,50,0.0,0,6.8,,1013.3,,
2011-07-04,31.1,23.9,38.3,51,0.0,0,7.9,,1012.1,,
2011-07-05,30.7,22.8,38.3,52,0.0,0,6.5,,1012.7,,0
2011-07-06,31.5,24.4,38.9,50,0.0,0,6.5,,1012.9,,1
2011-07-07,30.8,24.4,37.8,54,0.0,0,5.8,,1011.4,,0
2011-07-08,31.7,24.4,38.9,46,0.0,0,7.9,,1009.2,,0
2011-07-09,31.4,25.0,37.8,51,0.0,0,10.1,,1010.0,,0
2011-07-10,30.4,26.1,38.3,60,0.0,0,8.3,,1012.5,,2
2011-07-11,31.6,25.6,38.9,56,0.0,0,9.0,,1013.7,,2
2011-07-12,31.4,25.6,38.9,57,0.0,0,10.1,,1013.1,,2
2011-07-13,31.6,24.4,38.9,53,0.0,0,9.4,,1011.5,,0
2011-07-14,32.0,25.0,40.0,50,0.0,0,7.9,,1009.5,,0
2011-07-15,32.7,26.1,40.0,48,0.0,0,10.4,,1008.4,,0
2011-07-16,31.3,25.6,37.2,50,0.3,0,7.9,,1010.7,,1
2011-07-17,31.4,24.4,38.3,51,0.0,0,5.8,,1014.6,,0
2011-07-18,32.0,25.6,37.8,50,0.0,0,5.8,,1014.1,,2
2011-07-19,30.4,25.6,39.4,56,0.0,0,4.7,,1011.8,,1
2011-07-20,31.2,25.6,38.9,56,0.0,0,9.7,,1010.8,,2
2011-07-21,31.5,25.6,39.4,57,0.0,0,10.8,,1010.3,,3
2011-07-22,31.7,26.1,40.0,57,0.0,0,11.2,,1010.8,,3
2011-07-23,32.1,25.6,40.0,55,0.0,0,12.2,,1013.2,,2
2011-07-24,32.5,26.1,40.6,52,0.0,0,9.7,,1015.4,,2
2011-07-25,32.8,25.0,40.6,44,0.0,0,8.3,,1012.9,,0
2011-07-26,32.8,26.1,39.4,45,0.0,0,9.0,,1009.1,,0
2011-07-27,32.5,25.6,40.0,47,0.0,0,10.8,,1008.7,,0
2011-07-28,32.4,26.1,40.0,50,0.0,0,9.4,,1010.6,,2
2011-07-29,31.2,26.1,38.9,57,0.0,0,9.4,,1013.1,,2
2011-07-30,30.9,24.4,38.9,60,1.0,0,10.8,,1015.4,,3
2011-07-31,31.6,24.4,38.9,52,0.0,0,5.0,,1016.7,,0
2011-08-01,33.6,25.6,41.7,43,0.0,0,4.7,,1014.2,,0
2011-08-02,34.1,26.7,41.7,40,0.0,0,6.8,,1011.0,,0
2011-08-03,33.6,26.1,41.1,44,0.0,0,7.6,,1009.8,,0
2011-08-04,33.5,26.1,41.7,44,0.0,0,7.2,,1009.8,,0
2011-08-05,33.2,25.6,41.1,49,0.0,0,10.1,,1010.7,,0
2011-08-06,32.5,25.6,40.0,52,0.0,0,9.7,,1011.2,,1
2011-08-07,32.5,26.1,39.4,52,0.0,0,9.4,,1010.7,,1
2011-08-08,32.8,26.1,41.1,52,0.0,0,12.6,,1008.8,,1
2011-08-09,32.7,25.6,41.1,53,0.0,0,10.8,,1008.3,,2
2011-08-10,32.3,26.1,40.0,54,0.0,0,12.2,,1008.1,,2
2011-08-11,32.9,27.8,40.0,55,0.0,0,11.2,,1008.8,,4
2011-08-12,32.4,27.2,39.4,55,0.0,0,9.7,,1010.7,,1
2011-08-13,31.2,26.1,36.1,57,0.0,0,6.1,,1012.0,,1
2011-08-14,32.3,26.1,40.6,52,0.0,0,6.8,,1012.8,,1
2011-08-15,32.9,26.1,40.6,45,0.0,0,7.9,,1011.0,,0
2011-08-16,32.4,25.0,40.0,49,0.0,0,9.4,,1012.3,,1
2011-08-17,32.3,25.6,39.4,50,0.0,0,7.9,,1015.0,,0
2011-08-18,33.1,23.9,41.1,40,0.0,0,6.8,,1013.0,,0
2011-08-19,33.6,25.0,41.7,42,0.0,0,7.2,,1009.9,,0
2011-08-20,33.4,26.1,41.1,44,0.0,0,7.9,,1010.6,,0
2011-08-21,32.0,25.0,39.4,53,0.0,0,9.0,,1013.3,,1
2011-08-22,32.6,25.6,40.6,48,0.0,0,5.8,,1013.7,,1
2011-08-23,32.8,25.6,40.0,48,0.0,0,6.1,,1011.5,,0
2011-08-24,32.9,26.1,41.1,47,0.0,0,7.2,,1010.7,,0
2011-08-25,29.9,25.0,34.4,57,0.0,0,6.1,,1011.9,,1
2011-08-26,31.4,23.3,39.4,50,0.0,0,2.9,,1012.7,,0
2011-08-27,34.2,26.1,43.3,40,0.0,0,4.3,,1010.8,,1
2011-08-28,35.5,26.7,44.4,30,0.0,0,5.8,,1007.6,,0
2011-08-29,35.3,27.2,42.8,31,0.0,0,6.1,,1008.2,,0
2011-08-30,33.3,26.1,40.6,34,0.0,0,8.3,,1009.6,,0
2011-08-31,,26.1,39.4,,0.0,0,10.4,,,,
2011-09-01,31.6,24.4,38.9,47,0.0,0,5.8,,1012.4,,1
2011-09-02,32.8,26.7,40.0,48,0.0,0,4.3,,1009.4,,1
2011-09-03,32.4,25.0,38.9,40,0.0,0,8.3,,1006.2,,0
2011-09-04,32.0,25.0,38.9,34,0.0,0,17.6,,1006.0,,1
2011-09-05,27.8,18.9,33.3,30,0.0,0,11.5,,1012.5,,0
2011-09-06,25.6,17.8,34.4,23,0.0,0,5.4,,1015.7,,0
2011-09-07,26.0,16.1,35.6,26,0.0,0,3.2,,1017.1,,0
2011-09-08,26.8,18.3,35.0,22,0.0,0,7.9,,1017.5,,0
2011-09-09,27.0,17.2,37.2,25,0.0,0,4.0,,1014.6,,0
2011-09-10,28.3,18.3,37.8,24,0.0,0,4.0,,1014.9,,0
2011-09-11,29.5,18.9,40.0,33,0.0,0,2.5,,1016.1,,0
2011-09-12,31.1,21.1,40.6,29,0.0,0,4.7,,1016.4,,0
2011-09-13,31.8,23.3,40.6,34,0.0,0,7.6,,1013.5,,0
2011-09-14,30.9,22.8,39.4,41,0.0,0,10.1,,1011.7,,0
2011-09-15,28.9,23.3,35.6,52,0.0,0,6.1,,1014.8,,2
2011-09-16,27.6,23.9,32.8,59,0.0,0,9.7,,1016.2,,4
2011-09-17,26.2,22.8,33.9,74,4.1,0,6.1,,1015.7,,4
2011-09-18,27.6,22.2,35.0,70,0.0,0,6.1,,1014.4,,5
2011-09-19,27.7,21.1,35.0,48,0.0,0,5.4,,1015.0,,0
2011-09-20,26.7,18.3,36.1,38,0.0,0,3.2,,1013.6,,0
2011-09-21,28.5,20.6,36.1,49,0.0,0,4.7,,1013.6,,0
2011-09-22,28.4,21.7,36.7,45,0.0,0,6.5,,1015.6,,0
2011-09-23,25.6,19.4,33.9,44,0.0,0,7.2,,1017.8,,1
2011-09-24,26.5,15.0,37.2,36,0.0,0,3.6,,1012.9,,0
2011-09-25,31.6,23.3,40.6,40,0.0,0,11.5,,1006.5,,0
2011-09-26,30.7,22.8,40.0,44,0.0,0,7.9,,1007.4,,0
2011-09-27,29.4,23.3,37.8,51,0.5,0,9.4,,1010.5,,2
2011-09-28,28.7,18.3,39.4,43,0.0,0,2.5,,1010.8,,0
2011-09-29,28.4,22.8,38.3,46,0.0,0,5.8,,1011.3,,0
2011-09-30,27.0,22.8,32.8,32,0.0,0,12.6,,1016.7,,0
2011-10-01,24.3,16.1,31.7,22,0.0,0,4.7,,1019.7,,0
2011-10-02,23.5,14.4,32.2,33,0.0,0,2.5,,1020.7,,0
2011-10-03,23.5,15.0,31.1,41,0.0,0,3.6,,1021.0,,0
2011-10-04,22.7,13.3,31.7,46,0.0,0,5.4,,1020.7,,0
2011-10-05,24.5,17.8,32.2,55,0.0,0,7.6,,1017.4,,3
2011-10-06,25.8,20.6,32.2,66,0.0,0,13.3,,1014.2,,4
2011-10-07,28.2,24.4,35.0,62,0.0,0,15.1,,1014.1,,5
2011-10-08,25.2,22.8,32.2,76,12.4,0,13.7,,1013.6,,7
2011-10-09,20.6,17.2,23.3,84,43.2,0,7.6,,,,7
2011-10-10,21.3,18.3,26.1,77,0.0,0,3.6,,,,6
2011-10-11,23.2,17.2,30.6,67,0.0,0,2.9,,,,
2011-10-12,25.0,20.0,31.7,69,0.0,0,7.6,,1008.2,,3
2011-10-13,24.7,16.1,31.1,46,0.0,0,7.2,,1012.9,,1
2011-10-14,21.6,12.2,31.7,45,0.0,0,3.6,,1014.2,,0
2011-10-15,22.8,13.9,31.1,52,0.0,0,4.3,,1016.4,,0
2011-10-16,23.3,16.1,31.7,61,0.0,0,2.5,,1016.6,,0
2011-10-17,24.7,17.8,32.2,62,0.0,0,7.9,,,,0
2011-10-18,19.2,12.8,23.9,38,0.0,0,18.4,,1014.8,,0
2011-10-19,17.2,11.1,24.4,29,0.0,0,9.4,,1019.6,,0
2011-10-20,17.1,6.7,27.2,39,0.0,0,6.5,,1018.4,,0
2011-10-21,21.9,13.3,30.6,59,0.0,0,7.6,,1018.0,,0
2011-10-22,23.5,17.8,30.6,66,0.0,0,9.4,,1016.3,,3
2011-10-23,24.3,17.2,32.2,63,0.0,0,5.4,,1015.2,,1
2011-10-24,24.1,16.7,31.1,62,0.0,0,4.7,,1019.5,,0
2011-10-25,23.6,17.8,30.6,64,0.0,0,10.1,,1017.5,,1
2011-10-26,,17.8,31.1,,0.0,0,10.1,,,,0
2011-10-27,19.2,10.6,23.3,69,0.0,0,11.5,,1012.5,,6
2011-10-28,12.9,9.4,17.2,57,0.0,0,13.7,,1023.0,,5
2011-10-29,12.6,6.7,20.0,48,0.0,0,4.0,,1024.5,,0
2011-10-30,15.1,7.2,23.9,50,0.0,0,2.5,,,,0
2011-10-31,17.7,8.9,26.7,56,0.0,0,4.0,,,,0
2011-11-01,19.5,11.7,27.2,59,0.0,0,9.4,,1018.7,,0
2011-11-02,21.7,12.8,30.0,60,0.0,0,13.0,,1016.3,,4
2011-11-03,11.8,5.6,17.8,34,0.0,0,14.8,,,,2
2011-11-04,10.5,2.2,19.4,34,0.0,0,3.2,,1023.2,,0
2011-11-05,15.5,5.6,25.6,52,0.0,0,10.1,,1015.5,,2
2011-11-06,22.4,19.4,26.7,75,0.3,0,11.9,,,,8
2011-11-07,23.0,20.6,25.6,78,1.8,0,13.0,,,,8
2011-11-08,20.3,12.2,23.9,67,0.3,0,9.4,,1013.3,,5
2011-11-09,13.0,8.3,17.8,46,0.0,0,14.4,,1025.5,,1
2011-11-10,11.9,4.4,19.4,39,0.0,0,6.1,,1029.9,,0
2011-11-11,11.5,1.7,21.1,45,0.0,0,6.1,,,,0
2011-11-12,18.8,11.7,26.7,59,0.0,0,11.5,,1015.4,,0
2011-11-13,22.9,17.8,30.0,69,0.0,0,13.0,,1011.4,,1
2011-11-14,23.8,21.1,28.3,72,0.0,0,9.7,,1009.7,,6
2011-11-15,,15.6,22.8,,17.3,0,4.7,,,,5
2011-11-16,18.7,11.7,26.1,63,0.0,0,10.8,,,,0
2011-11-17,11.9,7.2,17.2,47,0.0,0,8.3,,1027.5,,2
2011-11-18,13.9,6.1,21.1,64,0.0,0,8.3,,,,5
2011-11-19,21.9,18.3,26.7,80,0.0,0,10.8,,1012.8,,7
2011-11-20,24.9,22.8,28.3,72,0.0,0,12.2,,1015.4,,8
2011-11-21,21.7,16.1,26.1,83,6.9,0,8.3,,1015.1,,7
2011-11-22,16.6,10.6,22.2,79,18.5,0,9.4,,1017.4,,4
2011-11-23,14.5,8.9,22.8,75,0.0,0,3.6,,,,0
2011-11-24,14.3,6.7,22.2,74,0.0,0,5.8,,1023.8,,0
2011-11-25,18.4,12.2,25.6,72,0.0,0,12.2,,,,5
2011-11-26,14.6,9.4,19.4,77,29.0,0,12.2,,,,7
2011-11-27,8.8,3.9,12.8,33,0.0,0,15.1,,,,2
2011-11-28,8.5,0.6,17.2,47,0.0,0,3.6,,,,0
2011-11-29,11.3,1.7,19.4,44,0.0,0,7.9,,1022.1,,0
2011-11-30,10.6,4.4,17.2,53,0.0,0,4.0,,1022.8,,0
2011-12-01,13.8,5.0,22.8,73,0.0,0,6.8,,1020.0,,5
2011-12-02,13.7,10.6,17.2,98,16.5,0,6.5,,,,8
2011-12-03,16.7,12.2,21.1,,3.8,0,10.8,,,,8
2011-12-04,10.6,6.7,19.4,92,25.9,0,12.2,,1017.5,,8
2011-12-05,5.1,1.7,6.7,86,16.3,0,14.4,,,,8
2011-12-06,1.7,-1.1,5.6,69,0.0,0,13.3,,,,5
2011-12-07,3.1,-2.8,11.1,64,0.0,0,4.7,,1029.3,,0
2011-12-08,5.5,-1.1,13.3,70,0.0,0,2.5,,1024.3,,0
2011-12-09,10.2,5.0,17.8,82,0.0,0,5.8,,1024.2,,4
2011-12-10,9.4,7.8,11.7,71,0.0,0,9.4,,1031.3,,6
2011-12-11,9.2,6.7,11.1,57,0.3,0,4.7,,1028.0,,8
2011-12-12,12.1,9.4,15.6,60,0.0,0,6.8,,1023.6,,8
2011-12-13,16.8,13.9,20.0,92,1.0,0,9.4,,1021.5,,
2011-12-14,20.8,18.3,22.8,89,4.8,0,13.7,,1015.4,,8
2011-12-15,14.7,10.0,21.1,92,18.0,0,11.2,,,,
2011-12-16,10.3,7.8,13.3,80,0.0,0,13.0,,1026.4,,8
2011-12-17,11.2,7.8,16.1,46,0.0,0,8.3,,1030.9,,6
2011-12-18,13.3,11.1,16.7,51,0.0,0,5.4,,1025.9,,8
2011-12-19,17.0,13.3,21.1,89,4.8,0,7.9,,,,8
2011-12-20,11.0,7.8,15.0,63,0.0,0,11.5,,1014.7,,0
2011-12-21,8.2,6.1,10.0,63,9.1,0,2.2,,1016.2,,4
2011-12-22,11.7,5.6,20.0,74,18.0,0,6.1,,,,
2011-12-23,6.0,5.0,6.7,74,0.0,0,13.0,,1028.3,,
2011-12-24,5.9,5.0,6.7,87,5.1,0,11.5,,1028.5,,8
2011-12-25,6.1,4.4,8.3,86,0.3,0,10.4,,1029.2,,8
2011-12-26,8.3,3.3,13.9,70,1.3,0,5.4,,1023.0,,4
2011-12-27,9.0,2.8,18.3,58,0.0,0,6.5,,1023.6,,0
2011-12-28,10.3,2.8,20.0,58,0.0,0,5.8,,,,0
2011-12-29,11.8,2.8,22.2,53,0.0,0,5.8,,1015.8,,0
2011-12-30,14.3,5.0,23.9,46,0.0,0,5.8,,1015.6,,0
2011-12-31,15.4,7.8,26.1,51,0.0,0,5.4,,1016.6,,0
2012-01-01,12.8,8.3,17.2,38,0.0,0,13.3,,1031.0,,0
2012-01-02,9.1,2.8,15.6,41,0.0,0,7.9,,1038.1,,0
2012-01-03,8.1,-0.6,16.7,51,0.0,0,6.8,,1032.6,,0
2012-01-04,12.6,5.0,22.8,60,0.0,0,3.6,,1024.9,,0
2012-01-05,13.4,6.7,21.1,58,0.0,0,2.9,,1024.6,,2
2012-01-06,17.6,12.8,23.3,68,0.0,0,8.6,,,,3
2012-01-07,14.8,9.4,20.6,63,0.0,0,3.6,,,,2
2012-01-08,12.7,8.3,15.6,74,1.3,0,5.8,,,,6
2012-01-09,10.0,5.6,13.9,91,22.1,0,13.3,,1016.4,,8
2012-01-10,8.6,5.0,14.4,68,0.0,0,11.5,,1015.4,,4
2012-01-11,13.6,3.3,25.0,50,0.0,0,10.1,,,,0
2012-01-12,5.7,0.6,10.0,39,0.0,0,13.3,,1023.3,,0
2012-01-13,6.8,0.0,14.4,41,0.0,0,6.1,,1026.4,,0
2012-01-14,9.3,-0.6,19.4,40,0.0,0,3.2,,,,0
2012-01-15,12.0,2.8,17.8,62,0.0,0,7.2,,1025.0,,4
2012-01-16,18.9,15.6,22.8,82,0.0,0,12.2,,1017.6,,7
2012-01-17,17.5,6.7,23.3,60,0.0,0,12.6,,1019.2,,3
2012-01-18,9.6,2.2,18.9,45,0.0,0,6.1,,1023.7,,0
2012-01-19,16.8,7.2,26.7,63,0.0,0,6.8,,1013.6,,1
2012-01-20,17.6,13.9,23.3,86,0.0,0,7.6,,1010.1,,4
2012-01-21,11.2,6.1,16.1,68,0.0,0,7.9,,1014.6,,2
2012-01-22,16.1,10.0,24.4,76,0.0,0,7.6,,1009.7,,5
2012-01-23,14.1,8.9,19.4,46,0.0,0,7.2,,,,1
2012-01-24,13.9,8.3,20.0,83,10.2,0,5.8,,,,8
2012-01-25,14.3,10.0,21.1,86,79.8,0,11.2,,1010.4,,8
2012-01-26,13.3,8.3,21.1,61,0.0,0,7.6,,1016.0,,2
2012-01-27,12.9,3.3,21.7,64,0.0,0,6.8,,1017.1,,0
2012-01-28,11.1,5.0,15.0,42,0.0,0,13.7,,1027.9,,0
2012-01-29,9.2,1.1,17.2,51,0.0,0,3.2,,1030.3,,0
2012-01-30,12.3,5.0,17.8,77,5.1,0,6.1,,1024.1,,6
2012-01-31,17.5,14.4,22.8,87,1.0,0,6.8,,1018.8,,6
2012-02-01,19.9,15.0,27.8,80,0.0,0,2.2,,1018.0,,4
2012-02-02,17.6,12.2,22.2,84,0.8,0,5.4,,1016.7,,5
2012-02-03,21.1,18.9,23.9,82,1.0,0,8.6,,1013.5,,8
2012-02-04,13.4,10.0,20.6,62,3.3,0,13.7,,1020.9,,5
2012-02-05,7.9,5.0,10.0,64,2.3,0,13.0,,1027.3,,6
2012-02-06,7.7,4.4,10.6,66,0.0,0,4.7,,1026.0,,7
2012-02-07,12.3,6.1,19.4,61,0.0,0,4.0,,1023.4,,4
2012-02-08,9.2,5.0,13.3,67,0.0,0,9.4,,1029.2,,1
2012-02-09,9.1,2.8,14.4,70,0.0,0,5.8,,1024.8,,3
2012-02-10,12.4,8.9,18.3,64,3.8,0,8.3,,1021.6,,4
2012-02-11,5.8,1.7,10.0,50,0.0,0,14.0,,1031.4,,0
2012-02-12,2.4,-1.7,6.7,52,0.3,0,10.4,,1031.5,,4
2012-02-13,8.9,3.9,17.8,86,6.4,0,4.3,,1015.8,,5
2012-02-14,14.4,5.6,22.8,80,0.0,0,6.5,,1012.8,,
2012-02-15,19.8,13.9,25.6,71,0.0,0,6.5,,1012.9,,4
2012-02-16,13.2,10.0,18.3,60,0.0,0,9.7,,1020.4,,3
2012-02-17,12.3,10.6,13.9,90,13.5,0,7.6,,,,8
2012-02-18,12.1,8.9,13.9,91,43.7,0,11.2,,,,8
2012-02-19,11.2,6.7,15.0,73,0.0,0,8.3,,1019.1,,2
2012-02-20,13.7,8.3,21.1,80,0.0,0,8.3,,1017.5,,4
2012-02-21,17.0,9.4,24.4,74,0.0,0,5.4,,1018.6,,3
2012-02-22,22.0,16.7,31.1,61,0.0,0,7.6,,1009.6,,3
2012-02-23,23.0,14.4,33.3,46,0.0,0,8.3,,1002.3,,0
2012-02-24,12.9,7.8,18.3,30,0.0,0,16.6,,1020.9,,0
2012-02-25,9.9,3.9,16.7,44,0.0,0,7.2,,1027.8,,0
2012-02-26,12.0,4.4,18.9,63,0.0,0,10.1,,1020.8,,4
2012-02-27,17.5,15.0,21.1,77,1.0,0,9.7,,1021.3,,8
2012-02-28,20.0,16.7,25.6,85,1.0,0,14.0,,1016.1,,8
2012-02-29,20.7,15.6,24.4,62,0.3,0,5.0,,1014.7,,5
2012-03-01,17.9,11.7,22.2,84,0.0,0,3.2,,1010.4,,6
2012-03-02,22.0,15.0,28.3,59,0.0,0,9.4,,1006.1,,4
2012-03-03,14.2,7.2,18.9,32,0.0,0,13.0,,1017.3,,3
2012-03-04,14.2,5.6,22.8,41,0.0,0,6.5,,1022.8,,0
2012-03-05,16.6,8.3,24.4,44,0.0,0,9.4,,1025.1,,0
2012-03-06,17.8,12.2,23.9,67,0.0,0,16.9,,1020.0,,4
2012-03-07,19.9,17.8,22.8,80,0.3,0,15.8,,1014.1,,8
2012-03-08,18.6,7.8,24.4,84,1.0,0,16.6,,1015.3,,8
2012-03-09,6.7,5.6,7.8,88,32.3,0,14.0,,1026.6,,8
2012-03-10,8.9,6.1,11.1,91,19.6,0,5.8,,1022.3,,8
2012-03-11,15.6,10.6,23.3,82,8.6,0,5.8,,,,5
2012-03-12,17.8,10.6,26.7,82,0.0,0,6.8,,1017.1,,
2012-03-13,21.3,17.8,26.7,83,0.0,0,9.7,,1018.0,,6
2012-03-14,21.9,19.4,26.1,80,0.0,0,12.2,,1018.0,,6
2012-03-15,22.2,19.4,27.8,78,0.0,0,10.8,,1018.9,,6
2012-03-16,22.4,20.0,26.7,79,0.0,0,13.3,,1017.5,,6
2012-03-17,21.9,18.9,26.1,78,0.0,0,13.7,,1015.6,,6
2012-03-18,21.3,19.4,23.9,83,0.0,0,14.8,,1013.5,,6
2012-03-19,22.5,15.0,26.1,79,2.0,0,20.5,,,,7
2012-03-20,15.3,11.1,21.1,73,70.4,0,6.8,,1007.6,,
2012-03-21,15.7,9.4,21.7,52,0.0,0,7.6,,1010.8,,
2012-03-22,19.1,10.6,28.3,49,0.0,0,12.6,,1011.6,,0
2012-03-23,17.7,9.4,26.7,56,0.0,0,3.2,,1015.7,,0
2012-03-24,19.2,11.7,27.2,76,0.0,0,3.2,,1015.7,,2
2012-03-25,21.0,14.4,27.8,72,0.0,0,3.2,,1016.4,,0
2012-03-26,21.4,15.0,27.8,65,0.0,0,6.1,,1016.1,,0
2012-03-27,20.6,15.0,27.2,71,0.0,0,7.9,,1016.1,,1
2012-03-28,19.9,17.2,22.8,89,4.8,0,5.8,,1015.2,,7
2012-03-29,21.5,17.8,27.2,85,0.0,0,5.8,,1011.5,,6
2012-03-30,23.6,20.0,28.9,76,0.0,0,8.6,,1009.3,,4
2012-03-31,24.0,18.3,31.1,75,0.0,0,9.4,,1009.3,,1
2012-04-01,24.3,20.0,30.6,74,0.0,0,10.8,,1007.4,,4
2012-04-02,24.6,21.1,30.0,73,0.0,0,13.0,,1003.0,,5
2012-04-03,24.4,17.2,30.0,70,2.0,0,7.9,,1006.3,,6
2012-04-04,20.9,13.9,29.4,56,0.0,0,6.8,,1009.7,,0
2012-04-05,23.3,16.7,33.3,67,0.0,0,4.0,,1009.2,,2
2012-04-06,22.4,16.1,28.9,59,0.0,0,8.3,,1013.8,,0
2012-04-07,23.7,19.4,29.4,70,0.0,0,8.3,,1017.8,,5
2012-04-08,22.9,17.2,28.3,65,0.0,0,4.3,,1022.0,,2
2012-04-09,22.3,17.2,28.3,65,0.0,0,4.7,,1020.1,,1
2012-04-10,22.4,16.1,28.9,65,0.0,0,5.4,,1018.2,,0
2012-04-11,22.6,15.6,29.4,67,0.0,0,8.6,,1017.3,,2
2012-04-12,23.4,20.0,30.0,71,0.0,0,11.9,,1014.7,,7
2012-04-13,23.0,19.4,28.3,76,0.0,0,12.6,,1012.8,,7
2012-04-14,24.1,21.7,26.7,76,0.0,0,18.4,,1009.3,,8
2012-04-15,21.8,14.4,25.0,70,3.0,0,10.1,,1008.4,,6
2012-04-16,18.4,12.2,24.4,65,0.0,0,6.8,,1017.0,,3
2012-04-17,21.1,13.9,28.9,57,0.0,0,6.5,,1021.1,,0
2012-04-18,21.4,13.9,28.3,56,0.0,0,6.8,,1019.1,,1
2012-04-19,21.7,13.9,30.0,55,0.0,0,9.4,,1012.5,,0
2012-04-20,20.1,16.1,25.0,68,0.5,0,11.9,,1010.7,,2
2012-04-21,18.9,11.7,27.2,44,0.0,0,10.1,,1016.3,,0
2012-04-22,21.8,10.6,32.8,45,0.0,0,4.7,,1017.4,,0
2012-04-23,20.9,15.0,27.8,36,0.0,0,6.1,,1020.6,,0
2012-04-24,22.0,12.8,31.1,51,0.0,0,9.4,,1015.6,,0
2012-04-25,24.9,18.3,33.3,66,0.0,0,13.7,,1011.1,,3
2012-04-26,25.2,18.9,34.4,67,0.0,0,13.3,,1009.5,,0
2012-04-27,24.8,20.0,32.2,67,0.0,0,14.4,,1008.8,,2
2012-04-28,25.2,20.0,32.8,65,0.0,0,15.5,,1009.3,,5
2012-04-29,25.4,21.7,31.1,66,0.0,0,15.5,,1011.8,,5
2012-04-30,25.3,22.8,29.4,73,0.0,0,11.9,,1013.6,,6
2012-05-01,25.3,21.7,31.7,71,0.0,0,13.7,,1012.0,,5
2012-05-02,25.5,21.7,31.1,68,0.0,0,8.3,,1010.8,,5
2012-05-03,26.8,21.7,33.9,67,0.0,0,11.2,,1011.9,,4
2012-05-04,27.0,22.2,33.9,67,0.0,0,11.5,,1012.7,,2
2012-05-05,27.8,21.7,35.6,67,2.8,0,11.5,,1010.6,,3
2012-05-06,25.1,18.9,33.9,73,17.5,0,9.7,,1010.2,,3
2012-05-07,25.6,19.4,33.3,73,10.7,0,7.6,,1010.3,,3
2012-05-08,19.5,17.2,21.1,90,6.6,0,5.8,,1014.2,,5
2012-05-09,21.8,16.1,28.3,73,0.8,0,7.2,,1015.2,,5
2012-05-10,20.8,17.2,22.8,80,68.6,0,9.4,,1011.0,,7
2012-05-11,21.0,16.7,28.3,82,0.8,0,3.2,,1010.6,,6
2012-05-12,22.2,17.8,27.8,69,0.0,0,7.9,,1017.4,,6
2012-05-13,22.6,16.1,28.9,61,0.0,0,5.8,,1020.0,,2
2012-05-14,23.0,17.2,30.0,62,8.4,0,4.0,,1017.1,,2
2012-05-15,19.0,16.1,23.3,87,22.4,0,2.2,,1017.5,,6
2012-05-16,22.0,15.0,30.0,68,0.0,0,2.9,,1017.2,,1
2012-05-17,24.0,16.7,31.1,58,0.0,0,4.3,,1015.0,,0
2012-05-18,24.4,17.2,30.6,63,0.0,0,9.4,,1012.5,,0
2012-05-19,25.2,21.1,31.7,69,0.0,0,11.9,,1012.4,,4
2012-05-20,25.0,18.9,30.6,64,0.0,0,5.4,,1016.7,,2
2012-05-21,26.2,18.9,33.3,60,0.0,0,1.8,,1018.5,,1
2012-05-22,27.0,20.6,32.8,54,0.0,0,6.1,,1013.7,,1
2012-05-23,25.8,20.0,32.2,67,0.0,0,14.4,,1006.3,,3
2012-05-24,26.9,22.8,32.8,69,0.0,0,14.8,,1003.9,,5
2012-05-25,27.3,22.8,33.3,69,0.0,0,16.2,,1009.5,,4
2012-05-26,27.7,23.3,33.3,66,0.0,0,14.0,,1014.1,,4
2012-05-27,27.0,22.8,32.2,64,0.0,0,11.9,,1012.7,,3
2012-05-28,27.4,21.7,33.3,66,0.0,0,10.8,,1011.0,,2
2012-05-29,28.5,23.3,34.4,65,0.0,0,9.4,,1010.9,,2
2012-05-30,27.8,23.9,33.3,67,0.0,0,10.8,,1009.4,,5
2012-05-31,27.5,23.3,34.4,60,0.0,0,9.7,,1008.2,,3
2012-06-01,26.7,20.6,33.3,51,0.0,0,7.6,,1013.0,,0
2012-06-02,27.9,22.2,34.4,63,0.0,0,11.2,,1011.8,,2
2012-06-03,27.7,23.3,33.3,67,0.0,0,11.2,,1011.3,,3
2012-06-04,27.7,23.3,33.3,69,0.0,0,9.0,,1010.2,,4
2012-06-05,29.1,23.3,35.0,62,0.0,0,6.1,,1008.1,,2
2012-06-06,29.7,22.8,35.6,56,0.0,0,6.1,,1007.6,,0
2012-06-07,26.6,21.7,32.8,64,0.0,0,7.2,,1011.7,,3
2012-06-08,25.6,22.2,31.1,69,0.3,0,5.4,,1012.0,,5
2012-06-09,27.3,19.4,34.4,62,0.0,0,7.2,,1008.6,,1
2012-06-10,29.1,22.8,36.1,65,0.0,0,11.5,,1007.2,,2
2012-06-11,30.7,25.6,38.3,62,0.0,0,13.0,,1010.5,,3
2012-06-12,28.0,21.1,36.1,70,0.8,0,10.1,,1014.8,,4
2012-06-13,27.3,21.1,35.6,66,0.0,0,9.0,,1013.2,,3
2012-06-14,29.2,25.0,36.1,64,0.0,0,12.6,,1011.4,,3
2012-06-15,29.6,24.4,36.1,61,0.0,0,12.2,,1012.4,,4
2012-06-16,29.5,23.9,36.1,61,0.0,0,9.4,,1014.6,,3
2012-06-17,28.8,23.3,35.6,60,0.0,0,7.6,,1013.8,,2
2012-06-18,29.0,23.3,36.1,54,0.0,0,10.4,,1008.7,,1
2012-06-19,27.4,23.9,35.0,71,0.3,0,15.1,,1010.1,,5
2012-06-20,27.3,24.4,34.4,73,0.3,0,13.3,,1012.1,,4
2012-06-21,28.3,22.8,35.0,62,0.0,0,5.4,,1014.1,,3
2012-06-22,29.1,21.1,36.7,54,0.0,0,2.9,,1012.6,,1
2012-06-23,30.2,22.8,37.2,48,0.0,0,4.7,,1010.8,,1
2012-06-24,31.4,23.9,38.3,48,0.0,0,2.9,,1012.1,,0
2012-06-25,32.5,23.3,40.6,42,0.0,0,4.0,,1010.2,,0
2012-06-26,,25.0,42.8,,0.0,0,5.0,,,,
2012-06-27,,24.4,41.1,,0.0,0,12.6,,,,
2012-06-28,31.5,24.4,37.8,47,0.0,0,8.3,,,,1
2012-06-29,29.6,25.0,37.2,61,0.0,0,9.7,,1013.5,,1
2012-06-30,27.5,23.3,34.4,68,0.0,0,9.7,,1011.3,,3
2012-07-01,25.9,22.8,32.2,78,9.7,0,10.4,,1013.8,,5
2012-07-02,29.2,24.4,36.1,63,0.0,0,11.9,,1015.7,,5
2012-07-03,29.2,22.8,36.7,61,0.0,0,10.1,,1014.9,,3
2012-07-04,30.1,25.0,37.2,59,0.0,0,13.0,,1014.1,,3
2012-07-05,29.9,23.9,37.8,60,0.0,0,9.4,,1014.7,,2
2012-07-06,30.2,23.9,37.2,56,0.0,0,7.2,,1015.0,,1
2012-07-07,30.3,23.9,37.8,56,0.0,0,6.1,,1014.9,,2
2012-07-08,28.4,23.9,37.2,65,0.3,0,5.4,,1014.5,,3
2012-07-09,27.7,22.2,37.2,73,21.6,0,6.5,,1013.4,,4
2012-07-10,25.5,22.2,32.8,83,13.0,0,3.2,,1012.3,,4
2012-07-11,25.0,22.2,31.1,88,3.0,0,3.6,,1012.4,,3
2012-07-12,27.8,22.8,35.6,72,0.0,0,4.3,,1012.5,,4
2012-07-13,27.3,23.3,36.1,76,0.3,0,3.6,,1013.4,,2
2012-07-14,28.0,21.7,35.0,69,31.5,0,3.2,,1014.0,,4
2012-07-15,24.8,20.0,33.9,84,68.6,0,5.4,,1014.7,,4
2012-07-16,26.5,20.6,33.9,75,0.0,0,6.1,,1014.4,,4
2012-07-17,27.3,24.4,32.2,77,0.0,0,8.6,,1013.8,,2
2012-07-18,27.9,24.4,33.3,75,0.0,0,7.2,,1015.1,,3
2012-07-19,28.8,23.3,35.0,69,0.0,0,5.8,,1017.4,,1
2012-07-20,29.8,23.9,36.7,61,0.0,0,5.8,,1016.6,,0
2012-07-21,30.8,23.9,37.8,56,0.0,0,6.5,,1014.0,,0
2012-07-22,28.7,23.9,34.4,65,0.0,0,8.3,,1014.5,,1
2012-07-23,28.8,24.4,35.0,67,0.0,0,10.4,,1016.9,,3
2012-07-24,29.3,25.0,35.6,67,0.0,0,11.2,,1016.0,,5
2012-07-25,29.3,24.4,35.6,66,0.0,0,11.5,,1013.0,,3
2012-07-26,29.2,24.4,36.1,67,0.0,0,11.9,,1011.9,,4
2012-07-27,29.7,25.0,36.1,65,0.0,0,7.9,,1014.9,,4
2012-07-28,29.9,22.8,37.2,58,0.0,0,3.6,,1017.5,,0
2012-07-29,30.7,23.3,37.8,56,0.0,0,5.4,,1016.0,,0
2012-07-30,30.5,23.3,37.2,56,0.0,0,8.6,,1014.4,,0
2012-07-31,30.9,23.9,38.3,58,0.0,0,7.6,,1013.8,,0
2012-08-01,31.0,23.9,38.9,55,0.0,0,9.0,,1012.8,,0
2012-08-02,30.4,23.3,38.9,57,0.0,0,10.1,,1010.7,,1
2012-08-03,30.3,23.9,38.3,58,0.0,0,11.2,,1010.5,,0
2012-08-04,30.4,24.4,37.8,60,0.0,0,10.4,,1012.8,,2
2012-08-05,29.0,23.9,36.1,65,0.0,0,4.0,,1017.1,,1
2012-08-06,29.2,22.8,36.1,60,0.0,0,4.0,,1016.6,,0
2012-08-07,31.6,25.0,38.3,53,0.0,0,5.4,,1013.1,,1
2012-08-08,31.3,24.4,38.3,52,0.0,0,5.8,,1013.1,,0
2012-08-09,31.6,25.0,39.4,54,0.0,0,6.5,,1012.6,,0
2012-08-10,31.3,25.0,41.7,54,0.8,0,3.2,,1010.8,,1
2012-08-11,31.1,23.3,39.4,51,0.0,0,4.7,,1011.3,,0
2012-08-12,31.7,25.0,38.9,50,0.0,0,9.7,,1012.2,,0
2012-08-13,31.2,26.1,39.4,57,0.0,0,7.6,,1013.5,,0
2012-08-14,31.9,25.6,38.9,53,0.0,0,9.4,,1012.2,,0
2012-08-15,31.2,25.6,38.9,53,0.0,0,12.2,,1011.0,,0
2012-08-16,30.9,25.0,38.3,58,0.0,0,10.8,,1013.2,,2
2012-08-17,31.4,25.6,38.9,56,0.0,0,8.6,,1013.1,,1
2012-08-18,28.0,21.7,31.7,70,30.7,0,7.6,,1011.4,,3
2012-08-19,25.1,21.1,32.2,79,0.0,0,4.7,,1012.7,,5
2012-08-20,28.6,21.7,35.6,58,0.0,0,5.4,,1012.7,,0
2012-08-21,26.4,22.2,33.9,58,0.0,0,6.8,,1014.4,,2
2012-08-22,26.9,21.7,33.3,61,0.0,0,4.7,,1015.9,,3
2012-08-23,27.7,22.2,34.4,64,0.0,0,5.0,,1014.5,,1
2012-08-24,29.0,23.3,36.1,64,0.0,0,9.0,,1011.4,,4
2012-08-25,29.2,25.0,36.7,64,0.3,0,12.6,,1010.7,,3
2012-08-26,29.3,25.6,35.6,66,0.0,0,10.1,,1013.8,,4
2012-08-27,29.7,23.3,36.7,58,0.0,0,2.9,,1014.8,,1
2012-08-28,30.0,25.0,36.7,58,0.0,0,8.3,,1011.6,,1
2012-08-29,31.0,26.1,36.7,49,0.0,0,10.8,,1008.3,,2
2012-08-30,31.7,25.6,39.4,38,0.0,0,7.2,,1006.5,,0
2012-08-31,29.8,22.8,37.8,53,0.0,0,6.5,,1011.2,,0
2012-09-01,30.1,25.6,38.3,65,0.0,0,10.8,,1015.5,,4
2012-09-02,30.3,23.9,37.8,60,0.0,0,9.0,,1014.8,,1
2012-09-03,30.6,23.9,38.3,56,0.0,0,9.7,,1013.2,,1
2012-09-04,31.2,24.4,39.4,55,0.0,0,10.8,,1011.9,,1
2012-09-05,30.8,24.4,39.4,55,0.0,0,9.0,,1010.5,,1
2012-09-06,30.7,23.3,38.9,55,0.0,0,6.1,,1011.4,,0
2012-09-07,31.3,23.9,39.4,50,0.0,0,4.7,,1010.2,,0
2012-09-08,27.6,22.8,31.7,45,0.0,0,12.6,,1014.2,,0
2012-09-09,26.1,19.4,33.9,28,0.0,0,7.2,,1018.0,,0
2012-09-10,25.9,16.1,35.0,34,0.0,0,4.7,,1017.1,,0
2012-09-11,26.3,17.8,33.9,52,0.0,0,5.0,,1016.3,,0
2012-09-12,28.6,23.9,37.2,62,0.0,0,9.7,,1014.9,,4
2012-09-13,25.5,21.7,30.6,82,9.7,0,7.6,,1017.0,,6
2012-09-14,20.7,18.9,22.2,88,21.1,0,7.9,,1021.4,,8
2012-09-15,22.1,18.9,27.2,73,0.0,0,4.3,,1021.0,,7
2012-09-16,20.3,18.3,22.8,89,57.7,0,3.2,,1017.1,,7
2012-09-17,22.9,18.3,29.4,77,0.0,0,2.9,,1011.5,,5
2012-09-18,24.0,18.9,30.6,70,0.0,0,5.0,,1014.9,,2
2012-09-19,23.8,16.1,31.1,54,0.0,0,4.0,,1018.1,,0
2012-09-20,24.2,17.2,32.2,63,0.0,0,3.2,,1016.7,,1
2012-09-21,24.7,16.7,32.8,52,0.0,0,2.9,,1014.9,,0
2012-09-22,24.7,17.2,32.2,58,0.0,0,2.9,,1017.1,,0
2012-09-23,26.3,18.9,33.9,58,0.0,0,3.2,,1019.5,,0
2012-09-24,26.6,20.6,33.3,66,0.0,0,7.6,,1018.1,,1
2012-09-25,26.9,21.7,33.3,65,0.0,0,10.4,,1014.8,,3
2012-09-26,27.1,22.2,33.3,62,0.0,0,9.0,,1014.5,,2
2012-09-27,26.3,20.6,32.2,69,0.0,0,5.8,,1016.3,,4
2012-09-28,25.3,22.2,30.0,78,7.9,0,4.7,,1014.9,,5
2012-09-29,23.0,19.4,27.8,92,48.5,0,7.6,,1009.4,,8
2012-09-30,21.5,17.8,26.1,77,0.0,0,12.6,,1009.3,,6
2012-10-01,21.8,16.1,28.9,64,0.0,0,7.9,,1010.9,,0
2012-10-02,21.4,16.1,27.8,57,0.0,0,7.6,,1013.4,,0
2012-10-03,21.3,13.3,29.4,63,0.0,0,6.1,,1015.0,,0
2012-10-04,25.1,19.4,32.2,70,0.0,0,10.8,,1017.0,,5
2012-10-05,25.7,21.7,31.7,73,0.0,0,7.6,,1016.6,,3
2012-10-06,18.4,12.8,22.2,74,0.0,0,11.9,,1017.5,,6
2012-10-07,12.2,10.0,14.4,65,0.0,0,13.0,,1022.9,,8
2012-10-08,14.2,10.0,21.1,61,0.0,0,6.1,,1022.2,,5
2012-10-09,20.2,15.0,26.7,72,0.0,0,7.6,,1016.0,,5
2012-10-10,24.9,21.7,31.1,78,0.0,0,3.6,,1017.0,,7
2012-10-11,24.0,22.2,28.9,88,13.2,0,9.4,,1018.4,,6
2012-10-12,25.5,22.2,31.1,76,0.0,0,8.3,,1019.2,,5
2012-10-13,24.7,23.3,28.3,86,2.3,0,11.5,,1015.5,,8
2012-10-14,24.9,17.8,31.1,66,3.0,0,5.4,,1015.8,,3
2012-10-15,21.1,15.6,26.1,56,0.0,0,2.5,,1017.6,,0
2012-10-16,18.9,16.1,22.2,81,3.0,0,3.2,,1012.0,,6
2012-10-17,23.5,17.8,32.2,76,0.0,0,6.5,,1005.9,,4
2012-10-18,21.1,12.8,26.1,40,0.0,0,8.6,,1011.9,,0
2012-10-19,18.3,10.0,28.3,48,0.0,0,2.2,,1015.4,,0
2012-10-20,21.6,12.8,30.6,65,0.0,0,7.9,,1011.3,,4
2012-10-21,26.9,23.3,32.8,70,0.0,0,13.0,,1011.1,,5
2012-10-22,25.8,22.2,31.7,77,0.0,0,11.5,,1013.0,,5
2012-10-23,24.2,21.7,29.4,77,0.0,0,7.2,,1013.5,,6
2012-10-24,24.0,19.4,30.6,72,0.0,0,10.1,,1013.0,,2
2012-10-25,24.7,17.2,31.1,70,0.0,0,10.4,,1011.1,,6
2012-10-26,13.3,10.0,17.2,61,2.8,0,14.4,,1020.9,,8
2012-10-27,11.7,6.7,17.8,46,0.0,0,8.6,,1024.1,,4
2012-10-28,12.3,6.1,19.4,42,0.0,0,4.7,,1023.9,,1
2012-10-29,12.3,4.4,21.1,53,0.0,0,2.2,,1023.6,,0
2012-10-30,15.4,6.1,25.6,60,0.0,0,2.9,,1018.2,,0
2012-10-31,20.5,13.3,30.0,64,0.0,0,2.5,,1016.0,,0
2012-11-01,21.5,13.9,31.1,62,0.0,0,2.5,,1016.1,,0
2012-11-02,22.3,16.1,29.4,67,0.0,0,5.0,,1015.2,,1
2012-11-03,21.9,17.2,30.6,74,0.0,0,4.3,,1016.5,,3
2012-11-04,20.6,15.0,27.8,73,0.0,0,3.6,,1018.1,,1
2012-11-05,21.7,14.4,30.0,62,0.0,0,6.5,,1016.7,,0
2012-11-06,17.9,9.4,26.7,42,0.0,0,2.5,,1019.7,,0
2012-11-07,19.0,11.1,27.8,50,0.0,0,4.3,,1019.7,,0
2012-11-08,20.1,12.8,29.4,64,0.0,0,8.3,,1018.0,,1
2012-11-09,22.2,16.7,29.4,68,0.0,0,13.7,,1016.2,,2
2012-11-10,22.6,17.8,28.9,69,0.0,0,13.7,,1014.0,,3
2012-11-11,22.8,18.9,27.2,58,0.0,0,11.9,,1013.1,,5
2012-11-12,12.0,5.6,18.9,39,0.0,0,10.8,,1029.1,,2
2012-11-13,10.0,3.9,13.3,39,0.0,0,3.2,,1030.5,,4
2012-11-14,13.2,7.8,20.0,37,0.0,0,3.2,,1027.8,,2
2012-11-15,12.6,5.0,18.3,49,0.0,0,1.4,,1025.4,,5
2012-11-16,14.0,7.8,21.1,40,0.0,0,4.7,,1027.0,,1
2012-11-17,11.8,3.9,20.6,48,0.0,0,2.2,,1027.4,,0
2012-11-18,15.5,7.2,24.4,56,0.0,0,5.8,,1024.3,,0
2012-11-19,17.6,13.3,25.0,68,0.0,0,4.7,,1022.6,,3
2012-11-20,19.4,11.7,28.3,67,0.0,0,1.4,,1021.3,,0
2012-11-21,19.3,12.8,27.8,62,0.0,0,3.2,,1022.4,,0
2012-11-22,18.8,12.8,26.7,66,0.0,0,6.1,,1019.7,,1
2012-11-23,16.9,13.3,22.2,61,0.0,0,9.4,,1024.6,,5
2012-11-24,12.3,7.8,18.9,30,0.0,0,4.0,,1026.7,,1
2012-11-25,16.1,7.8,25.0,54,0.0,0,7.2,,1016.8,,0
2012-11-26,21.6,15.6,29.4,65,0.0,0,9.4,,1014.8,,4
2012-11-27,11.0,4.4,15.6,55,0.0,0,9.0,,1026.8,,5
2012-11-28,10.8,2.8,20.6,65,0.0,0,3.2,,1028.3,,0
2012-11-29,14.1,6.1,22.2,70,0.0,0,3.6,,1023.2,,4
2012-11-30,19.6,16.7,26.1,76,0.0,0,5.4,,1019.4,,6
2012-12-01,22.8,19.4,28.3,73,0.0,0,8.3,,,,6
2012-12-02,22.6,20.0,26.7,74,0.0,0,9.0,,1018.3,,6
2012-12-03,21.6,18.3,26.7,73,0.0,0,9.0,,1016.2,,4
2012-12-04,19.6,13.9,26.1,68,0.0,0,4.7,,1019.7,,3
2012-12-05,15.7,10.0,23.3,44,0.0,0,6.1,,,,0
2012-12-06,15.3,9.4,23.3,71,0.0,0,5.0,,1014.0,,3
2012-12-07,18.7,13.9,26.1,80,0.0,0,2.9,,,,5
2012-12-08,21.7,17.2,27.2,75,0.0,0,4.3,,1010.1,,6
2012-12-09,21.4,12.8,26.7,72,0.0,0,9.0,,1010.2,,6
2012-12-10,7.7,2.2,12.8,36,0.0,0,14.4,,1019.3,,
2012-12-11,5.4,-1.7,13.9,40,0.0,0,2.9,,1022.0,,0
2012-12-12,7.3,-1.1,16.7,43,0.0,0,4.7,,1025.4,,0
2012-12-13,11.4,1.1,21.1,48,0.0,0,6.5,,1024.5,,3
2012-12-14,17.4,13.3,21.7,69,0.0,0,12.2,,1016.8,,8
2012-12-15,19.7,15.0,23.9,54,0.3,0,1.8,,1012.4,,6
2012-12-16,16.2,12.2,21.7,60,1.3,0,4.3,,1009.5,,2
2012-12-17,14.2,6.1,22.8,41,0.0,0,5.4,,1012.6,,0
2012-12-18,16.5,3.9,28.3,47,0.0,0,6.1,,1011.2,,0
2012-12-19,22.7,18.3,28.9,74,0.0,0,11.9,,1006.5,,6
2012-12-20,10.5,2.2,21.1,20,0.0,0,18.4,,1025.6,,1
2012-12-21,7.8,1.1,17.2,28,0.0,0,4.7,,1031.4,,0
2012-12-22,12.0,1.7,20.6,46,0.0,0,6.1,,1024.6,,3
2012-12-23,17.9,15.6,21.7,71,0.0,0,4.7,,1014.8,,2
2012-12-24,14.4,8.9,20.0,42,0.0,0,6.1,,1012.4,,1
2012-12-25,10.9,0.0,19.4,51,0.3,0,15.1,,1009.8,,
2012-12-26,1.5,-2.8,7.2,50,0.0,0,10.8,,1023.6,,
2012-12-27,3.5,-1.7,7.8,75,0.0,0,2.5,,1016.4,,5
2012-12-28,8.8,2.8,17.2,72,0.0,0,10.4,,1015.3,,3
2012-12-29,5.3,0.0,11.7,44,0.0,0,5.4,,1029.3,,0
2012-12-30,4.9,-1.7,10.6,56,0.0,0,5.4,,1028.9,,2
2012-12-31,10.8,7.8,14.4,94,6.1,0,2.5,,,,8
2013-01-01,9.2,3.9,12.8,81,1.5,0,11.9,,1020.8,,5
2013-01-02,3.8,1.1,7.2,65,0.0,0,7.6,,1026.6,,0
2013-01-03,4.7,-0.6,8.3,62,0.0,0,6.1,,1030.1,,6
2013-01-04,4.8,2.8,7.2,84,6.9,0,5.0,,1031.8,,8
2013-01-05,7.3,3.3,13.3,81,0.0,0,1.8,,1027.4,,5
2013-01-06,7.4,1.1,16.1,66,0.0,0,6.1,,1027.8,,1
2013-01-07,7.0,-0.6,13.9,66,0.0,0,4.3,,1024.2,,2
2013-01-08,10.1,8.3,11.7,92,15.2,0,5.8,,,,8
2013-01-09,13.5,10.6,15.0,92,48.0,0,7.6,,,,7
2013-01-10,12.0,7.2,18.9,74,0.0,0,3.6,,1016.4,,0
2013-01-11,15.5,7.8,23.9,77,0.0,0,7.6,,1013.1,,3
2013-01-12,19.6,8.3,23.9,83,0.3,0,11.9,,1007.5,,7
2013-01-13,7.0,3.3,11.7,52,0.0,0,15.8,,1019.2,,3
2013-01-14,5.0,1.7,10.6,54,0.0,0,12.6,,1023.0,,4
2013-01-15,2.9,1.7,5.6,79,1.0,0,13.3,,1022.0,,7
2013-01-16,4.3,-1.1,12.2,48,0.0,0,7.6,,1026.0,,0
2013-01-17,9.7,2.8,19.4,48,0.0,0,9.0,,1030.0,,0
2013-01-18,9.8,1.1,18.9,54,0.0,0,4.0,,1030.9,,0
2013-01-19,11.8,5.0,20.6,65,0.0,0,6.1,,1024.5,,0
2013-01-20,13.6,5.6,23.9,65,0.0,0,3.6,,1021.9,,0
2013-01-21,14.9,8.3,23.3,63,0.0,0,3.6,,1022.1,,1
2013-01-22,13.8,5.0,22.8,62,0.0,0,4.7,,1024.4,,2
2013-01-23,16.3,11.1,24.4,75,0.0,0,5.8,,1024.6,,4
2013-01-24,19.9,14.4,27.2,73,0.0,0,7.2,,1021.6,,2
2013-01-25,19.9,12.8,27.2,72,0.0,0,10.4,,1018.7,,4
2013-01-26,13.7,10.6,19.4,83,0.0,0,3.2,,1020.5,,6
2013-01-27,19.8,14.4,27.2,79,0.0,0,12.6,,1016.9,,7
2013-01-28,22.3,20.6,25.0,77,0.0,0,13.7,,1014.3,,8
2013-01-29,22.1,13.9,28.9,61,0.3,0,15.1,,1005.8,,5
2013-01-30,11.3,2.8,15.6,27,0.0,0,9.4,,1017.2,,1
2013-01-31,10.2,0.0,21.1,38,0.0,0,5.0,,1024.1,,0
2013-02-01,14.1,7.2,22.8,41,0.0,0,7.2,,1025.1,,0
2013-02-02,15.9,6.7,25.6,57,0.0,0,5.8,,1023.2,,1
2013-02-03,15.8,6.7,22.8,41,0.0,0,7.6,,1023.4,,1
2013-02-04,17.5,13.9,24.4,73,0.0,0,6.5,,1012.7,,4
2013-02-05,18.5,11.7,26.7,58,0.0,0,3.6,,1012.9,,0
2013-02-06,18.5,15.6,24.4,75,1.8,0,7.6,,1013.5,,6
2013-02-07,20.3,15.6,29.4,62,0.0,0,9.0,,1013.2,,4
2013-02-08,15.4,10.0,21.7,40,0.0,0,9.0,,1020.7,,0
2013-02-09,14.8,11.7,20.6,84,1.5,0,12.6,,1014.7,,7
2013-02-10,17.1,12.8,20.6,59,3.0,0,7.2,,1011.6,,7
2013-02-11,12.8,10.0,14.4,68,1.5,0,7.2,,1016.8,,7
2013-02-12,14.6,10.0,21.7,70,0.3,0,8.6,,1012.9,,4
2013-02-13,10.6,4.4,17.8,52,0.0,0,10.4,,1019.3,,0
2013-02-14,12.5,2.8,22.2,52,0.0,0,5.8,,1018.6,,0
2013-02-15,11.0,5.6,17.8,52,0.0,0,9.7,,1023.5,,3
2013-02-16,10.0,1.7,18.9,41,0.0,0,6.8,,1028.1,,0
2013-02-17,13.5,3.9,22.2,46,0.0,0,9.0,,1019.9,,2
2013-02-18,20.2,14.4,28.3,51,0.0,0,13.7,,1012.8,,5
2013-02-19,14.6,7.8,21.1,33,0.0,0,9.4,,1021.4,,1
2013-02-20,13.9,11.7,17.2,68,1.0,0,13.0,,1013.5,,8
2013-02-21,19.7,11.1,26.1,50,0.3,0,11.2,,1006.2,,3
2013-02-22,10.6,6.1,15.6,49,0.0,0,10.8,,1015.6,,2
2013-02-23,12.2,5.0,22.2,42,0.0,0,6.8,,1015.6,,0
2013-02-24,14.7,3.9,24.4,59,0.0,0,11.2,,1009.4,,2
2013-02-25,13.9,8.3,18.3,49,0.3,0,20.5,,1004.4,,3
2013-02-26,11.8,5.0,20.0,38,0.0,0,9.4,,1012.2,,0
2013-02-27,12.6,8.3,17.8,33,0.0,0,12.2,,1018.1,,0
2013-02-28,10.5,5.0,17.2,37,0.0,0,10.4,,1024.8,,0
2013-03-01,11.7,2.8,21.1,36,0.0,0,7.6,,1023.9,,0
2013-03-02,10.6,4.4,17.2,39,0.0,0,9.4,,1027.5,,1
2013-03-03,14.4,3.9,25.0,37,0.0,0,11.9,,1020.1,,0
2013-03-04,20.4,12.8,31.7,48,0.0,0,11.2,,1009.1,,0
2013-03-05,14.6,7.8,20.0,34,0.0,0,15.8,,1021.7,,0
2013-03-06,11.2,4.4,18.9,25,0.0,0,7.2,,1027.6,,0
2013-03-07,14.7,6.1,23.3,50,0.0,0,9.0,,1021.8,,3
2013-03-08,16.3,13.9,19.4,82,4.1,0,10.1,,1018.7,,8
2013-03-09,19.6,16.7,22.8,82,0.5,0,16.9,,1009.8,,8
2013-03-10,16.0,7.8,19.4,52,21.6,0,12.6,,1012.4,,4
2013-03-11,11.5,3.3,20.6,42,0.0,0,7.6,,1019.6,,0
2013-03-12,15.6,5.6,26.7,37,0.0,0,6.8,,1019.8,,0
2013-03-13,17.0,8.9,25.0,36,0.0,0,8.3,,1027.2,,0
2013-03-14,18.0,10.0,26.1,52,0.0,0,9.4,,1026.0,,0
2013-03-15,19.7,11.1,28.3,54,0.0,0,12.2,,1020.0,,0
2013-03-16,21.1,15.0,30.0,62,0.0,0,16.6,,1011.0,,2
2013-03-17,22.6,18.9,28.9,65,0.0,0,11.2,,1006.5,,5
2013-03-18,23.7,16.7,32.2,56,0.0,0,11.2,,1008.3,,3
2013-03-19,19.7,10.6,29.4,56,0.0,0,9.4,,1013.3,,1
2013-03-20,17.1,11.7,22.8,55,3.6,0,9.0,,1019.8,,4
2013-03-21,18.2,12.2,26.7,59,0.0,0,12.6,,1009.4,,6
2013-03-22,21.8,12.8,29.4,70,0.0,0,9.4,,1004.5,,7
2013-03-23,16.4,11.1,26.7,68,0.0,0,7.6,,1006.1,,5
2013-03-24,11.9,6.1,16.1,45,0.0,0,14.8,,1016.7,,
2013-03-25,9.4,3.3,16.1,32,0.0,0,10.1,,1026.0,,0
2013-03-26,10.8,1.1,18.9,30,0.0,0,5.0,,1029.5,,0
2013-03-27,13.7,4.4,21.7,44,0.0,0,10.8,,1024.6,,4
2013-03-28,17.9,12.8,24.4,68,0.0,0,11.5,,1021.2,,7
2013-03-29,20.4,15.6,26.7,65,0.0,0,11.9,,1019.9,,7
2013-03-30,22.8,18.3,30.0,64,0.0,0,10.4,,1015.7,,5
2013-03-31,21.8,18.3,26.7,73,0.0,0,6.8,,1012.4,,4
2013-04-01,22.7,15.6,30.6,64,0.0,0,7.9,,1014.6,,
2013-04-02,19.6,11.7,24.4,85,53.3,0,9.0,,1013.0,,
2013-04-03,11.8,9.4,13.9,90,9.1,0,11.2,,1016.2,,
2013-04-04,10.9,7.8,16.7,70,0.0,0,10.4,,1021.5,,6
2013-04-05,13.4,4.4,22.8,62,0.0,0,6.1,,1022.2,,0
2013-04-06,19.0,11.7,27.8,64,0.0,0,13.7,,1014.6,,2
2013-04-07,21.1,17.2,28.9,72,0.0,0,13.7,,1010.6,,7
2013-04-08,21.5,19.4,25.0,77,0.0,0,15.5,,1007.0,,8
2013-04-09,23.9,21.1,30.0,73,0.0,0,18.4,,1004.0,,8
2013-04-10,14.5,7.2,23.3,79,7.6,0,15.5,,1009.3,,7
2013-04-11,12.1,6.1,20.0,57,1.5,0,8.6,,1013.0,,2
2013-04-12,17.1,6.7,27.2,53,0.0,0,7.2,,1013.3,,0
2013-04-13,19.0,12.2,25.6,60,0.0,0,7.6,,1011.8,,2
2013-04-14,22.1,14.4,30.6,68,0.0,0,9.4,,1005.4,,3
2013-04-15,24.9,21.1,31.1,70,0.0,0,14.0,,1006.1,,3
2013-04-16,25.0,21.1,29.4,69,0.0,0,15.1,,1009.6,,4
2013-04-17,24.7,22.8,29.4,78,0.3,0,15.8,,1008.1,,8
2013-04-18,17.4,10.0,23.9,71,9.1,0,15.8,,1010.6,,6
2013-04-19,13.8,7.2,20.6,36,0.0,0,10.4,,1023.3,,0
2013-04-20,14.7,5.0,22.8,42,0.0,0,9.4,,1020.9,,0
2013-04-21,17.7,10.0,25.6,61,0.0,0,8.3,,1018.8,,3
2013-04-22,21.4,13.3,29.4,65,0.0,0,11.2,,1015.8,,2
2013-04-23,19.2,9.4,26.1,72,0.0,0,11.9,,1013.1,,7
2013-04-24,12.3,7.2,18.3,52,0.0,0,14.4,,1023.1,,7
2013-04-25,16.8,13.3,21.1,46,0.0,0,7.6,,1024.4,,8
2013-04-26,20.9,15.6,26.1,78,0.8,0,8.3,,1018.8,,8
2013-04-27,23.9,20.6,29.4,73,0.0,0,5.8,,1016.2,,6
2013-04-28,23.5,16.7,30.6,66,0.0,0,6.1,,1013.6,,
2013-04-29,22.5,19.4,30.0,74,0.0,0,8.3,,1011.2,,
2013-04-30,22.6,17.8,28.9,72,0.0,0,6.5,,1008.3,,
2013-05-01,24.9,20.0,31.7,67,0.0,0,7.9,,1009.4,,
2013-05-02,14.7,8.9,23.9,66,0.0,0,19.4,,1020.6,,
2013-05-03,13.5,6.7,21.7,36,0.0,0,11.9,,1024.1,,0
2013-05-04,18.7,7.8,29.4,32,0.0,0,6.8,,1015.1,,0
2013-05-05,18.5,10.6,26.1,39,0.0,0,8.6,,1017.7,,0
2013-05-06,17.8,10.0,24.4,52,0.0,0,2.5,,1018.2,,0
2013-05-07,21.4,10.6,30.6,52,0.0,0,7.2,,1016.1,,0
2013-05-08,23.1,18.3,30.0,65,0.3,0,13.3,,1014.0,,
2013-05-09,22.0,18.9,25.6,80,0.8,0,9.0,,1012.3,,
2013-05-10,22.3,16.7,31.1,74,32.5,0,7.9,,1012.4,,
2013-05-11,22.0,16.7,28.3,61,0.0,0,9.7,,1018.0,,0
2013-05-12,21.7,15.6,28.3,46,0.0,0,6.8,,1021.2,,0
2013-05-13,21.9,11.7,30.6,46,0.0,0,6.5,,1022.5,,0
2013-05-14,23.6,16.1,30.6,63,0.0,0,10.8,,1019.9,,
2013-05-15,23.9,19.4,30.6,79,3.3,0,13.7,,1014.2,,
2013-05-16,26.0,21.1,34.4,72,1.3,0,12.2,,1008.4,,
2013-05-17,27.9,23.9,35.0,68,0.0,0,13.3,,1009.2,,
2013-05-18,27.9,22.2,35.6,63,0.0,0,15.5,,1010.3,,
2013-05-19,27.5,22.8,34.4,65,0.0,0,15.1,,1008.3,,
2013-05-20,27.8,22.8,34.4,66,0.0,0,14.4,,,,
2013-05-21,26.8,20.6,32.2,70,0.0,0,11.5,,1007.5,,
2013-05-22,25.5,16.1,34.4,59,0.0,0,5.0,,1010.9,,
2013-05-23,27.3,23.9,32.8,69,0.0,0,10.8,,1013.0,,
2013-05-24,23.7,18.3,28.9,84,83.8,0,8.3,,,,
2013-05-25,23.3,21.1,27.2,88,11.4,0,10.8,,1018.5,,
2013-05-26,25.6,21.7,30.6,77,19.8,0,11.5,,1016.5,,
2013-05-27,26.1,22.2,32.2,72,0.0,0,14.4,,1013.2,,
2013-05-28,26.9,23.3,32.8,68,0.0,0,14.8,,1009.9,,
2013-05-29,26.2,23.3,31.7,74,0.0,0,16.9,,1007.6,,
2013-05-30,27.4,23.9,32.8,72,0.0,0,13.0,,1008.1,,
2013-05-31,28.0,25.0,33.3,71,0.0,0,13.3,,1008.9,,
2013-06-01,29.0,25.0,35.0,67,0.0,0,12.2,,1009.0,,
2013-06-02,26.0,19.4,32.2,64,0.8,0,5.8,,1014.0,,
2013-06-03,26.3,17.8,34.4,57,0.0,0,3.6,,1012.6,,0
2013-06-04,27.7,21.1,34.4,62,0.0,0,9.4,,1010.4,,0
2013-06-05,27.7,21.1,34.4,61,0.0,0,9.0,,1009.6,,0
2013-06-06,28.4,22.2,36.1,60,0.0,0,6.8,,1009.3,,1
2013-06-07,25.6,21.1,31.1,53,0.0,0,5.8,,1013.1,,
2013-06-08,26.0,17.2,33.3,55,0.0,0,7.6,,1011.1,,0
2013-06-09,27.0,20.0,32.2,70,4.1,0,6.8,,1011.4,,
2013-06-10,28.4,21.7,35.6,64,0.0,0,6.1,,1013.6,,0
2013-06-11,28.1,23.9,35.6,68,0.0,0,8.6,,1014.9,,
2013-06-12,28.4,23.9,36.1,68,0.5,0,10.8,,1015.5,,
2013-06-13,28.0,25.0,36.1,68,0.0,0,7.2,,1015.1,,
2013-06-14,28.2,23.9,33.9,71,0.0,0,3.6,,1013.4,,
2013-06-15,28.4,25.6,33.3,70,0.0,0,4.7,,1013.2,,
2013-06-16,30.0,24.4,36.7,60,0.0,0,10.1,,1013.6,,
2013-06-17,30.3,25.0,37.2,60,0.0,0,8.6,,1012.5,,
2013-06-18,28.3,21.1,35.0,66,9.1,0,5.4,,1013.1,,
2013-06-19,30.1,24.4,36.7,59,0.0,0,10.4,,1012.8,,1
2013-06-20,29.8,24.4,36.7,59,0.0,0,10.8,,1014.7,,
2013-06-21,30.3,25.0,37.2,57,0.0,0,12.2,,1015.9,,
2013-06-22,30.2,25.0,37.2,56,0.0,0,11.9,,1014.4,,
2013-06-23,29.9,25.0,37.2,55,0.0,0,12.2,,1013.2,,
2013-06-24,30.2,24.4,37.2,58,0.0,0,14.4,,1014.0,,
2013-06-25,30.8,25.6,38.3,55,0.0,0,14.4,,1013.2,,
2013-06-26,31.1,25.6,38.9,55,0.0,0,12.2,,1012.5,,
2013-06-27,31.4,25.0,39.4,50,0.0,0,9.4,,1013.5,,
2013-06-28,32.4,23.9,41.1,48,0.0,0,5.4,,1011.8,,0
2013-06-29,33.8,23.9,42.2,38,0.0,0,5.4,,1008.6,,0
2013-06-30,28.9,22.2,35.6,58,8.9,0,6.8,,1010.5,,
2013-07-01,28.2,22.8,32.8,37,0.0,0,7.9,,1013.8,,0
2013-07-02,27.6,20.6,35.0,38,0.0,0,7.9,,1015.7,,1
2013-07-03,28.6,19.4,35.6,31,0.0,0,5.8,,1014.5,,0
2013-07-04,28.3,21.1,35.6,47,0.0,0,5.4,,1013.5,,0
2013-07-05,30.1,22.2,37.2,47,0.0,0,7.9,,1012.5,,1
2013-07-06,30.4,22.8,37.2,51,0.0,0,8.3,,1011.5,,1
2013-07-07,29.7,24.4,38.9,61,0.0,0,9.0,,1012.6,,
2013-07-08,28.2,25.0,32.8,68,1.8,0,10.4,,1016.8,,
2013-07-09,30.5,24.4,38.9,59,0.0,0,9.7,,1017.8,,1
2013-07-10,31.1,24.4,38.9,56,0.0,0,9.0,,1015.8,,0
2013-07-11,31.5,24.4,38.9,51,0.0,0,7.6,,1013.4,,0
2013-07-12,31.7,23.9,39.4,48,0.0,0,7.6,,1012.1,,0
2013-07-13,32.9,24.4,40.6,42,0.0,0,5.0,,1011.8,,1
2013-07-14,29.4,23.3,36.7,51,0.0,0,7.6,,1011.1,,
2013-07-15,22.9,21.1,25.6,90,13.0,0,5.8,,,,
2013-07-16,26.4,22.2,34.4,74,0.0,0,7.6,,1017.3,,
2013-07-17,25.1,22.8,33.3,83,38.1,0,4.0,,,,
2013-07-18,27.3,22.8,35.0,71,0.0,0,4.0,,1018.8,,2
2013-07-19,28.1,22.2,35.6,64,0.0,0,5.4,,1015.5,,1
2013-07-20,28.0,23.9,35.6,68,1.0,0,5.4,,1013.1,,
2013-07-21,28.2,23.9,35.6,71,0.0,0,9.0,,1012.5,,
2013-07-22,30.2,25.6,37.2,64,0.0,0,11.5,,1013.3,,
2013-07-23,30.6,25.6,37.2,58,0.0,0,11.5,,1013.3,,
2013-07-24,30.0,25.0,36.1,62,0.0,0,7.2,,1012.7,,
2013-07-25,30.9,24.4,37.8,56,0.0,0,7.6,,1014.4,,1
2013-07-26,30.9,23.3,37.8,59,19.8,0,10.1,,1013.7,,
2013-07-27,27.0,23.3,32.2,75,0.3,0,5.8,,1013.2,,
2013-07-28,29.4,24.4,36.7,61,0.0,0,9.0,,1012.0,,
2013-07-29,30.9,25.6,38.3,56,0.0,0,13.3,,1013.9,,
2013-07-30,30.8,25.0,38.3,57,0.0,0,12.2,,1016.1,,
2013-07-31,31.1,23.9,38.9,54,0.0,0,6.8,,1015.7,,
2013-08-01,32.2,25.0,39.4,49,0.0,0,5.8,,1013.8,,0
2013-08-02,32.0,25.6,38.9,46,0.0,0,8.6,,1012.5,,0
2013-08-03,31.6,25.0,38.9,53,0.0,0,10.8,,1013.8,,
2013-08-04,31.4,25.6,38.3,57,0.0,0,9.4,,1015.1,,
2013-08-05,31.8,24.4,40.0,52,0.0,0,11.5,,1013.9,,0
2013-08-06,32.0,25.0,40.6,53,0.0,0,12.2,,1011.4,,0
2013-08-07,32.3,26.1,41.1,52,0.0,0,11.2,,1010.5,,
2013-08-08,32.3,25.6,40.6,49,0.0,0,11.9,,1009.9,,
2013-08-09,31.4,24.4,40.0,51,0.0,0,7.2,,1011.8,,1
2013-08-10,32.0,25.0,41.1,50,0.0,0,5.8,,1014.4,,0
2013-08-11,30.5,25.0,38.3,58,0.0,0,5.4,,1015.7,,1
2013-08-12,30.5,23.9,38.3,57,0.0,0,7.2,,1015.5,,1
2013-08-13,32.1,25.6,39.4,50,0.0,0,7.2,,1013.9,,0
2013-08-14,30.5,25.0,41.7,56,0.0,0,7.9,,1012.9,,1
2013-08-15,28.5,23.3,36.1,68,4.6,0,5.8,,1014.1,,
2013-08-16,28.1,22.8,36.1,66,0.0,0,5.0,,1014.1,,
2013-08-17,28.7,22.8,35.6,51,0.0,0,6.5,,1015.0,,0
2013-08-18,28.9,20.6,36.7,41,0.0,0,3.6,,1015.2,,0
2013-08-19,29.3,22.2,36.7,44,0.0,0,4.3,,1014.7,,0
2013-08-20,29.0,22.2,37.2,54,0.0,0,7.9,,1014.5,,
2013-08-21,29.1,23.3,37.2,60,0.0,0,6.8,,1016.0,,
2013-08-22,30.1,23.9,37.8,58,0.0,0,5.8,,1015.6,,
2013-08-23,31.0,24.4,38.3,54,0.0,0,6.5,,1013.9,,1
2013-08-24,31.6,25.6,38.3,50,0.0,0,4.3,,1014.4,,1
2013-08-25,30.4,24.4,36.1,55,0.0,0,8.3,,1016.6,,1
2013-08-26,27.3,23.3,33.3,68,0.0,0,11.2,,1017.7,,
2013-08-27,26.2,23.3,31.1,73,2.3,0,7.6,,1017.8,,
2013-08-28,29.3,22.8,37.2,62,0.0,0,5.8,,1016.9,,0
2013-08-29,31.3,23.9,38.9,49,0.0,0,3.6,,1015.7,,1
2013-08-30,32.2,24.4,40.6,43,0.0,0,5.0,,1013.2,,1
2013-08-31,32.2,24.4,40.0,48,0.0,0,6.5,,1010.9,,0
2013-09-01,31.6,24.4,39.4,51,0.0,0,7.6,,1010.3,,0
2013-09-02,31.3,25.0,39.4,53,0.0,0,5.8,,1011.6,,
2013-09-03,31.6,23.9,40.0,48,0.0,0,4.3,,1012.7,,1
2013-09-04,30.7,25.0,38.9,56,2.5,0,6.8,,1014.3,,
2013-09-05,29.5,23.3,37.2,57,0.0,0,5.0,,1016.6,,0
2013-09-06,30.4,23.9,38.3,57,0.0,0,5.0,,1015.8,,1
2013-09-07,28.6,24.4,37.8,65,0.0,0,4.0,,1014.4,,1
2013-09-08,27.4,23.3,35.0,71,2.0,0,5.4,,1013.4,,
2013-09-09,26.6,22.8,34.4,72,0.3,0,6.8,,1013.8,,
2013-09-10,26.6,22.8,35.6,75,1.0,0,5.0,,1015.8,,
2013-09-11,28.6,23.9,36.1,63,0.0,0,6.8,,1016.8,,
2013-09-12,28.4,22.8,36.1,63,0.5,0,2.9,,1015.2,,
2013-09-13,30.0,23.3,37.2,50,0.0,0,5.4,,1012.0,,
2013-09-14,29.3,22.8,36.1,52,7.6,0,5.8,,1011.2,,
2013-09-15,28.5,23.9,35.6,64,0.0,0,5.8,,1013.7,,
2013-09-16,27.5,24.4,34.4,73,8.1,0,5.8,,1015.5,,
2013-09-17,27.4,23.3,33.3,74,0.8,0,5.0,,1015.5,,
2013-09-18,28.7,23.3,35.6,64,0.0,0,5.8,,1013.7,,
2013-09-19,28.2,25.0,35.6,71,1.0,0,7.6,,1011.7,,
2013-09-20,24.3,21.7,27.2,91,74.2,0,7.2,,,,
2013-09-21,24.1,20.0,30.0,61,0.3,0,11.9,,1011.1,,
2013-09-22,23.3,16.1,30.6,43,0.0,0,6.5,,1010.3,,0
2013-09-23,23.6,14.4,32.8,49,0.0,0,2.2,,1008.7,,0
2013-09-24,27.0,18.9,36.7,49,0.0,0,5.4,,1010.6,,0
2013-09-25,28.2,20.6,36.1,47,0.0,0,5.0,,1009.8,,0
2013-09-26,27.2,20.6,33.9,53,0.0,0,7.9,,1009.9,,1
2013-09-27,27.5,25.0,33.3,76,1.3,0,11.2,,1010.9,,
2013-09-28,27.7,22.8,34.4,77,35.1,0,9.7,,1012.2,,
2013-09-29,21.5,18.9,25.6,86,13.2,0,6.1,,1015.2,,
2013-09-30,23.9,17.2,32.2,62,0.0,0,3.2,,1011.5,,0
2013-10-01,25.5,18.9,32.8,71,0.0,0,6.5,,1011.1,,
2013-10-02,27.4,23.9,33.3,73,0.0,0,9.7,,1012.1,,
2013-10-03,28.0,24.4,33.9,68,0.0,0,10.8,,1011.3,,
2013-10-04,27.2,22.8,33.3,70,0.0,0,12.2,,1011.1,,
2013-10-05,24.6,16.7,32.2,66,0.0,0,10.4,,1013.4,,
2013-10-06,19.7,12.8,27.8,49,10.9,0,7.9,,1018.8,,
2013-10-07,20.4,12.8,29.4,45,0.0,0,3.6,,1019.3,,0
2013-10-08,20.4,11.7,29.4,52,0.0,0,2.9,,1017.2,,0
2013-10-09,21.3,12.8,29.4,58,0.0,0,6.1,,1015.9,,0
2013-10-10,23.4,17.2,30.0,67,0.0,0,7.9,,1014.7,,
2013-10-11,25.6,22.2,31.1,77,0.8,0,9.0,,1011.5,,
2013-10-12,27.4,21.1,33.3,74,51.3,0,9.0,,1013.5,,
2013-10-13,21.7,19.4,24.4,91,107.2,0,7.2,,,,
2013-10-14,23.5,22.2,25.6,88,10.7,0,7.9,,1016.1,,
2013-10-15,23.8,14.4,29.4,81,0.3,0,7.2,,1013.6,,
2013-10-16,14.7,12.2,16.7,87,21.3,0,7.6,,1017.0,,
2013-10-17,17.1,12.2,23.9,60,0.0,0,4.7,,1017.9,,
2013-10-18,18.2,12.8,22.2,74,0.3,0,4.7,,1014.4,,
2013-10-19,14.7,8.9,20.0,60,0.0,0,9.4,,1020.2,,
2013-10-20,15.0,6.7,23.9,62,0.0,0,4.7,,1016.7,,0
2013-10-21,19.4,15.0,27.2,76,13.5,0,5.4,,1014.2,,
2013-10-22,17.8,12.2,25.0,54,0.0,0,7.9,,1019.6,,
2013-10-23,18.8,12.2,27.8,49,0.0,0,5.0,,1019.9,,0
2013-10-24,19.7,11.7,27.8,50,0.0,0,3.6,,1021.6,,0
2013-10-25,19.2,12.2,26.1,68,0.0,0,6.1,,1024.4,,
2013-10-26,21.0,16.7,27.2,73,0.0,0,9.4,,1020.9,,
2013-10-27,20.0,17.8,23.9,83,2.5,0,3.2,,1017.6,,
2013-10-28,22.1,18.9,27.8,80,0.0,0,9.4,,1016.7,,
2013-10-29,24.2,21.7,28.9,76,0.0,0,12.2,,1016.4,,
2013-10-30,24.8,22.2,28.9,85,82.3,0,7.9,,,,
2013-10-31,21.9,12.2,27.8,67,36.3,0,7.6,,1009.7,,
2013-11-01,18.8,10.6,28.9,55,0.0,0,7.2,,1012.4,,0
2013-11-02,17.7,9.4,23.9,41,0.0,0,9.0,,1022.7,,0
2013-11-03,14.3,7.8,20.6,56,0.0,0,6.1,,1020.8,,
2013-11-04,17.4,15.6,19.4,83,1.0,0,4.0,,1016.5,,
2013-11-05,21.7,18.9,26.7,84,0.3,0,9.7,,1014.8,,
2013-11-06,16.7,11.1,22.2,77,8.4,0,8.3,,1020.7,,
2013-11-07,12.4,5.6,18.3,54,0.0,0,7.9,,1029.9,,0
2013-11-08,14.1,10.0,18.9,54,0.0,0,4.7,,1026.1,,1
2013-11-09,16.5,12.2,21.1,68,0.0,0,6.1,,1021.3,,
2013-11-10,18.2,15.6,21.7,71,0.0,0,2.2,,1024.1,,
2013-11-11,18.0,11.7,25.0,64,0.0,0,1.8,,1023.5,,
2013-11-12,12.8,6.7,16.1,66,0.0,0,12.2,,1031.3,,
2013-11-13,6.9,1.1,13.9,46,0.0,0,6.1,,1035.5,,0
2013-11-14,9.1,0.6,17.2,61,0.0,0,5.8,,1023.9,,
2013-11-15,18.0,10.6,25.6,70,0.0,0,6.5,,1014.5,,
2013-11-16,22.2,17.2,27.2,78,0.0,0,11.2,,1009.9,,
2013-11-17,25.3,19.4,32.2,69,0.0,0,5.0,,1009.9,,
2013-11-18,20.7,16.7,26.7,64,0.0,0,6.1,,1016.9,,
2013-11-19,17.7,13.9,22.2,49,0.0,0,7.2,,1018.1,,1
2013-11-20,17.6,15.0,21.7,71,0.3,0,7.6,,1014.9,,
2013-11-21,23.2,19.4,27.2,85,2.5,0,6.5,,1014.5,,
2013-11-22,6.5,2.2,23.3,88,46.5,0,14.4,,1026.0,,
2013-11-23,4.1,2.2,6.1,86,0.8,0,14.8,,1031.2,,
2013-11-24,4.1,1.7,6.1,73,3.3,0,11.9,,1030.9,,
2013-11-25,3.2,1.7,4.4,87,24.1,0,9.0,,,,
2013-11-26,6.6,3.3,12.2,64,0.0,0,15.1,,1024.2,,
2013-11-27,5.6,0.6,11.1,50,0.0,0,7.6,,1030.4,,0
2013-11-28,5.7,0.0,13.9,59,0.0,0,1.8,,1030.3,,0
2013-11-29,9.1,1.1,17.2,70,0.0,0,4.0,,1031.0,,
2013-11-30,14.4,10.6,19.4,71,0.0,0,4.3,,1026.0,,
2013-12-01,17.5,11.7,22.8,76,0.0,0,4.7,,1019.2,,
2013-12-02,19.5,12.8,28.3,61,0.0,0,4.0,,1008.7,,0
2013-12-03,19.1,9.4,29.4,54,0.0,0,3.2,,1004.1,,0
2013-12-04,18.1,13.3,23.9,79,0.0,0,4.3,,1006.3,,
2013-12-05,8.1,1.1,20.0,72,0.0,0,14.8,,1015.7,,
2013-12-06,0.8,-1.0,3.3,76,1.8,0,16.6,,1025.4,,
2013-12-07,-1.8,-2.7,-0.5,71,0.0,0,11.2,,1030.6,,
2013-12-08,2.4,-2.1,8.3,76,0.0,0,2.5,,1022.0,,
2013-12-09,3.4,1.7,4.4,88,1.0,0,9.4,,1022.8,,
2013-12-10,2.7,-1.6,8.9,57,0.0,0,6.5,,1031.2,,0
2013-12-11,6.8,-1.0,15.6,54,0.0,0,3.6,,1030.4,,
2013-12-12,8.4,0.0,12.2,51,0.0,0,4.3,,1033.3,,0
2013-12-13,8.3,7.2,10.6,78,3.8,0,2.9,,,,
2013-12-14,8.7,4.4,10.6,73,0.0,0,10.8,,1019.6,,
2013-12-15,7.8,1.1,16.7,55,0.0,0,4.0,,1027.9,,0
2013-12-16,10.2,1.1,20.6,51,0.0,0,3.2,,1025.2,,0
2013-12-17,11.9,2.2,23.3,54,0.0,0,0.7,,1025.4,,0
2013-12-18,13.3,3.9,22.2,66,0.0,0,7.2,,1022.8,,1
2013-12-19,18.7,12.8,25.6,72,0.0,0,12.2,,1012.9,,
2013-12-20,21.2,19.4,23.3,80,0.0,0,11.2,,1008.0,,
2013-12-21,12.7,7.2,23.3,83,11.7,0,5.8,,,,
2013-12-22,8.5,3.9,13.3,67,0.0,0,9.4,,1019.5,,
2013-12-23,6.0,0.0,14.4,56,0.0,0,5.0,,1032.1,,0
2013-12-24,7.3,-0.5,16.1,57,0.0,0,6.8,,1031.4,,0
2013-12-25,9.6,5.0,14.4,72,0.0,0,4.0,,1026.8,,
2013-12-26,9.1,3.9,13.9,62,0.0,0,4.0,,1029.3,,
2013-12-27,10.2,7.2,15.6,66,0.0,0,1.8,,1029.0,,
2013-12-28,10.3,4.4,16.7,66,0.0,0,3.2,,1022.1,,
2013-12-29,9.6,2.2,17.8,75,0.0,0,7.9,,1019.0,,
2013-12-30,3.6,1.7,6.7,60,0.0,0,7.6,,1027.2,,
2013-12-31,6.2,2.2,12.8,57,0.0,0,2.2,,1029.3,,0
2014-01-01,10.9,3.9,20.6,65,0.0,0,6.1,,1020.2,,
2014-01-02,6.8,0.6,12.8,49,0.0,0,12.2,,1028.7,,0
2014-01-03,5.6,-2.1,14.4,49,0.0,0,6.8,,1028.1,,0
2014-01-04,13.8,5.6,21.7,69,0.0,0,10.4,,1014.6,,
2014-01-05,8.2,1.1,15.0,54,0.0,0,15.5,,1019.6,,
2014-01-06,-1.3,-5.5,2.2,40,0.0,0,10.8,,1038.5,,0
2014-01-07,2.2,-5.5,8.9,38,0.0,0,7.6,,1034.2,,
2014-01-08,8.4,4.4,11.7,87,4.1,0,2.2,,1023.1,,
2014-01-09,15.5,11.7,21.1,85,0.0,0,4.7,,1019.1,,
2014-01-10,18.7,13.9,22.2,83,2.5,0,9.4,,1011.3,,
2014-01-11,15.7,8.9,23.9,52,0.0,0,5.0,,1017.3,,0
2014-01-12,14.2,7.8,19.4,63,0.3,0,6.8,,1016.6,,
2014-01-13,16.2,6.1,21.7,46,0.0,0,10.8,,1016.4,,
2014-01-14,13.2,2.8,24.4,36,0.0,0,8.6,,1020.1,,0
2014-01-15,10.5,4.4,17.8,34,0.0,0,7.2,,1027.2,,0
2014-01-16,13.2,4.4,22.2,36,0.0,0,6.5,,1020.0,,0
2014-01-17,12.6,6.1,17.8,27,0.0,0,7.6,,1025.5,,0
2014-01-18,11.5,2.8,21.1,47,0.0,0,4.0,,1022.5,,0
2014-01-19,14.0,7.2,22.2,40,0.0,0,4.3,,1023.4,,0
2014-01-20,17.3,7.8,27.8,41,0.0,0,7.9,,1015.7,,0
2014-01-21,12.2,3.3,17.2,31,0.0,0,9.4,,1026.3,,0
2014-01-22,11.4,2.8,21.1,40,0.0,0,6.1,,1019.8,,0
2014-01-23,5.7,-2.7,13.3,68,1.5,0,14.8,,1027.9,,
2014-01-24,-0.4,-3.2,4.4,56,1.3,0,7.9,,1037.3,,
2014-01-25,7.6,-3.2,21.1,55,0.0,0,2.2,,1022.6,,0
2014-01-26,15.4,6.1,24.4,49,0.0,0,5.4,,1010.6,,0
2014-01-27,9.2,1.1,15.6,40,0.5,0,14.8,,1018.1,,
2014-01-28,0.5,-2.7,3.9,46,1.3,0,10.4,,1029.2,,
2014-01-29,2.5,-2.7,9.4,39,0.0,0,7.6,,1030.2,,0
2014-01-30,8.9,-0.5,18.3,61,0.0,0,11.2,,1018.2,,
2014-01-31,18.6,12.8,26.7,68,0.0,0,14.4,,1011.4,,
2014-02-01,20.8,12.8,24.4,70,0.0,0,10.4,,1009.0,,
2014-02-02,5.7,1.7,12.8,72,0.5,0,17.6,,1018.4,,
2014-02-03,4.1,1.1,7.8,75,0.0,0,9.4,,1022.0,,
2014-02-04,9.7,5.6,17.8,75,3.8,0,3.6,,1014.4,,
2014-02-05,4.7,-0.5,8.9,58,0.0,0,15.8,,1027.8,,
2014-02-06,-1.4,-3.2,0.0,54,0.0,0,12.6,,1032.1,,
2014-02-07,0.4,-1.6,3.3,66,0.0,0,5.0,,1027.2,,
2014-02-08,8.6,2.8,18.3,67,0.0,0,8.3,,1021.5,,
2014-02-09,12.8,5.0,24.4,73,0.0,0,6.8,,1017.3,,
2014-02-10,6.3,1.7,15.6,77,0.0,0,14.8,,1020.7,,
2014-02-11,1.4,0.6,2.2,80,2.5,0,14.0,,1024.1,,
2014-02-12,5.7,0.6,13.9,62,0.0,0,8.3,,1022.2,,
2014-02-13,10.3,0.0,20.6,56,0.0,0,6.1,,1016.6,,0
2014-02-14,17.3,8.3,30.0,46,0.0,0,9.0,,1013.1,,0
2014-02-15,15.8,5.6,24.4,38,0.0,0,7.9,,1018.8,,0
2014-02-16,18.4,15.0,24.4,77,0.0,0,8.3,,1016.0,,
2014-02-17,21.3,14.4,27.2,54,0.0,0,8.6,,1016.6,,
2014-02-18,19.9,12.8,27.8,55,0.0,0,6.1,,1015.6,,
2014-02-19,20.7,17.2,27.8,74,0.0,0,11.9,,1010.5,,
2014-02-20,21.5,13.9,28.3,53,0.0,0,12.6,,1010.4,,
2014-02-21,14.3,5.0,22.2,33,0.0,0,7.9,,1019.5,,0
2014-02-22,16.2,8.9,25.0,54,0.0,0,9.0,,1014.8,,
2014-02-23,22.1,16.7,30.0,59,0.0,0,6.8,,1013.6,,
2014-02-24,17.7,12.8,24.4,62,0.0,0,6.1,,1017.3,,
2014-02-25,17.0,11.1,21.7,86,0.0,0,8.6,,1015.5,,
2014-02-26,5.8,2.2,11.1,66,2.8,0,13.3,,1022.1,,
2014-02-27,7.0,-0.5,15.0,52,0.0,0,5.0,,1019.5,,0
2014-02-28,15.5,6.7,26.7,60,0.0,0,9.4,,1010.8,,
2014-03-01,19.0,11.7,27.8,74,0.0,0,8.3,,1013.4,,
2014-03-02,10.3,-2.1,22.8,80,2.0,0,15.5,,,,
2014-03-03,0.5,-4.3,8.3,56,2.0,0,15.8,,1027.8,,
2014-03-04,3.1,-1.0,10.0,78,4.3,0,6.8,,1022.0,,
2014-03-05,7.2,3.3,11.7,79,0.0,0,4.3,,1017.9,,
2014-03-06,10.8,6.1,18.3,63,0.0,0,6.5,,1021.6,,
2014-03-07,12.0,3.9,19.4,65,0.0,0,9.7,,1015.6,,0
2014-03-08,11.7,6.7,15.0,89,18.8,0,7.2,,,,
2014-03-09,8.3,3.9,14.4,72,2.8,0,7.6,,1025.6,,
2014-03-10,15.0,10.0,21.7,74,0.3,0,4.0,,1019.0,,
2014-03-11,18.7,13.3,28.3,70,0.0,0,7.9,,1007.0,,
2014-03-12,14.6,9.4,21.1,36,0.0,0,18.0,,1019.2,,0
2014-03-13,12.8,2.8,20.0,33,0.0,0,7.2,,1024.7,,0
2014-03-14,16.0,9.4,23.9,69,0.0,0,8.6,,1017.1,,
2014-03-15,18.9,16.7,23.3,85,1.8,0,5.8,,,,
2014-03-16,14.2,8.9,17.8,63,0.0,0,16.9,,1012.4,,
2014-03-17,12.1,5.0,20.0,37,0.0,0,9.4,,1014.3,,
2014-03-18,17.5,8.3,28.3,46,0.0,0,13.7,,1007.0,,0
2014-03-19,16.3,10.6,22.2,43,0.0,0,10.4,,1018.2,,
2014-03-20,15.6,5.6,24.4,44,0.0,0,3.6,,1021.1,,0
2014-03-21,18.5,12.2,26.7,64,0.0,0,10.8,,1013.6,,
2014-03-22,20.5,16.1,25.0,80,0.0,0,5.8,,1013.6,,
2014-03-23,12.7,8.3,16.1,63,0.0,0,15.1,,1022.0,,
2014-03-24,13.8,10.0,18.9,58,0.0,0,4.3,,1020.5,,
2014-03-25,13.8,6.7,20.6,55,0.0,0,8.3,,1023.9,,0
2014-03-26,15.2,12.2,18.9,61,0.0,0,16.2,,1018.9,,
2014-03-27,20.3,16.1,27.8,81,0.3,0,12.2,,1009.7,,
2014-03-28,23.3,17.2,31.7,67,0.0,0,7.9,,1008.5,,
2014-03-29,18.2,10.6,25.0,44,0.0,0,7.9,,1021.6,,0
2014-03-30,17.3,7.2,26.1,49,0.0,0,12.2,,1020.5,,0
2014-03-31,21.0,15.6,29.4,66,0.0,0,14.8,,1013.3,,
2014-04-01,23.4,18.9,30.0,72,0.0,0,13.0,,1012.4,,
2014-04-02,24.1,21.1,27.8,75,0.0,0,14.8,,1008.4,,
2014-04-03,24.0,21.7,27.8,77,0.0,0,10.8,,1006.6,,
2014-04-04,18.0,12.2,23.3,36,0.0,0,13.0,,1016.7,,
2014-04-05,15.2,12.2,18.3,44,0.0,0,6.8,,1015.8,,
2014-04-06,12.8,11.1,16.1,79,5.1,0,8.6,,,,
2014-04-07,14.6,11.1,22.2,72,6.9,0,4.3,,1012.5,,
2014-04-08,16.6,10.0,25.0,52,0.0,0,12.2,,1020.2,,0
2014-04-09,18.5,7.2,28.9,46,0.0,0,9.0,,1021.7,,0
2014-04-10,21.7,13.9,30.6,57,0.0,0,15.5,,1016.2,,
2014-04-11,21.8,16.1,29.4,66,0.0,0,13.0,,1014.7,,
2014-04-12,22.9,18.3,29.4,68,0.0,0,15.8,,1012.3,,
2014-04-13,22.5,20.0,25.6,78,0.0,0,10.8,,1007.4,,
2014-04-14,15.2,6.1,22.8,67,34.0,0,15.5,,1013.6,,
2014-04-15,11.3,3.9,18.3,38,0.0,0,6.1,,1025.2,,0
2014-04-16,13.8,4.4,22.8,53,0.0,0,10.4,,1018.0,,0
2014-04-17,15.9,13.3,19.4,82,1.5,0,5.8,,,,
2014-04-18,19.2,15.0,25.6,72,0.3,0,3.6,,1021.1,,
2014-04-19,19.3,12.2,25.6,65,0.0,0,7.2,,1019.7,,2
2014-04-20,20.1,16.1,23.9,73,0.0,0,10.4,,,,
2014-04-21,22.2,17.8,28.9,73,0.3,0,8.3,,1015.7,,
2014-04-22,23.9,17.2,30.6,59,0.0,0,5.4,,1014.6,,0
2014-04-23,23.3,15.0,30.6,65,0.0,0,11.2,,1010.9,,
2014-04-24,23.7,19.4,31.1,67,0.0,0,7.9,,1009.4,,
2014-04-25,24.2,17.2,31.1,47,0.0,0,9.4,,1013.3,,0
2014-04-26,23.4,20.0,30.0,76,0.0,0,12.6,,1007.9,,
2014-04-27,27.2,22.8,35.6,65,0.0,0,10.1,,1000.2,,
2014-04-28,27.1,18.9,33.9,27,0.0,0,6.1,,1002.6,,
2014-04-29,22.7,15.6,28.9,27,0.0,0,11.5,,1007.6,,0
2014-04-30,18.9,13.9,23.9,29,0.0,0,10.1,,1018.4,,
2014-05-01,18.2,11.1,25.0,36,0.0,0,4.3,,1019.9,,0
2014-05-02,20.1,13.3,28.3,32,0.0,0,4.0,,1016.5,,0
2014-05-03,23.8,14.4,34.4,27,0.0,0,6.1,,1015.8,,0
2014-05-04,24.7,16.1,32.8,25,0.0,0,11.2,,1016.6,,0
2014-05-05,23.8,15.6,33.3,54,0.0,0,13.0,,1013.0,,0
2014-05-06,22.8,18.3,30.6,68,0.0,0,14.8,,1009.0,,
2014-05-07,24.6,21.1,31.1,68,0.0,0,15.1,,1009.0,,
2014-05-08,24.7,22.8,28.9,81,1.5,0,13.3,,1008.9,,
2014-05-09,24.7,18.9,30.0,71,0.0,0,8.3,,1011.0,,
2014-05-10,24.1,15.6,32.8,66,0.0,0,9.4,,1010.4,,0
2014-05-11,26.5,22.2,33.9,66,0.0,0,16.2,,1007.6,,
2014-05-12,24.6,16.7,27.8,84,62.2,0,10.8,,1008.9,,
2014-05-13,15.8,12.8,19.4,78,23.9,0,13.0,,1018.8,,
2014-05-14,16.9,10.6,24.4,57,3.6,0,11.5,,1023.8,,
2014-05-15,18.6,7.8,28.9,49,0.0,0,5.0,,1023.3,,0
2014-05-16,22.7,16.1,30.0,37,0.0,0,11.2,,1018.0,,0
2014-05-17,22.5,15.6,30.0,55,0.0,0,14.4,,1014.7,,0
2014-05-18,22.9,16.7,29.4,63,0.0,0,12.2,,1016.6,,1
2014-05-19,23.9,18.9,30.0,64,0.0,0,15.5,,1015.7,,
2014-05-20,24.9,19.4,31.7,63,0.0,0,13.7,,1015.9,,
2014-05-21,25.5,21.1,31.7,64,0.0,0,13.3,,1016.2,,
2014-05-22,24.9,21.1,30.6,69,0.0,0,11.5,,1017.1,,
2014-05-23,23.7,21.7,28.9,77,4.8,0,9.4,,1016.5,,
2014-05-24,24.5,21.1,30.0,77,0.0,0,11.2,,1015.0,,
2014-05-25,25.4,22.2,30.6,68,0.0,0,10.1,,1014.6,,
2014-05-26,21.1,17.8,23.9,85,39.6,0,7.9,,1015.3,,
2014-05-27,19.8,17.2,22.8,90,44.5,0,5.4,,1013.5,,
2014-05-28,23.5,20.0,28.9,74,0.0,0,6.1,,,,
2014-05-29,25.1,18.9,31.7,65,0.0,0,4.0,,1010.7,,
2014-05-30,26.9,20.0,34.4,62,0.0,0,4.3,,1009.8,,1
2014-05-31,27.1,21.1,33.9,65,0.0,0,4.3,,1010.8,,1
2014-06-01,26.5,21.7,31.1,70,0.0,0,6.8,,1011.7,,
2014-06-02,27.2,23.3,32.8,69,0.0,0,10.4,,1012.4,,
2014-06-03,27.3,23.9,32.2,70,0.0,0,9.0,,1013.9,,
2014-06-04,27.2,23.3,32.8,70,0.0,0,10.8,,1011.0,,
2014-06-05,27.2,23.3,32.8,70,0.0,0,11.5,,1009.4,,
2014-06-06,27.3,22.8,33.3,70,0.0,0,11.9,,1011.3,,
2014-06-07,27.9,23.3,33.3,68,0.0,0,11.9,,1011.7,,
2014-06-08,27.4,24.4,32.2,69,0.0,0,10.4,,1011.1,,
2014-06-09,25.5,20.0,30.0,80,14.0,0,6.1,,1008.5,,
2014-06-10,25.3,17.8,33.3,62,0.0,0,5.0,,1010.7,,0
2014-06-11,27.3,18.9,34.4,62,0.0,0,7.6,,1010.2,,0
2014-06-12,28.6,20.0,33.3,70,37.8,0,12.2,,1009.0,,
2014-06-13,,20.0,31.7,,0.0,0,5.8,,,,
2014-06-14,,22.8,30.6,,0.0,0,9.7,,,,
2014-06-15,,23.3,32.8,,0.0,0,14.0,,,,
2014-06-16,,23.9,33.3,,0.0,0,13.0,,,,
2014-06-17,,23.9,33.3,,0.0,0,14.8,,,,
2014-06-18,28.3,25.0,33.3,70,0.5,0,13.7,,,,
2014-06-19,27.9,24.4,32.8,69,0.3,0,10.4,,1015.2,,
2014-06-20,27.5,23.9,32.8,70,0.0,0,8.3,,1016.4,,
2014-06-21,27.7,23.9,33.3,72,0.0,0,9.0,,1014.4,,
2014-06-22,27.6,24.4,32.2,71,0.0,0,12.2,,1011.8,,
2014-06-23,26.4,20.0,31.1,79,6.9,0,6.8,,1012.1,,
2014-06-24,27.1,23.3,33.9,76,6.1,0,7.2,,1015.2,,
2014-06-25,25.7,21.7,31.7,82,12.4,0,8.6,,1015.2,,
2014-06-26,25.4,21.7,31.1,80,0.3,0,10.8,,1013.7,,
2014-06-27,27.4,23.9,32.8,74,0.0,0,13.3,,1010.8,,
2014-06-28,28.5,25.6,33.9,72,0.0,0,15.1,,1011.2,,
2014-06-29,29.1,25.0,35.0,69,0.0,0,14.4,,1014.3,,
2014-06-30,29.0,25.0,35.6,67,0.0,0,13.0,,1013.6,,
2014-07-01,29.0,23.9,35.6,66,0.0,0,10.1,,1012.7,,
2014-07-02,29.1,22.8,36.1,64,0.0,0,6.5,,1015.6,,
2014-07-03,27.7,22.2,35.6,67,1.8,0,4.7,,1018.0,,
2014-07-04,26.3,21.7,33.9,70,0.0,0,5.8,,1020.5,,0
2014-07-05,26.5,20.6,34.4,71,0.0,0,6.5,,1019.8,,1
2014-07-06,27.9,22.2,35.0,69,0.0,0,7.9,,1016.1,,
2014-07-07,29.0,22.8,35.6,59,0.0,0,8.6,,1014.7,,
2014-07-08,29.6,23.3,36.7,61,0.0,0,10.4,,1015.3,,0
2014-07-09,29.4,22.2,36.7,55,0.0,0,9.4,,1015.6,,0
2014-07-10,28.3,22.2,35.6,63,0.0,0,7.6,,1015.7,,
2014-07-11,27.5,21.7,35.0,63,0.0,0,8.3,,1018.1,,
2014-07-12,29.0,21.7,36.7,57,0.0,0,6.1,,1018.9,,
2014-07-13,30.5,23.3,37.8,56,0.0,0,6.8,,1016.8,,0
2014-07-14,30.6,23.9,38.3,54,0.0,0,6.1,,1014.6,,0
2014-07-15,27.5,22.8,33.3,71,1.5,0,5.4,,1014.3,,
2014-07-16,27.4,22.8,35.0,74,7.9,0,7.2,,1013.4,,
2014-07-17,27.4,23.3,31.7,77,89.7,0,7.6,,1010.4,,
2014-07-18,23.8,22.2,25.6,87,38.6,0,5.4,,1013.2,,
2014-07-19,25.2,21.1,30.0,74,0.0,0,4.0,,1015.1,,
2014-07-20,28.1,23.3,34.4,73,0.0,0,6.5,,1014.1,,
2014-07-21,30.0,25.0,35.6,67,0.0,0,9.4,,1014.3,,
2014-07-22,29.8,24.4,35.6,64,0.0,0,3.2,,1015.5,,0
2014-07-23,30.2,23.9,36.1,62,0.0,0,4.0,,1015.8,,1
2014-07-24,28.8,23.3,34.4,67,2.3,0,4.3,,1015.0,,
2014-07-25,29.7,23.9,35.6,62,0.0,0,7.6,,1014.5,,1
2014-07-26,30.2,24.4,36.7,63,0.0,0,10.4,,1014.3,,0
2014-07-27,29.9,23.9,36.7,64,0.0,0,10.1,,1015.5,,1
2014-07-28,30.1,23.3,37.2,60,0.0,0,5.0,,1017.2,,0
2014-07-29,29.6,24.4,36.1,63,0.0,0,6.5,,1016.9,,0
2014-07-30,29.6,24.4,35.6,58,0.0,0,10.1,,1014.5,,0
2014-07-31,29.2,25.0,36.1,64,0.0,0,6.5,,1013.2,,
2014-08-01,27.0,22.8,32.8,60,0.0,0,8.6,,1015.0,,
2014-08-02,25.7,20.0,32.2,68,0.0,0,5.4,,1016.3,,
2014-08-03,27.5,21.7,34.4,62,0.0,0,7.2,,1015.7,,
2014-08-04,28.5,22.2,34.4,63,0.0,0,5.0,,1015.0,,1
2014-08-05,29.5,22.8,36.1,59,0.0,0,5.0,,1015.5,,0
2014-08-06,30.2,24.4,37.2,59,0.0,0,7.6,,1014.3,,
2014-08-07,31.4,25.0,38.9,58,0.0,0,10.1,,1011.7,,
2014-08-08,31.5,24.4,38.9,58,0.0,0,9.7,,1011.9,,0
2014-08-09,31.3,25.0,37.8,56,0.0,0,8.3,,1013.6,,0
2014-08-10,31.4,25.0,38.3,57,0.0,0,6.8,,1014.3,,0
2014-08-11,29.1,24.4,38.9,69,1.3,0,5.4,,1015.5,,
2014-08-12,29.6,22.8,37.8,61,0.0,0,5.8,,1015.7,,
2014-08-13,29.1,20.6,36.1,40,0.0,0,6.5,,1016.0,,0
2014-08-14,29.6,21.1,36.7,46,0.0,0,5.8,,1014.7,,0
2014-08-15,30.7,23.9,38.3,56,0.0,0,7.2,,1013.1,,
2014-08-16,31.6,25.0,40.0,56,0.0,0,10.8,,1012.0,,1
2014-08-17,30.5,26.1,38.3,61,0.0,0,9.4,,1012.8,,
2014-08-18,30.9,25.6,38.9,59,0.0,0,10.4,,1011.8,,2
2014-08-19,29.9,25.0,35.6,57,0.0,0,11.9,,1011.3,,0
2014-08-20,31.1,25.6,38.9,59,0.0,0,13.0,,1012.4,,
2014-08-21,31.6,26.7,39.4,57,0.0,0,13.7,,1014.7,,
2014-08-22,31.8,26.1,39.4,54,0.0,0,12.2,,1015.2,,
2014-08-23,30.9,23.9,38.3,58,0.0,0,9.0,,1013.6,,
2014-08-24,31.2,25.0,38.3,56,0.0,0,7.9,,1011.9,,1
2014-08-25,31.5,24.4,38.3,53,0.0,0,7.6,,1012.2,,0
2014-08-26,30.7,25.0,38.3,53,0.0,0,5.8,,1013.4,,0
2014-08-27,30.1,24.4,36.7,56,0.0,0,6.1,,1014.3,,
2014-08-28,29.3,24.4,37.2,64,0.0,0,7.9,,1012.0,,
2014-08-29,28.2,25.0,35.6,72,1.8,0,7.6,,1010.8,,
2014-08-30,28.7,23.3,35.0,69,0.0,0,6.5,,1012.1,,
2014-08-31,29.3,23.3,37.2,67,0.0,0,10.8,,1012.8,,
2014-09-01,30.7,25.6,38.3,63,0.0,0,12.2,,1011.6,,
2014-09-02,30.1,25.6,36.7,66,0.3,0,12.2,,1012.3,,
2014-09-03,29.7,24.4,37.8,63,0.0,0,9.0,,1013.4,,
2014-09-04,28.0,22.8,37.2,74,24.9,0,7.6,,1014.7,,
2014-09-05,28.6,25.0,36.1,72,0.5,0,6.1,,1015.8,,
2014-09-06,28.9,23.3,36.1,68,4.8,0,4.7,,1015.5,,
2014-09-07,26.4,23.3,31.7,79,5.6,0,4.7,,1016.1,,
2014-09-08,28.2,22.2,35.6,68,0.0,0,5.0,,1014.7,,0
2014-09-09,29.4,23.3,36.1,62,0.0,0,9.0,,1012.7,,0
2014-09-10,30.1,25.0,37.2,62,0.0,0,11.9,,1009.5,,
2014-09-11,30.4,25.6,37.2,62,0.0,0,8.3,,1011.6,,
2014-09-12,27.6,18.9,35.6,71,13.0,0,7.9,,1014.7,,
2014-09-13,17.1,15.6,18.9,91,17.3,0,8.6,,1021.4,,
2014-09-14,20.3,17.8,25.0,86,0.0,0,3.2,,1021.2,,
2014-09-15,25.0,20.6,31.1,75,0.0,0,2.5,,1018.6,,
2014-09-16,27.5,23.3,34.4,75,0.5,0,4.3,,1016.3,,
2014-09-17,27.4,23.9,32.8,79,8.9,0,4.7,,1012.5,,
2014-09-18,25.3,22.2,32.2,86,93.0,0,3.2,,1010.7,,
2014-09-19,25.6,23.3,30.0,87,3.3,0,4.3,,1011.6,,
2014-09-20,26.0,23.3,32.2,83,5.3,0,5.4,,1013.3,,
2014-09-21,27.1,22.2,32.2,72,0.0,0,4.3,,1016.1,,
2014-09-22,26.9,21.1,32.8,68,0.0,0,5.8,,1018.0,,1
2014-09-23,24.1,19.4,29.4,57,0.0,0,5.4,,1018.8,,0
2014-09-24,22.3,15.6,28.9,60,0.0,0,3.6,,1019.2,,0
2014-09-25,22.8,16.7,28.3,68,0.0,0,5.0,,1019.3,,
2014-09-26,24.4,18.9,29.4,68,0.0,0,5.4,,1017.4,,
2014-09-27,23.7,20.0,26.7,76,0.0,0,2.9,,1015.9,,
2014-09-28,24.3,18.9,31.1,72,0.0,0,4.0,,1015.1,,
2014-09-29,25.3,19.4,31.7,65,0.0,0,3.2,,1013.3,,1
2014-09-30,25.3,18.3,32.2,69,0.0,0,3.6,,1010.0,,0
2014-10-01,27.8,24.4,33.3,70,0.0,0,8.3,,1008.1,,
2014-10-02,28.4,24.4,33.3,72,0.8,0,11.9,,1009.1,,
2014-10-03,24.0,18.3,29.4,44,0.0,0,10.8,,1017.9,,0
2014-10-04,20.4,15.0,26.7,49,0.0,0,6.8,,1020.2,,0
2014-10-05,22.7,16.7,30.6,70,0.0,0,9.0,,1012.5,,
2014-10-06,25.4,22.2,31.7,74,0.0,0,9.4,,1010.8,,
2014-10-07,27.1,22.2,34.4,69,0.0,0,8.3,,1012.5,,
2014-10-08,27.1,23.3,32.2,70,0.0,0,9.0,,1014.6,,
2014-10-09,27.8,23.9,33.3,70,0.0,0,11.2,,1013.0,,
2014-10-10,27.4,23.9,33.3,70,0.0,0,11.2,,1011.4,,
2014-10-11,19.7,15.0,25.6,82,36.1,0,8.6,,,,
2014-10-12,19.3,16.1,25.0,83,0.3,0,3.6,,1012.4,,
2014-10-13,21.8,16.1,24.4,65,2.3,0,15.8,,1009.5,,
2014-10-14,18.7,10.6,26.7,48,0.0,0,7.6,,1018.8,,0
2014-10-15,20.6,13.3,31.1,49,0.0,0,3.6,,1017.9,,0
2014-10-16,21.6,13.9,30.0,48,0.0,0,6.8,,1013.9,,0
2014-10-17,22.6,16.1,30.6,65,0.0,0,4.7,,1012.4,,0
2014-10-18,23.8,18.9,30.0,70,0.0,0,2.9,,1015.3,,
2014-10-19,22.6,18.3,27.8,73,0.0,0,4.0,,1017.3,,
2014-10-20,22.0,17.2,27.8,71,0.0,0,3.6,,1016.6,,1
2014-10-21,21.2,14.4,28.3,64,0.0,0,4.0,,1016.7,,0
2014-10-22,21.8,16.1,28.3,66,0.0,0,3.2,,1017.9,,0
2014-10-23,22.8,18.9,28.3,64,0.0,0,2.5,,1018.7,,
2014-10-24,22.1,15.6,29.4,65,0.0,0,3.2,,1019.7,,0
2014-10-25,23.3,16.7,31.1,62,0.0,0,2.5,,1019.5,,0
2014-10-26,22.9,16.1,30.0,61,0.0,0,5.8,,1015.4,,0
2014-10-27,22.8,16.7,30.0,68,0.0,0,9.0,,1011.8,,0
2014-10-28,22.8,18.3,28.9,76,0.0,0,3.6,,1014.7,,1
2014-10-29,22.3,18.3,27.2,70,0.0,0,4.7,,1019.1,,
2014-10-30,21.4,17.2,27.8,69,0.0,0,3.2,,1019.0,,
2014-10-31,19.2,13.3,24.4,58,7.6,0,10.4,,1023.2,,
2014-11-01,13.7,8.3,20.0,54,0.0,0,7.2,,1027.3,,0
2014-11-02,15.8,8.9,23.9,59,0.0,0,9.7,,1024.5,,
2014-11-03,20.0,15.0,24.4,70,0.0,0,9.4,,1019.9,,
2014-11-04,20.4,14.4,23.9,86,14.2,0,8.3,,1018.0,,
2014-11-05,14.2,12.8,15.0,95,38.4,0,9.4,,1020.8,,
2014-11-06,14.7,12.8,17.2,78,1.0,0,6.8,,1025.4,,
2014-11-07,15.2,8.9,21.7,54,0.0,0,2.5,,1022.4,,
2014-11-08,15.6,8.9,23.9,66,0.0,0,6.1,,1019.0,,1
2014-11-09,15.1,8.3,23.3,58,0.0,0,4.0,,1018.7,,0
2014-11-10,17.4,9.4,24.4,68,0.0,0,9.7,,1010.2,,0
2014-11-11,11.9,5.6,18.3,63,0.0,0,11.9,,1016.5,,
2014-11-12,5.9,2.2,10.6,48,0.0,0,14.8,,1026.9,,
2014-11-13,2.4,-0.5,5.0,38,0.0,0,12.6,,1033.4,,
2014-11-14,3.6,-1.0,7.2,41,0.0,0,4.3,,1029.8,,
2014-11-15,6.7,4.4,8.9,78,0.5,0,6.5,,1021.7,,
2014-11-16,7.9,1.1,10.0,92,0.3,0,9.4,,,,
2014-11-17,3.8,-1.0,11.7,52,0.0,0,10.4,,1029.3,,0
2014-11-18,5.5,-1.0,13.3,52,0.0,0,2.9,,1032.2,,0
2014-11-19,10.3,0.6,20.6,62,0.0,0,4.7,,1025.2,,0
2014-11-20,14.3,6.7,21.1,86,0.3,0,5.4,,1019.3,,
2014-11-21,19.5,16.7,23.3,94,8.4,0,7.9,,1017.4,,
2014-11-22,17.7,14.4,19.4,95,83.8,0,11.2,,,,
2014-11-23,18.6,11.7,27.2,62,0.0,0,7.9,,1003.6,,0
2014-11-24,12.1,4.4,18.9,48,0.0,0,7.9,,1017.3,,0
2014-11-25,10.3,3.3,19.4,57,0.0,0,5.4,,1024.5,,0
2014-11-26,14.8,5.6,25.0,41,0.0,0,5.4,,1022.9,,0
2014-11-27,11.3,5.6,17.8,50,0.0,0,6.1,,1030.9,,0
2014-11-28,13.4,5.6,22.2,66,0.0,0,5.8,,1023.9,,
2014-11-29,18.3,13.3,22.8,76,0.0,0,11.5,,1016.5,,
2014-11-30,21.5,17.8,26.1,74,0.0,0,11.9,,1016.4,,
2014-12-01,10.5,5.0,18.9,68,0.0,0,10.1,,1026.8,,
2014-12-02,7.0,3.9,10.0,60,0.0,0,6.8,,1027.3,,
2014-12-03,11.8,8.9,15.0,86,0.0,0,2.2,,1022.1,,
2014-12-04,16.4,14.4,18.9,94,1.5,0,4.3,,1019.6,,
2014-12-05,19.9,17.2,23.9,86,0.3,0,7.6,,1018.3,,
2014-12-06,15.5,12.8,20.6,75,0.0,0,9.0,,1026.0,,
2014-12-07,11.8,11.1,13.3,81,0.0,0,6.5,,1026.9,,
2014-12-08,13.0,9.4,19.4,73,0.0,0,5.4,,1026.7,,
2014-12-09,12.8,6.1,20.6,74,0.0,0,1.8,,1026.4,,0
2014-12-10,13.4,8.3,18.9,79,0.5,0,1.8,,1022.7,,
2014-12-11,16.3,13.9,19.4,86,1.0,0,7.6,,1021.8,,
2014-12-12,17.7,15.0,21.7,78,0.0,0,7.9,,1023.3,,
2014-12-13,17.2,12.8,23.3,80,0.0,0,7.6,,1020.8,,
2014-12-14,19.1,16.1,23.3,85,1.8,0,10.1,,1013.5,,
2014-12-15,18.3,11.1,23.3,59,0.0,0,7.2,,1015.6,,
2014-12-16,12.4,7.8,17.2,47,0.0,0,7.9,,1025.3,,
2014-12-17,10.4,8.9,11.7,73,2.5,0,5.8,,1021.5,,
2014-12-18,11.9,9.4,15.6,93,0.0,0,4.7,,1019.4,,
2014-12-19,10.7,8.9,13.9,87,15.0,0,10.8,,1020.1,,
2014-12-20,10.4,9.4,12.2,82,0.0,0,4.7,,1022.7,,
2014-12-21,11.5,10.0,13.3,85,0.0,0,7.6,,1016.7,,
2014-12-22,17.0,13.3,25.0,71,0.0,0,7.6,,1005.5,,
2014-12-23,11.2,6.1,15.0,65,0.0,0,13.7,,1008.7,,
2014-12-24,7.8,1.7,13.9,60,0.0,0,9.4,,1019.2,,0
2014-12-25,9.7,0.6,18.3,56,0.0,0,9.7,,1017.5,,0
2014-12-26,16.3,11.7,23.3,83,0.3,0,8.3,,1013.5,,
2014-12-27,11.3,5.0,18.9,81,0.8,0,12.2,,1019.8,,
2014-12-28,3.8,0.0,8.3,72,3.3,0,6.5,,1024.4,,
2014-12-29,7.8,-1.0,19.4,71,0.0,0,3.6,,1020.6,,
2014-12-30,6.3,3.9,7.8,88,0.0,0,9.4,,1028.1,,
2014-12-31,3.8,2.2,5.6,70,0.0,0,13.0,,1032.3,,
2015-01-01,2.9,1.1,4.4,90,16.0,0,7.9,,,,
2015-01-02,4.5,3.3,6.1,96,5.1,0,7.2,,1019.6,,
2015-01-03,7.8,3.9,16.7,82,19.3,0,4.7,,1016.1,,
2015-01-04,6.3,1.7,10.6,63,0.0,0,11.5,,1031.2,,0
2015-01-05,3.8,-1.6,11.1,55,0.0,0,5.8,,1036.5,,0
2015-01-06,10.4,2.2,21.7,52,0.0,0,3.2,,1028.8,,0
2015-01-07,6.9,-1.0,10.6,54,0.0,0,13.7,,1034.8,,
2015-01-08,-1.3,-4.9,2.2,46,0.0,0,7.2,,1035.5,,
2015-01-09,2.5,1.1,3.3,67,0.5,0,9.4,,1031.9,,
2015-01-10,1.2,0.0,2.2,80,7.6,0,5.0,,,,
2015-01-11,5.4,1.1,9.4,91,4.3,0,4.3,,1023.0,,
2015-01-12,6.4,4.4,7.8,91,0.0,0,8.6,,1026.0,,
2015-01-13,3.5,1.7,5.6,82,0.0,0,10.8,,1030.6,,
2015-01-14,3.9,3.3,4.4,88,0.0,0,7.6,,,,
2015-01-15,7.4,3.3,15.0,73,0.0,0,6.1,,1027.3,,
2015-01-16,9.5,3.3,17.8,68,0.0,0,4.3,,1025.9,,0
2015-01-17,12.8,3.9,20.6,61,0.0,0,5.0,,1020.0,,0
2015-01-18,14.1,7.8,22.2,38,0.0,0,5.0,,1025.3,,0
2015-01-19,13.7,2.8,23.9,56,0.0,0,5.0,,1017.5,,0
2015-01-20,15.5,5.0,26.7,61,0.0,0,5.4,,1013.6,,0
2015-01-21,11.6,10.0,13.3,88,4.1,0,9.0,,1018.1,,
2015-01-22,7.7,5.0,11.1,93,52.6,0,16.2,,1019.5,,
2015-01-23,5.5,3.3,10.6,87,10.2,0,10.1,,1024.6,,
2015-01-24,8.0,2.2,17.2,69,0.0,0,5.8,,1022.7,,0
2015-01-25,13.0,4.4,22.8,50,0.0,0,9.7,,1019.3,,0
2015-01-26,14.0,7.8,23.3,47,0.0,0,7.6,,1022.9,,0
2015-01-27,16.9,10.6,28.3,46,0.0,0,9.0,,1020.8,,0
2015-01-28,16.7,5.6,27.2,55,0.0,0,5.8,,1019.8,,0
2015-01-29,17.3,11.1,26.1,64,0.0,0,7.2,,1023.1,,
2015-01-30,11.5,8.9,14.4,53,0.0,0,9.0,,1028.5,,
2015-01-31,12.0,9.4,16.7,84,7.9,0,6.8,,,,
2015-02-01,16.3,6.7,22.8,76,0.5,0,11.2,,1015.3,,
2015-02-02,5.4,0.6,9.4,49,0.0,0,9.0,,1027.7,,0
2015-02-03,5.3,4.4,6.1,78,6.6,0,3.2,,1025.8,,
2015-02-04,9.2,5.6,12.8,91,1.5,0,4.0,,1020.0,,
2015-02-05,5.8,3.3,11.1,76,0.0,0,10.4,,1028.8,,
2015-02-06,8.4,2.8,15.6,70,0.0,0,4.3,,1028.3,,
2015-02-07,12.5,4.4,20.6,75,0.0,0,7.9,,1019.0,,
2015-02-08,18.2,14.4,25.6,75,0.0,0,9.0,,1012.4,,
2015-02-09,18.5,11.1,28.3,50,0.0,0,5.4,,1017.9,,0
2015-02-10,17.2,7.8,27.2,53,0.0,0,6.1,,1015.7,,0
2015-02-11,17.2,10.6,25.6,64,0.0,0,7.9,,1016.5,,
2015-02-12,11.9,6.7,16.7,50,0.0,0,11.2,,1027.4,,
2015-02-13,12.4,3.9,21.1,56,0.0,0,3.6,,1026.4,,
2015-02-14,16.9,8.9,25.6,60,0.0,0,4.7,,1023.2,,0
2015-02-15,16.9,13.9,20.0,82,0.0,0,7.9,,1017.2,,
2015-02-16,8.0,2.2,18.9,80,0.3,0,15.1,,1016.8,,
2015-02-17,5.3,1.1,12.8,58,0.0,0,11.2,,1024.1,,
2015-02-18,9.3,0.0,18.9,52,0.0,0,6.1,,1026.4,,
2015-02-19,12.5,3.3,21.1,60,0.0,0,8.3,,1024.4,,0
2015-02-20,17.7,12.2,23.9,76,0.0,0,14.0,,1012.9,,
2015-02-21,19.6,12.8,25.6,71,0.0,0,9.4,,1011.2,,
2015-02-22,10.4,2.8,13.3,82,0.5,0,11.2,,1019.4,,
2015-02-23,0.4,-1.0,2.8,88,0.3,0,15.1,,1031.2,,
2015-02-24,0.5,-1.0,2.8,84,0.0,0,6.5,,1024.7,,
2015-02-25,7.5,1.7,17.2,67,0.3,0,5.4,,1013.6,,
2015-02-26,4.6,0.6,11.1,72,0.0,0,10.8,,1021.5,,
2015-02-27,0.9,-0.5,2.2,69,0.3,0,11.5,,1029.1,,
2015-02-28,0.6,-0.5,2.2,91,2.5,0,7.9,,1027.1,,
2015-03-01,3.8,1.7,6.1,95,2.3,0,9.4,,1026.1,,
2015-03-02,4.9,3.3,7.2,95,0.5,0,6.1,,1026.0,,
2015-03-03,9.9,5.0,15.6,98,0.3,0,1.8,,1015.2,,
2015-03-04,13.4,1.1,21.1,95,3.8,0,9.4,,1012.6,,
2015-03-05,2.7,-0.5,8.3,62,3.3,0,16.6,,1032.9,,
2015-03-06,4.8,-3.2,13.9,52,0.0,0,3.6,,1035.1,,0
2015-03-07,10.0,3.3,15.6,49,0.0,0,3.6,,1029.7,,
2015-03-08,10.2,8.3,12.2,89,11.4,0,4.3,,,,
2015-03-09,10.4,9.4,12.8,96,55.1,0,6.5,,1014.5,,
2015-03-10,13.5,10.0,17.2,81,0.0,0,6.5,,1017.1,,
2015-03-11,13.5,12.2,15.0,78,0.0,0,9.4,,1022.4,,
2015-03-12,15.9,11.1,22.8,74,0.5,0,8.3,,1019.2,,
2015-03-13,17.5,11.7,25.6,69,0.0,0,5.4,,1015.7,,
2015-03-14,18.2,11.7,25.6,61,0.0,0,9.4,,1018.9,,1
2015-03-15,15.6,10.6,20.6,72,0.0,0,5.0,,1024.4,,
2015-03-16,17.3,11.1,25.0,76,0.0,0,4.3,,1023.2,,
2015-03-17,20.1,17.2,25.0,84,0.3,0,4.7,,1019.5,,
2015-03-18,20.9,15.6,27.2,76,3.3,0,6.8,,1015.4,,
2015-03-19,21.3,17.2,28.3,81,0.0,0,7.6,,1013.7,,
2015-03-20,18.5,13.9,21.7,91,29.7,0,7.2,,1017.8,,
2015-03-21,14.5,12.8,16.1,95,10.9,0,6.8,,1018.4,,
2015-03-22,18.5,13.9,25.6,77,0.0,0,6.8,,1016.4,,
2015-03-23,18.9,11.1,26.7,73,0.0,0,4.7,,1017.9,,0
2015-03-24,21.0,15.0,28.3,73,0.0,0,11.2,,1014.5,,0
2015-03-25,21.4,16.7,28.9,73,0.0,0,12.2,,1012.6,,
2015-03-26,16.9,12.2,21.1,60,1.3,0,16.2,,1017.0,,
2015-03-27,17.5,7.8,27.8,41,0.0,0,6.1,,1021.0,,0
2015-03-28,19.5,8.9,28.9,48,0.0,0,7.9,,1018.6,,0
2015-03-29,20.9,13.9,28.9,62,0.0,0,13.7,,1017.5,,0
2015-03-30,21.5,17.8,26.7,76,0.0,0,7.9,,1019.2,,
2015-03-31,22.1,18.9,27.8,73,0.0,0,11.2,,1015.8,,
2015-04-01,22.8,20.0,28.3,76,0.0,0,10.8,,1012.5,,
2015-04-02,23.1,20.0,28.9,79,0.0,0,13.0,,1012.3,,
2015-04-03,23.0,18.9,30.0,70,0.0,0,10.8,,1015.0,,
2015-04-04,17.1,13.3,20.6,51,0.0,0,12.2,,1023.8,,
2015-04-05,17.0,15.0,20.6,84,0.5,0,7.2,,1016.1,,
2015-04-06,23.1,18.3,29.4,76,0.0,0,11.9,,1013.3,,
2015-04-07,24.1,20.0,30.6,73,0.0,0,12.2,,1014.0,,
2015-04-08,22.9,20.6,26.1,80,0.0,0,13.3,,1012.8,,
2015-04-09,24.4,21.1,30.6,76,0.0,0,11.5,,1010.5,,
2015-04-10,18.5,13.3,23.3,68,2.3,0,7.9,,1018.0,,
2015-04-11,18.0,15.0,21.1,88,0.0,0,4.3,,1017.3,,
2015-04-12,22.3,19.4,27.8,85,0.3,0,7.9,,1012.1,,
2015-04-13,23.4,17.8,30.6,74,2.3,0,7.2,,1011.0,,
2015-04-14,19.6,13.9,25.0,66,0.0,0,9.0,,1016.4,,
2015-04-15,19.6,12.2,28.3,67,0.0,0,6.1,,1014.9,,
2015-04-16,21.9,19.4,27.2,82,0.3,0,6.8,,1012.4,,
2015-04-17,20.7,18.9,23.9,86,10.4,0,7.2,,,,
2015-04-18,20.1,12.2,25.0,86,14.5,0,5.8,,1010.4,,
2015-04-19,22.3,13.9,31.7,65,0.0,0,9.0,,1008.4,,
2015-04-20,18.2,12.2,22.8,45,0.0,0,9.0,,1014.8,,0
2015-04-21,19.5,10.6,27.2,62,0.0,0,8.3,,1014.4,,
2015-04-22,22.1,19.4,27.2,80,0.0,0,10.4,,1011.7,,
2015-04-23,23.7,20.0,29.4,84,0.0,0,5.8,,1011.1,,
2015-04-24,24.7,20.6,29.4,86,10.9,0,8.3,,,,
2015-04-25,26.6,21.1,33.9,64,1.0,0,7.2,,1006.4,,1
2015-04-26,24.6,20.6,30.0,79,2.0,0,13.0,,1003.5,,
2015-04-27,22.6,17.2,29.4,69,14.2,0,7.2,,1004.0,,
2015-04-28,15.9,11.7,18.3,73,0.0,0,13.0,,1014.7,,
2015-04-29,17.0,9.4,25.0,58,0.0,0,7.9,,1017.7,,0
2015-04-30,19.3,10.0,28.3,56,0.0,0,4.3,,1015.4,,0
2015-05-01,21.2,12.8,28.9,56,0.0,0,3.2,,1016.4,,0
2015-05-02,21.7,14.4,28.3,55,0.0,0,6.8,,1016.7,,1
2015-05-03,22.0,14.4,28.9,65,0.0,0,9.7,,1015.3,,1
2015-05-04,23.3,18.9,28.9,70,0.0,0,13.3,,1016.0,,
2015-05-05,22.5,18.9,28.3,78,97.5,0,11.5,,1013.9,,
2015-05-06,24.6,21.7,30.6,80,0.3,0,12.6,,1012.0,,
2015-05-07,24.5,22.8,28.3,82,0.5,0,14.8,,1010.8,,
2015-05-08,24.3,22.8,26.1,89,7.4,0,10.1,,1010.9,,
2015-05-09,25.5,22.2,29.4,80,0.5,0,13.7,,1009.1,,
2015-05-10,26.6,24.4,30.6,74,0.0,0,15.5,,1008.7,,
2015-05-11,22.9,20.0,26.1,82,10.2,0,8.3,,1014.4,,
2015-05-12,19.5,18.3,20.6,92,5.8,0,8.6,,1020.0,,
2015-05-13,19.4,17.8,21.1,95,28.4,0,6.8,,1018.0,,
2015-05-14,24.1,20.0,30.6,87,2.0,0,8.6,,1016.1,,
2015-05-15,22.2,19.4,25.0,88,9.1,0,5.8,,1013.4,,
2015-05-16,24.4,19.4,30.6,82,0.0,0,14.4,,1010.3,,
2015-05-17,23.5,18.9,28.9,84,66.0,0,8.6,,1013.1,,
2015-05-18,26.0,22.8,31.1,82,0.0,0,7.6,,1016.5,,
2015-05-19,26.1,23.3,31.7,80,0.0,0,12.2,,1014.4,,
2015-05-20,26.0,22.2,31.7,81,8.4,0,7.2,,1013.1,,
2015-05-21,19.8,16.7,24.4,85,0.5,0,10.4,,1018.2,,
2015-05-22,20.7,16.7,25.0,91,0.8,0,6.8,,1018.4,,
2015-05-23,23.5,18.9,30.6,90,35.8,0,11.5,,1016.1,,
2015-05-24,,17.8,27.8,,19.3,0,9.4,,,,
2015-05-25,22.5,18.9,27.8,91,132.1,0,7.9,,,,
2015-05-26,24.3,18.9,31.7,84,0.0,0,9.0,,1013.8,,
2015-05-27,24.4,19.4,29.4,84,0.0,0,7.9,,1016.1,,
2015-05-28,25.7,20.6,30.6,83,5.1,0,9.4,,1015.2,,
2015-05-29,24.5,17.8,31.7,76,17.0,0,7.2,,1013.5,,
2015-05-30,24.4,21.1,31.1,79,0.0,0,2.5,,1015.8,,
2015-05-31,23.9,19.4,30.0,72,0.0,0,4.0,,1017.5,,
2015-06-01,24.5,17.8,31.1,70,0.0,0,2.9,,1016.7,,0
2015-06-02,26.0,19.4,32.2,67,0.0,0,4.0,,1014.7,,1
2015-06-03,26.0,19.4,31.7,67,0.0,0,7.2,,1012.4,,1
2015-06-04,26.1,20.0,31.1,66,0.0,0,6.5,,1013.8,,1
2015-06-05,26.4,20.6,32.2,70,0.0,0,5.8,,1015.4,,
2015-06-06,26.8,21.1,32.2,67,0.0,0,4.3,,1014.7,,1
2015-06-07,26.9,21.1,32.8,65,0.0,0,6.8,,1013.6,,1
2015-06-08,27.9,21.7,33.9,64,0.0,0,4.3,,1013.9,,0
2015-06-09,28.6,22.2,35.0,61,0.0,0,4.7,,1012.2,,0
2015-06-10,28.6,22.2,33.9,61,0.0,0,6.5,,1010.0,,1
2015-06-11,28.2,22.8,34.4,68,0.0,0,11.2,,1008.8,,2
2015-06-12,28.2,23.9,33.9,72,0.3,0,10.1,,1009.1,,
2015-06-13,27.9,23.9,35.0,73,0.0,0,11.5,,1009.9,,
2015-06-14,24.8,22.2,30.0,90,34.0,0,9.0,,1011.3,,
2015-06-15,26.5,23.3,31.7,81,4.8,0,6.1,,1012.6,,
2015-06-16,24.8,22.8,28.3,88,34.0,0,11.2,,1011.6,,
2015-06-17,25.0,22.2,31.7,89,67.6,0,7.9,,,,
2015-06-18,26.1,22.8,32.2,83,0.0,0,6.1,,1013.7,,
2015-06-19,25.1,21.7,28.9,89,27.7,0,1.8,,1015.9,,
2015-06-20,24.9,22.2,28.3,90,12.4,0,5.4,,1015.9,,
2015-06-21,25.3,22.2,30.0,90,23.6,0,6.8,,1016.3,,
2015-06-22,26.5,22.2,31.7,84,0.0,0,7.9,,1017.5,,
2015-06-23,27.5,23.9,33.3,78,0.0,0,7.9,,1018.9,,
2015-06-24,27.4,23.3,33.3,76,0.0,0,4.7,,1019.3,,
2015-06-25,28.1,22.8,33.9,73,0.0,0,6.5,,1017.4,,1
2015-06-26,28.7,24.4,33.9,71,0.0,0,9.0,,1014.6,,
2015-06-27,26.8,23.3,32.8,80,0.3,0,2.2,,1015.4,,
2015-06-28,26.9,22.8,32.8,78,2.0,0,3.2,,1015.4,,
2015-06-29,28.0,23.3,33.9,73,0.0,0,7.9,,1014.6,,1
2015-06-30,26.6,22.8,34.4,82,19.1,0,5.8,,1015.6,,
2015-07-01,25.3,21.7,32.8,82,0.0,0,6.5,,1016.2,,
2015-07-02,26.1,21.1,32.8,78,0.0,0,9.4,,1014.9,,
2015-07-03,28.3,24.4,32.8,72,0.0,0,9.7,,1014.0,,
2015-07-04,28.2,24.4,33.3,73,0.0,0,10.4,,1014.1,,
2015-07-05,28.0,24.4,32.8,74,0.0,0,11.5,,1015.2,,
2015-07-06,28.2,25.0,32.8,71,0.0,0,13.3,,1014.9,,
2015-07-07,28.2,25.6,32.8,73,0.0,0,12.6,,1014.0,,
2015-07-08,28.0,25.6,32.8,72,0.0,0,13.0,,1014.7,,
2015-07-09,28.6,24.4,33.9,67,0.0,0,12.2,,1016.2,,
2015-07-10,28.1,23.3,34.4,68,0.0,0,10.4,,1017.2,,
2015-07-11,28.2,22.8,33.9,67,0.0,0,7.9,,1018.8,,
2015-07-12,28.8,23.3,34.4,67,0.0,0,8.6,,1017.3,,1
2015-07-13,29.4,23.9,35.6,65,0.0,0,8.3,,1013.1,,0
2015-07-14,29.0,23.3,36.1,64,0.0,0,9.7,,1011.0,,
2015-07-15,28.9,23.9,35.0,64,0.0,0,9.4,,1012.3,,0
2015-07-16,28.9,23.3,35.0,65,0.0,0,9.4,,1013.5,,
2015-07-17,29.7,24.4,35.6,65,0.0,0,11.2,,1013.1,,
2015-07-18,29.9,25.0,36.7,66,0.0,0,11.5,,1014.1,,
2015-07-19,30.1,24.4,36.1,65,0.0,0,9.0,,1014.5,,
2015-07-20,29.6,23.3,36.1,64,0.0,0,7.6,,1013.0,,0
2015-07-21,29.8,23.9,36.1,63,0.0,0,9.7,,1011.3,,1
2015-07-22,29.9,25.0,36.1,64,0.0,0,10.8,,1011.4,,2
2015-07-23,30.2,25.0,37.2,61,0.0,0,10.4,,1013.5,,
2015-07-24,30.3,25.0,37.2,62,0.0,0,9.7,,1014.7,,
2015-07-25,30.0,23.9,36.7,62,0.0,0,7.9,,1013.3,,
2015-07-26,30.2,24.4,36.7,65,0.0,0,9.0,,1011.6,,
2015-07-27,30.6,25.0,37.8,63,0.0,0,9.4,,1011.6,,
2015-07-28,30.6,25.0,37.8,63,0.0,0,12.2,,1012.9,,
2015-07-29,30.6,24.4,38.3,61,0.0,0,9.0,,1015.1,,
2015-07-30,31.6,23.9,38.3,50,0.0,0,2.9,,1016.1,,0
2015-07-31,32.2,25.6,38.9,51,0.0,0,6.1,,1014.6,,
2015-08-01,30.6,22.8,37.2,43,0.0,0,4.3,,1013.8,,0
2015-08-02,30.7,23.9,37.8,44,0.0,0,4.7,,1011.7,,0
2015-08-03,30.6,23.9,37.2,49,0.0,0,6.1,,1011.1,,0
2015-08-04,31.0,25.0,37.8,58,0.0,0,9.7,,1012.3,,1
2015-08-05,31.4,25.6,38.3,59,0.0,0,10.8,,1013.1,,
2015-08-06,31.1,25.0,38.9,59,0.0,0,10.8,,1011.6,,1
2015-08-07,31.2,24.4,38.3,58,0.0,0,10.4,,1011.1,,0
2015-08-08,31.3,25.6,38.9,59,0.0,0,9.7,,1011.2,,
2015-08-09,31.4,24.4,39.4,57,0.0,0,9.0,,1012.3,,
2015-08-10,31.5,23.9,40.0,55,0.0,0,6.1,,1012.2,,
2015-08-11,,23.9,40.6,,0.0,0,4.7,,,,
2015-08-12,,26.1,40.6,,0.0,0,4.3,,,,
2015-08-13,32.9,25.6,40.0,48,0.0,0,4.7,,1013.8,,1
2015-08-14,32.0,25.6,38.3,54,0.0,0,6.5,,1014.0,,1
2015-08-15,31.1,26.1,36.7,51,0.0,0,5.0,,1014.3,,
2015-08-16,29.8,23.9,36.7,56,0.0,0,6.1,,1013.4,,1
2015-08-17,29.7,23.3,36.7,58,0.0,0,6.5,,1012.7,,0
2015-08-18,30.5,24.4,37.2,59,0.0,0,11.5,,1009.6,,
2015-08-19,30.1,25.6,37.2,65,0.0,0,9.0,,1008.4,,
2015-08-20,25.8,22.8,28.9,77,8.9,0,5.8,,1013.0,,
2015-08-21,26.0,22.2,33.3,79,0.0,0,7.6,,1013.5,,
2015-08-22,30.0,23.9,37.2,66,0.0,0,10.1,,1012.4,,
2015-08-23,30.8,24.4,38.3,63,0.0,0,7.9,,1014.2,,
2015-08-24,31.1,24.4,38.3,56,0.0,0,3.6,,1015.9,,0
2015-08-25,30.2,25.0,38.3,57,0.0,0,5.4,,1016.1,,0
2015-08-26,29.0,22.8,36.7,60,0.0,0,4.3,,1017.4,,1
2015-08-27,29.7,23.3,36.7,54,0.0,0,5.8,,1016.2,,0
2015-08-28,29.1,22.2,36.7,46,0.0,0,7.2,,1014.1,,0
2015-08-29,28.3,21.7,35.0,54,0.0,0,5.4,,1015.2,,0
2015-08-30,28.5,23.9,35.6,55,0.0,0,5.0,,1014.8,,0
2015-08-31,28.6,23.3,36.1,61,0.0,0,8.6,,1014.4,,1
2015-09-01,27.7,23.3,34.4,67,0.0,0,7.6,,1015.2,,
2015-09-02,27.2,21.7,35.0,64,0.0,0,6.8,,1015.3,,
2015-09-03,28.0,22.8,34.4,65,0.0,0,5.0,,1012.3,,
2015-09-04,29.7,23.9,37.8,65,0.0,0,9.0,,1012.0,,
2015-09-05,30.0,26.1,38.3,67,0.3,0,10.8,,1013.5,,
2015-09-06,30.6,24.4,37.8,63,0.0,0,9.0,,1013.6,,
2015-09-07,30.8,24.4,37.8,60,0.0,0,9.0,,1012.6,,0
2015-09-08,30.5,24.4,37.2,61,0.0,0,9.0,,1011.2,,
2015-09-09,28.1,23.3,33.9,72,26.7,0,5.4,,1011.5,,
2015-09-10,26.6,22.2,35.6,84,20.1,0,2.5,,1012.1,,
2015-09-11,27.1,23.9,33.9,79,0.0,0,4.3,,1012.4,,
2015-09-12,26.5,20.6,32.8,52,0.0,0,8.6,,1016.3,,0
2015-09-13,25.0,17.2,32.8,42,0.0,0,6.8,,1016.4,,1
2015-09-14,24.9,17.8,32.2,53,0.0,0,8.3,,1016.1,,0
2015-09-15,26.9,22.8,35.0,72,0.0,0,8.6,,1016.1,,
2015-09-16,27.2,23.9,33.9,75,1.0,0,9.4,,1016.9,,
2015-09-17,28.6,23.9,35.6,68,0.0,0,9.4,,1014.4,,
2015-09-18,28.8,23.9,35.6,66,0.0,0,9.4,,1011.3,,
2015-09-19,28.2,23.3,35.6,62,0.0,0,5.0,,1012.6,,
2015-09-20,27.5,20.6,35.0,58,0.0,0,4.3,,1014.4,,0
2015-09-21,28.5,22.8,35.0,57,0.0,0,5.8,,1014.1,,0
2015-09-22,28.2,21.1,36.1,55,0.0,0,5.8,,1015.2,,1
2015-09-23,27.4,20.0,34.4,57,0.0,0,3.2,,1015.4,,0
2015-09-24,27.2,20.6,35.0,49,0.0,0,2.9,,1015.3,,0
2015-09-25,26.3,22.2,35.6,60,0.0,0,3.6,,1015.7,,
2015-09-26,27.0,20.0,35.0,54,0.0,0,4.7,,1013.5,,0
2015-09-27,26.3,19.4,35.0,52,0.0,0,3.2,,1011.5,,0
2015-09-28,25.2,20.6,31.7,65,0.0,0,5.0,,1010.2,,
2015-09-29,26.5,19.4,34.4,62,0.0,0,3.6,,1010.9,,1
2015-09-30,27.8,21.1,35.0,53,0.0,0,3.6,,1013.8,,0
2015-10-01,27.4,20.6,34.4,50,0.0,0,5.8,,1015.4,,0
2015-10-02,24.5,19.4,31.7,44,0.0,0,7.6,,1014.8,,0
2015-10-03,22.3,13.3,30.6,37,0.0,0,4.7,,1011.7,,0
2015-10-04,22.8,15.0,30.6,42,0.0,0,4.0,,1014.0,,0
2015-10-05,23.8,19.4,29.4,45,0.0,0,2.9,,1016.6,,0
2015-10-06,24.1,17.2,32.2,48,0.0,0,4.3,,1018.3,,0
2015-10-07,24.6,16.7,32.8,54,0.0,0,4.7,,1016.5,,0
2015-10-08,26.0,20.0,32.8,63,0.0,0,5.4,,1015.7,,
2015-10-09,26.0,22.2,31.1,62,0.0,0,2.9,,1018.2,,1
2015-10-10,25.5,19.4,32.2,55,0.0,0,5.4,,1019.7,,0
2015-10-11,26.2,17.8,35.0,56,0.0,0,5.8,,1013.6,,0
2015-10-12,28.7,22.2,37.2,59,0.0,0,9.4,,1008.3,,0
2015-10-13,27.5,17.8,34.4,33,0.0,0,8.6,,1014.2,,
2015-10-14,25.1,15.6,35.6,32,0.0,0,5.0,,1016.8,,0
2015-10-15,25.6,17.2,35.0,50,0.0,0,6.5,,1017.6,,0
2015-10-16,24.4,16.7,32.2,56,0.0,0,3.2,,1020.8,,0
2015-10-17,23.3,16.7,31.1,42,0.0,0,6.8,,1023.3,,0
2015-10-18,21.4,13.9,28.9,30,0.0,0,6.1,,1025.1,,0
2015-10-19,21.1,12.2,30.0,43,0.0,0,5.8,,1022.4,,0
2015-10-20,22.2,14.4,30.6,62,0.0,0,6.8,,1018.5,,0
2015-10-21,24.9,22.2,30.0,76,0.0,0,12.2,,1017.3,,
2015-10-22,24.1,21.1,27.8,84,4.1,0,10.8,,1014.2,,
2015-10-23,24.0,21.7,26.7,92,10.9,0,9.0,,,,
2015-10-24,20.0,15.6,24.4,94,121.7,0,13.7,,,,
2015-10-25,15.8,13.9,17.8,89,16.5,0,14.8,,1016.5,,
2015-10-26,19.5,14.4,26.1,64,0.0,0,9.7,,1014.8,,
2015-10-27,20.4,14.4,28.9,62,0.0,0,4.7,,1010.7,,0
2015-10-28,20.1,14.4,27.8,56,0.0,0,6.5,,1010.5,,0
2015-10-29,19.2,10.6,27.2,65,0.0,0,6.5,,1012.2,,
2015-10-30,21.9,19.4,23.9,94,125.2,0,13.3,,,,
2015-10-31,21.4,18.3,25.0,83,22.6,0,6.5,,1007.4,,
2015-11-01,18.6,15.0,23.9,76,1.8,0,4.7,,1014.1,,
2015-11-02,19.0,13.9,26.1,77,0.0,0,4.7,,1014.7,,
2015-11-03,19.5,13.9,26.7,75,0.0,0,5.0,,1015.7,,
2015-11-04,20.9,16.1,25.6,83,0.0,0,7.6,,1016.1,,
2015-11-05,25.1,22.2,29.4,84,1.3,0,9.0,,1014.0,,
2015-11-06,18.9,15.0,24.4,66,0.5,0,5.4,,1017.9,,
2015-11-07,15.2,13.3,17.2,83,13.5,0,12.2,,1021.2,,
2015-11-08,15.1,11.7,21.7,57,0.0,0,7.6,,1023.1,,
2015-11-09,16.6,11.1,22.8,65,0.0,0,2.2,,1019.9,,
2015-11-10,19.9,15.6,23.3,82,0.0,0,6.1,,1016.7,,
2015-11-11,24.5,20.6,29.4,70,0.0,0,11.9,,1011.3,,
2015-11-12,17.4,13.3,21.7,37,0.0,0,10.1,,1021.8,,1
2015-11-13,16.0,13.3,18.3,45,0.0,0,5.8,,1025.1,,
2015-11-14,14.3,12.2,18.3,65,0.3,0,4.0,,1026.1,,
2015-11-15,16.8,12.2,21.1,72,0.0,0,6.1,,1021.9,,
2015-11-16,21.0,18.3,23.9,91,0.3,0,11.9,,1010.9,,
2015-11-17,16.3,8.3,23.9,78,26.2,0,6.1,,1004.2,,
2015-11-18,13.8,6.1,22.2,62,0.0,0,3.6,,1010.8,,0
2015-11-19,16.3,7.8,26.1,60,0.0,0,2.2,,1018.2,,0
2015-11-20,17.6,11.1,25.0,72,0.0,0,6.5,,1017.2,,
2015-11-21,14.3,5.0,18.9,61,0.0,0,11.9,,1020.7,,
2015-11-22,6.9,1.1,15.0,56,0.0,0,2.9,,1026.6,,0
2015-11-23,8.8,0.0,17.2,60,0.0,0,4.0,,1025.5,,0
2015-11-24,13.8,8.3,17.8,75,0.0,0,4.3,,1020.9,,
2015-11-25,19.7,16.7,23.3,80,0.0,0,7.9,,1017.8,,
2015-11-26,21.3,20.0,23.3,92,6.6,0,10.8,,,,
2015-11-27,16.2,5.0,23.3,95,37.1,0,11.5,,,,
2015-11-28,5.4,3.9,6.7,90,6.4,0,10.4,,1023.9,,
2015-11-29,6.6,5.6,8.3,92,1.0,0,6.8,,1021.8,,
2015-11-30,9.6,7.2,12.8,87,0.0,0,3.6,,1018.2,,
2015-12-01,10.5,7.8,15.0,76,0.0,0,3.2,,1017.6,,
2015-12-02,11.6,5.6,20.0,66,0.0,0,5.4,,1021.6,,0
2015-12-03,10.0,4.4,17.2,63,0.0,0,2.2,,1028.4,,0
2015-12-04,9.2,2.8,17.2,70,0.0,0,2.5,,1030.9,,0
2015-12-05,9.8,2.8,18.3,70,0.0,0,2.9,,1030.5,,0
2015-12-06,12.3,6.7,21.1,75,0.0,0,3.6,,1029.4,,
2015-12-07,12.2,6.7,20.6,70,0.0,0,2.2,,1025.1,,0
2015-12-08,14.1,5.6,23.9,72,0.0,0,4.0,,1017.1,,0
2015-12-09,15.7,8.3,24.4,65,0.0,0,2.9,,1015.3,,
2015-12-10,18.3,10.6,25.6,78,0.0,0,6.8,,1010.6,,
2015-12-11,18.4,11.1,26.1,85,0.0,0,10.1,,1009.5,,
2015-12-12,22.1,21.1,23.9,86,0.3,0,14.4,,1007.3,,
2015-12-13,12.6,7.8,23.3,90,39.1,0,6.1,,1005.9,,
2015-12-14,14.5,5.6,23.9,56,0.0,0,5.4,,1008.6,,0
2015-12-15,17.2,11.7,23.9,85,0.0,0,6.8,,1006.3,,
2015-12-16,14.1,7.8,17.2,35,0.0,0,12.2,,1012.9,,
2015-12-17,11.2,3.9,20.0,46,0.0,0,6.1,,1018.2,,0
2015-12-18,7.7,1.1,14.4,56,0.0,0,4.7,,1028.1,,0
2015-12-19,10.1,2.2,18.9,67,0.0,0,6.5,,1029.4,,0
2015-12-20,15.2,10.6,19.4,86,0.0,0,7.9,,1020.5,,
2015-12-21,18.7,12.2,24.4,83,0.0,0,3.2,,1014.1,,
2015-12-22,17.7,9.4,26.1,75,0.0,0,8.3,,1006.9,,
2015-12-23,21.0,11.7,27.2,61,0.0,0,5.0,,1001.1,,
2015-12-24,17.0,11.1,23.3,77,0.0,0,1.4,,1009.7,,
2015-12-25,16.4,10.6,21.1,76,0.0,0,4.0,,1013.8,,
2015-12-26,23.3,21.1,25.6,85,2.5,0,15.8,,1006.6,,
2015-12-27,10.5,2.2,22.8,91,33.5,0,15.5,,1004.7,,
2015-12-28,4.1,2.2,7.8,70,0.0,0,13.3,,1013.6,,
2015-12-29,6.0,2.8,9.4,75,0.8,0,4.0,,1018.4,,
2015-12-30,9.1,5.0,13.9,81,0.0,0,5.8,,1023.5,,
2015-12-31,8.2,3.9,11.7,74,0.0,0,9.4,,1026.4,,
2016-01-01,7.6,6.7,8.9,62,0.0,0,13.0,,1031.8,,
2016-01-02,6.9,5.6,8.3,68,5.1,0,3.6,,1030.3,,
2016-01-03,9.2,5.0,16.7,73,0.0,0,5.4,,1026.2,,
2016-01-04,8.0,2.8,14.4,57,0.0,0,5.8,,1026.9,,0
2016-01-05,7.6,2.2,13.3,68,0.0,0,5.0,,1025.5,,
2016-01-06,9.5,7.8,11.7,88,3.3,0,4.7,,1018.9,,
2016-01-07,13.7,9.4,22.8,83,0.0,0,3.2,,1012.1,,
2016-01-08,12.5,6.7,18.9,88,0.0,0,4.0,,1008.4,,
2016-01-09,9.2,3.3,14.4,58,0.0,0,13.7,,1016.2,,
2016-01-10,4.6,0.6,10.0,59,0.0,0,6.8,,1026.2,,0
2016-01-11,6.0,1.1,13.3,56,0.0,0,1.8,,1024.6,,
2016-01-12,9.0,1.1,18.9,63,0.0,0,3.6,,1025.4,,0
2016-01-13,10.9,3.3,18.9,65,0.0,0,3.6,,1022.0,,0
2016-01-14,13.9,8.3,21.1,76,0.0,0,4.3,,1012.4,,
2016-01-15,14.6,8.9,21.1,53,0.0,0,5.0,,1008.6,,0
2016-01-16,9.5,6.1,17.8,64,0.0,0,7.6,,1013.2,,
2016-01-17,7.2,0.0,13.9,63,0.0,0,5.0,,1022.1,,0
2016-01-18,7.9,2.2,15.0,69,0.0,0,2.9,,1026.6,,0
2016-01-19,12.8,6.1,20.6,76,0.0,0,6.5,,1022.2,,
2016-01-20,10.9,7.2,13.9,62,0.0,0,6.8,,1020.0,,
2016-01-21,12.7,6.1,17.8,70,0.3,0,10.8,,1016.6,,
2016-01-22,6.9,2.8,12.2,55,0.0,0,12.2,,1026.0,,0
2016-01-23,6.6,-0.5,13.9,60,0.0,0,4.3,,1025.4,,0
2016-01-24,11.3,1.7,21.1,66,0.0,0,8.6,,1017.0,,0
2016-01-25,17.4,13.3,23.9,67,0.0,0,6.8,,1013.7,,
2016-01-26,10.2,6.1,14.4,50,0.0,0,15.5,,1022.4,,
2016-01-27,7.9,2.2,15.0,49,0.0,0,7.6,,1026.6,,0
2016-01-28,9.9,0.0,21.7,55,0.0,0,3.6,,1021.9,,0
2016-01-29,14.3,3.3,24.4,47,0.0,0,6.8,,1016.9,,0
2016-01-30,16.2,7.8,25.0,56,0.0,0,9.4,,1011.6,,0
2016-01-31,20.0,14.4,30.0,67,0.0,0,7.9,,1009.1,,
2016-02-01,18.1,12.2,25.0,73,0.0,0,12.2,,1006.2,,
2016-02-02,16.6,10.6,22.2,27,0.0,0,10.4,,1008.4,,0
2016-02-03,9.3,3.9,14.4,40,0.0,0,10.4,,1021.8,,
2016-02-04,7.3,1.1,15.0,44,0.0,0,4.3,,1031.3,,0
2016-02-05,9.0,0.6,16.7,48,0.0,0,7.2,,1029.1,,
2016-02-06,10.5,3.9,16.1,48,0.0,0,10.8,,1027.8,,0
2016-02-07,9.4,0.0,20.0,59,0.0,0,5.4,,1023.9,,0
2016-02-08,12.0,7.8,18.3,30,0.0,0,13.7,,1026.9,,0
2016-02-09,12.3,3.9,23.3,37,0.0,0,9.0,,1026.8,,0
2016-02-10,13.6,3.3,23.3,44,0.0,0,5.4,,1026.0,,0
2016-02-11,19.1,11.1,28.3,34,0.0,0,7.9,,1019.9,,0
2016-02-12,17.7,8.3,26.1,53,0.0,0,5.4,,1022.7,,0
2016-02-13,16.8,11.1,23.9,56,0.0,0,10.1,,1024.5,,0
2016-02-14,17.4,13.9,23.9,75,0.0,0,9.7,,1014.4,,
2016-02-15,17.7,10.0,23.3,61,0.0,0,7.6,,1012.1,,
2016-02-16,17.3,6.1,27.8,46,0.0,0,6.1,,1015.2,,0
2016-02-17,17.0,10.0,23.9,34,0.0,0,9.0,,1022.4,,0
2016-02-18,18.3,12.2,26.1,68,0.0,0,14.4,,1021.1,,
2016-02-19,21.1,17.8,27.2,67,0.0,0,13.3,,1018.8,,
2016-02-20,20.6,18.9,24.4,79,0.0,0,10.1,,1016.8,,
2016-02-21,19.6,18.3,21.7,86,0.3,0,5.0,,1015.7,,
2016-02-22,17.6,13.9,22.2,77,0.0,0,6.5,,1011.9,,
2016-02-23,12.7,8.3,16.1,77,33.8,0,14.8,,1007.5,,
2016-02-24,11.2,5.6,18.3,48,0.0,0,10.4,,1021.8,,0
2016-02-25,11.9,3.3,20.6,46,0.0,0,7.9,,1026.0,,0
2016-02-26,11.4,5.0,17.8,41,0.0,0,5.4,,1029.6,,0
2016-02-27,14.5,5.6,22.8,61,0.0,0,7.6,,1024.0,,1
2016-02-28,17.9,12.8,25.6,74,0.0,0,11.2,,1017.1,,
2016-02-29,20.2,16.7,25.0,74,0.0,0,9.4,,1016.6,,
2016-03-01,20.9,15.0,27.2,62,0.0,0,12.6,,1016.5,,
2016-03-02,17.4,9.4,25.6,52,0.0,0,9.0,,1018.6,,
2016-03-03,22.3,16.7,28.3,52,0.0,0,11.9,,1014.5,,
2016-03-04,16.7,7.2,24.4,41,0.0,0,6.5,,1020.1,,0
2016-03-05,18.9,13.9,26.1,66,0.0,0,9.4,,1020.2,,
2016-03-06,18.5,14.4,25.0,77,0.0,0,13.7,,1018.0,,
2016-03-07,20.5,17.8,24.4,81,0.3,0,17.3,,1009.5,,
2016-03-08,22.6,20.0,28.3,80,5.6,0,15.1,,1004.7,,
2016-03-09,15.9,15.0,21.7,92,55.4,0,12.6,,,,
2016-03-10,16.2,14.4,17.8,92,10.2,0,12.2,,1011.5,,
2016-03-11,17.4,15.0,21.7,90,9.1,0,5.0,,,,
2016-03-12,17.6,13.9,23.3,78,0.0,0,5.8,,1012.0,,
2016-03-13,20.8,13.3,29.4,58,0.0,0,6.5,,1008.2,,0
2016-03-14,23.3,12.2,33.3,44,0.0,0,8.3,,1008.7,,0
2016-03-15,24.6,19.4,33.3,61,0.0,0,9.0,,1008.3,,
2016-03-16,21.1,16.1,27.2,58,0.0,0,7.9,,1013.6,,
2016-03-17,22.0,19.4,26.1,84,0.5,0,6.1,,1010.8,,
2016-03-18,21.3,13.3,26.1,87,1.8,0,7.2,,1009.3,,
2016-03-19,13.0,8.3,16.7,51,0.0,0,16.9,,1020.9,,
2016-03-20,11.5,5.6,17.8,40,0.0,0,8.6,,1028.9,,0
2016-03-21,11.0,1.7,20.0,53,0.0,0,6.5,,1028.6,,0
2016-03-22,16.1,7.2,25.6,66,0.0,0,14.0,,1018.3,,
2016-03-23,21.3,18.3,27.8,75,1.3,0,14.8,,1008.7,,
2016-03-24,16.2,8.9,21.1,50,3.8,0,12.2,,1014.5,,
2016-03-25,14.1,5.0,22.8,58,0.0,0,6.1,,1014.3,,0
2016-03-26,16.1,8.9,23.3,75,0.0,0,6.1,,1012.3,,
2016-03-27,18.5,13.3,23.3,68,0.0,0,7.9,,1017.0,,
2016-03-28,16.3,8.9,23.9,50,0.0,0,6.5,,1019.2,,0
2016-03-29,18.4,14.4,20.6,85,0.5,0,9.4,,1013.4,,
2016-03-30,21.8,20.0,25.0,92,0.8,0,11.5,,1006.5,,
2016-03-31,24.0,18.9,30.0,56,0.0,0,7.9,,1004.5,,
2016-04-01,14.5,10.6,18.9,62,8.6,0,12.6,,1014.2,,
2016-04-02,14.4,7.2,23.3,51,0.0,0,7.6,,1023.8,,0
2016-04-03,16.1,6.7,26.1,53,0.0,0,4.0,,1022.0,,0
2016-04-04,19.7,11.7,28.3,48,0.0,0,6.8,,1020.8,,0
2016-04-05,19.8,11.7,27.8,49,0.0,0,7.9,,1020.7,,0
2016-04-06,20.4,12.8,27.8,53,0.0,0,9.0,,1017.2,,
2016-04-07,19.6,8.9,29.4,48,0.0,0,4.0,,1016.3,,0
2016-04-08,20.2,12.8,26.7,43,0.0,0,6.5,,1019.5,,0
2016-04-09,19.3,14.4,25.0,59,0.5,0,8.3,,1018.3,,
2016-04-10,21.3,18.3,26.1,76,0.0,0,12.6,,1013.8,,
2016-04-11,24.7,21.1,31.7,76,0.0,0,8.6,,1011.6,,
2016-04-12,19.2,16.7,22.8,83,30.2,0,11.2,,1016.9,,
2016-04-13,17.7,14.4,22.2,86,10.2,0,6.8,,,,
2016-04-14,17.6,12.2,25.0,78,0.0,0,6.5,,1015.4,,
2016-04-15,19.3,12.2,26.1,76,0.0,0,7.9,,1011.3,,
2016-04-16,20.4,17.8,23.9,90,6.4,0,12.6,,1010.0,,
2016-04-17,21.0,17.8,25.6,93,34.0,0,9.7,,1012.8,,
2016-04-18,19.9,17.2,23.9,92,28.7,0,6.5,,,,
2016-04-19,20.9,16.7,27.2,86,0.0,0,3.2,,1016.8,,
2016-04-20,21.2,15.6,27.2,80,14.7,0,5.8,,,,
2016-04-21,20.8,15.6,28.3,78,10.4,0,7.6,,1014.2,,
2016-04-22,21.9,15.6,28.9,62,0.0,0,6.1,,1017.9,,0
2016-04-23,21.1,12.8,28.3,61,0.0,0,4.3,,1016.9,,0
2016-04-24,21.3,17.2,26.1,76,0.0,0,9.7,,1011.3,,
2016-04-25,25.3,21.1,31.1,78,0.0,0,11.5,,1007.7,,
2016-04-26,24.9,22.2,30.0,77,0.0,0,14.4,,1004.7,,
2016-04-27,23.6,16.7,32.2,61,13.7,0,7.6,,1004.9,,
2016-04-28,23.8,17.2,30.6,74,0.0,0,10.4,,1008.0,,
2016-04-29,25.8,23.9,28.9,84,0.0,0,11.5,,1003.8,,
2016-04-30,24.2,18.9,30.0,74,23.4,0,7.2,,1005.4,,1
2016-05-01,21.6,18.9,25.6,69,0.0,0,10.8,,1011.6,,
2016-05-02,17.3,13.9,21.1,66,0.0,0,10.8,,1017.9,,
2016-05-03,18.5,12.8,25.6,58,0.0,0,5.8,,1018.4,,
2016-05-04,21.5,12.2,30.6,53,0.0,0,7.9,,1017.3,,0
2016-05-05,23.4,15.0,31.7,50,0.0,0,5.8,,1016.3,,0
2016-05-06,22.4,13.3,30.0,54,0.0,0,4.7,,1016.8,,0
2016-05-07,22.6,15.6,29.4,62,0.0,0,10.4,,1014.7,,0
2016-05-08,21.3,19.4,22.8,84,2.8,0,12.6,,1010.6,,
2016-05-09,24.7,19.4,30.6,70,0.0,0,11.9,,1007.5,,
2016-05-10,26.8,18.9,32.8,75,6.9,0,13.0,,1010.2,,
2016-05-11,24.1,18.3,30.6,78,8.4,0,10.1,,1014.4,,
2016-05-12,24.5,20.0,28.9,76,2.8,0,6.1,,1018.2,,
2016-05-13,25.8,21.7,30.6,68,0.0,0,6.1,,1019.1,,
2016-05-14,22.5,17.2,27.2,86,19.6,0,2.5,,,,
2016-05-15,19.4,16.7,22.2,82,5.8,0,6.1,,1017.5,,
2016-05-16,21.7,19.4,26.7,86,6.6,0,7.2,,1012.3,,
2016-05-17,22.4,18.3,27.8,83,5.1,0,7.9,,1012.5,,
2016-05-18,20.0,17.8,25.6,78,4.1,0,10.8,,1016.7,,
2016-05-19,18.7,16.1,24.4,87,57.2,0,8.3,,1013.9,,
2016-05-20,21.8,16.7,28.3,75,0.0,0,5.0,,1014.7,,
2016-05-21,24.3,21.1,28.3,80,0.0,0,6.5,,1015.5,,
2016-05-22,25.8,22.2,30.6,81,0.0,0,8.6,,1013.0,,
2016-05-23,24.7,21.7,29.4,85,0.3,0,11.5,,1011.1,,
2016-05-24,26.7,23.3,30.6,78,0.0,0,12.2,,1012.4,,
2016-05-25,26.8,25.0,30.0,82,0.0,0,10.1,,1013.9,,
2016-05-26,26.4,20.0,32.2,84,13.2,0,10.8,,1010.5,,
2016-05-27,21.1,18.3,25.0,89,8.9,0,9.0,,1007.2,,
2016-05-28,24.8,18.3,32.8,82,0.5,0,8.6,,1012.3,,
2016-05-29,26.0,21.1,31.1,77,4.6,0,9.0,,1016.6,,
2016-05-30,25.3,18.9,31.7,73,7.9,0,7.9,,1014.5,,
2016-05-31,23.9,19.4,27.8,89,27.2,0,5.4,,1010.8,,
2016-06-01,24.6,20.0,30.6,80,4.8,0,3.2,,1011.2,,
2016-06-02,23.9,20.0,28.9,80,9.1,0,6.1,,1011.3,,
2016-06-03,23.3,18.3,29.4,75,40.9,0,4.3,,1011.2,,
2016-06-04,23.3,19.4,30.0,82,2.5,0,7.9,,,,
2016-06-05,25.4,20.0,31.1,63,0.0,0,9.4,,1011.3,,1
2016-06-06,26.6,21.1,32.2,50,0.0,0,6.8,,1010.6,,0
2016-06-07,26.6,20.6,33.3,62,0.0,0,3.2,,1011.7,,1
2016-06-08,27.2,21.1,33.3,71,0.0,0,4.3,,1012.3,,
2016-06-09,26.6,21.7,33.3,73,0.0,0,7.6,,1012.9,,1
2016-06-10,26.9,20.6,32.8,73,0.0,0,5.0,,1013.5,,1
2016-06-11,28.7,24.4,33.9,73,0.0,0,9.4,,1014.8,,
2016-06-12,29.1,25.0,34.4,76,0.0,0,9.4,,1015.3,,
2016-06-13,29.1,24.4,34.4,74,0.0,0,8.6,,1012.7,,
2016-06-14,29.1,25.6,34.4,73,0.0,0,10.1,,1010.4,,
2016-06-15,29.8,25.6,35.6,68,0.0,0,10.4,,1012.1,,
2016-06-16,29.3,23.9,35.6,70,0.0,0,10.1,,1013.4,,1
2016-06-17,29.6,24.4,36.1,68,0.0,0,9.4,,1013.0,,
2016-06-18,29.9,24.4,35.6,68,0.0,0,6.8,,1014.3,,
2016-06-19,29.3,25.0,34.4,68,0.0,0,6.1,,1017.3,,
2016-06-20,29.3,23.9,35.0,66,0.0,0,5.8,,1020.4,,
2016-06-21,29.7,23.9,35.6,64,0.0,0,6.5,,1018.6,,0
2016-06-22,29.5,24.4,35.6,68,0.0,0,9.0,,1015.6,,
2016-06-23,29.1,23.9,35.0,68,0.0,0,10.1,,1016.0,,
2016-06-24,28.2,23.9,33.9,72,0.0,0,9.4,,1015.8,,
2016-06-25,26.7,25.0,31.1,85,0.5,0,7.9,,1016.2,,
2016-06-26,29.0,24.4,35.0,72,0.0,0,7.9,,1017.6,,
2016-06-27,29.2,23.9,35.6,66,0.0,0,2.9,,1017.6,,0
2016-06-28,27.2,22.2,38.3,74,8.4,0,5.4,,1016.3,,1
2016-06-29,28.0,21.7,35.6,70,0.0,0,3.6,,1014.8,,
2016-06-30,29.7,24.4,34.4,64,0.0,0,5.8,,1013.8,,
2016-07-01,29.5,23.3,35.6,66,0.0,0,7.6,,1014.7,,0
2016-07-02,30.0,24.4,36.7,67,0.0,0,10.4,,1014.4,,
2016-07-03,30.1,25.6,36.7,69,0.0,0,12.6,,1012.4,,
2016-07-04,30.9,26.7,37.2,65,0.0,0,13.0,,1012.2,,
2016-07-05,30.5,26.1,37.2,68,0.0,0,13.3,,1013.6,,
2016-07-06,30.6,26.1,37.8,65,0.0,0,12.6,,1013.4,,
2016-07-07,30.5,26.1,37.2,66,0.0,0,14.0,,1013.0,,
2016-07-08,30.7,26.1,37.8,64,0.0,0,12.2,,1014.0,,
2016-07-09,30.7,25.6,37.2,65,0.0,0,10.8,,1015.0,,
2016-07-10,29.7,25.0,36.1,69,1.0,0,9.4,,1013.1,,
2016-07-11,30.7,26.1,37.8,62,0.0,0,14.4,,1011.8,,
2016-07-12,30.2,25.0,37.8,65,0.0,0,14.4,,1012.6,,
2016-07-13,31.2,26.7,38.3,64,0.0,0,12.6,,1014.2,,
2016-07-14,30.7,25.0,38.3,64,0.0,0,12.2,,1014.3,,
2016-07-15,31.3,25.6,38.3,60,0.0,0,11.2,,1014.1,,
2016-07-16,30.4,24.4,37.8,63,0.0,0,8.3,,1014.5,,
2016-07-17,30.5,24.4,37.2,62,0.0,0,10.8,,1016.0,,
2016-07-18,30.7,25.6,37.2,63,0.0,0,8.6,,1018.3,,
2016-07-19,30.3,25.0,37.8,64,0.0,0,8.6,,1019.2,,
2016-07-20,30.9,25.0,38.3,61,0.0,0,7.9,,1019.4,,1
2016-07-21,31.1,24.4,38.3,57,0.0,0,6.5,,1018.3,,0
2016-07-22,31.6,24.4,38.9,55,0.0,0,6.1,,1016.3,,0
2016-07-23,31.7,25.6,38.3,58,0.0,0,9.4,,1013.2,,1
2016-07-24,31.7,25.6,38.3,60,0.0,0,7.9,,1012.3,,
2016-07-25,30.1,24.4,38.9,69,19.3,0,5.0,,1012.6,,
2016-07-26,26.6,23.9,33.9,85,2.0,0,3.2,,1012.6,,
2016-07-27,26.3,23.3,33.3,84,26.9,0,4.7,,,,
2016-07-28,27.7,23.9,36.1,77,0.0,0,5.4,,1014.4,,
2016-07-29,29.1,23.3,35.6,69,0.0,0,6.1,,1014.6,,
2016-07-30,30.0,24.4,36.1,66,0.0,0,7.6,,1014.6,,1
2016-07-31,30.3,25.6,36.7,65,0.0,0,10.1,,1014.3,,
2016-08-01,30.1,23.9,37.2,62,0.0,0,9.4,,1015.5,,0
2016-08-02,30.1,23.9,36.7,65,0.0,0,7.9,,1016.5,,0
2016-08-03,30.9,24.4,37.2,63,0.0,0,6.8,,1015.0,,
2016-08-04,30.9,24.4,37.2,63,0.0,0,8.3,,1013.0,,0
2016-08-05,30.9,25.0,37.8,64,0.0,0,7.9,,1013.0,,2
2016-08-06,31.0,25.0,37.8,61,0.0,0,6.8,,1013.2,,0
2016-08-07,31.5,25.0,37.8,61,0.0,0,9.0,,1012.1,,0
2016-08-08,31.5,25.6,37.8,61,0.0,0,8.6,,1010.9,,0
2016-08-09,31.8,26.1,38.9,61,0.0,0,9.7,,1011.4,,
2016-08-10,32.2,27.2,38.9,60,0.0,0,8.6,,1013.2,,
2016-08-11,32.0,25.6,38.9,62,0.0,0,7.6,,1012.5,,
2016-08-12,31.6,26.1,40.6,63,0.0,0,7.9,,1009.2,,
2016-08-13,28.6,25.0,35.6,72,2.5,0,5.0,,1009.8,,
2016-08-14,24.5,21.7,28.9,95,23.4,0,4.3,,1011.9,,
2016-08-15,22.8,21.7,24.4,96,59.7,0,2.9,,,,
2016-08-16,23.6,21.7,28.3,96,45.5,0,4.7,,,,
2016-08-17,25.1,23.9,28.9,93,7.6,0,4.3,,1017.2,,
2016-08-18,25.6,23.3,31.1,90,4.3,0,3.2,,1016.5,,
2016-08-19,27.9,23.9,33.9,80,1.5,0,7.9,,1013.0,,
2016-08-20,25.5,22.8,28.3,89,18.8,0,5.8,,1011.2,,
2016-08-21,24.8,22.8,27.8,90,2.8,0,3.6,,1014.4,,
2016-08-22,27.1,23.9,32.8,80,1.0,0,6.5,,1016.8,,
2016-08-23,29.1,25.0,34.4,72,0.0,0,11.9,,1018.4,,
2016-08-24,28.8,24.4,33.9,72,0.0,0,9.4,,1018.0,,
2016-08-25,28.1,23.3,34.4,75,1.0,0,4.0,,1016.6,,2
2016-08-26,27.7,23.9,33.9,76,0.0,0,4.7,,1015.5,,
2016-08-27,27.8,22.2,33.3,72,0.0,0,4.0,,1014.4,,1
2016-08-28,26.9,22.8,33.3,76,4.1,0,4.7,,1014.8,,
2016-08-29,26.1,22.8,32.8,82,1.5,0,7.2,,1014.8,,
2016-08-30,27.1,22.8,33.3,76,0.0,0,6.1,,1014.6,,
2016-08-31,28.2,23.3,34.4,73,2.3,0,2.9,,1013.6,,
2016-09-01,29.1,23.9,35.6,68,0.0,0,6.1,,1013.1,,1
2016-09-02,27.3,23.9,33.3,74,0.0,0,4.7,,1014.4,,
2016-09-03,27.5,22.8,33.3,75,0.0,0,4.7,,1014.2,,
2016-09-04,27.8,23.9,33.9,76,0.3,0,5.4,,1014.0,,2
2016-09-05,27.0,22.8,34.4,82,0.0,0,7.9,,1015.7,,
2016-09-06,28.0,25.0,35.0,81,0.3,0,9.4,,1017.5,,
2016-09-07,29.7,25.6,35.6,75,0.0,0,9.0,,1017.6,,
2016-09-08,29.2,25.0,35.0,70,0.0,0,9.7,,1014.8,,
2016-09-09,29.0,25.0,35.0,70,0.0,0,9.0,,1012.9,,
2016-09-10,27.4,21.7,33.9,71,1.3,0,9.4,,1017.4,,1
2016-09-11,27.1,20.6,33.9,63,0.0,0,3.6,,1018.8,,0
2016-09-12,27.6,21.1,33.9,68,0.0,0,4.7,,1014.0,,1
2016-09-13,28.0,23.3,34.4,72,0.0,0,5.0,,1014.0,,
2016-09-14,28.3,24.4,33.3,68,0.0,0,4.7,,1016.2,,
2016-09-15,28.5,22.2,34.4,68,0.0,0,4.3,,1015.0,,1
2016-09-16,29.1,23.9,35.0,67,0.0,0,2.9,,1012.8,,1
2016-09-17,29.4,23.3,35.6,68,0.0,0,3.6,,1013.8,,0
2016-09-18,30.2,23.9,36.7,66,0.0,0,3.2,,1013.6,,0
2016-09-19,30.3,24.4,37.2,66,0.0,0,4.0,,1014.8,,0
2016-09-20,30.0,23.9,37.2,65,0.0,0,4.3,,1016.2,,0
2016-09-21,29.0,23.9,35.6,64,0.0,0,3.2,,1015.3,,1
2016-09-22,27.9,21.1,34.4,64,0.0,0,7.6,,1014.0,,
2016-09-23,27.8,24.4,33.9,78,0.8,0,8.6,,1013.6,,
2016-09-24,27.8,25.0,36.1,79,0.3,0,8.6,,1013.5,,
2016-09-25,24.8,21.1,31.1,88,19.3,0,5.8,,1014.4,,
2016-09-26,21.7,19.4,22.8,90,31.0,0,9.0,,,,
2016-09-27,21.9,19.4,26.7,74,0.0,0,4.7,,1018.0,,
2016-09-28,24.0,18.3,31.7,64,0.0,0,1.8,,1017.2,,0
2016-09-29,22.8,17.2,30.0,58,0.0,0,8.6,,1020.8,,0
2016-09-30,21.3,15.6,28.3,54,0.0,0,2.5,,1020.8,,0
2016-10-01,20.5,15.0,26.7,66,0.0,0,1.8,,1018.0,,0
2016-10-02,21.9,14.4,29.4,66,0.0,0,2.5,,1016.5,,0
2016-10-03,23.3,16.7,30.6,66,0.0,0,4.0,,1012.8,,0
2016-10-04,26.4,21.1,32.8,70,0.0,0,7.9,,1008.6,,
2016-10-05,27.7,23.9,33.3,72,0.0,0,8.3,,1010.7,,
2016-10-06,27.8,24.4,33.3,74,0.0,0,8.6,,1012.1,,
2016-10-07,24.5,17.2,31.7,78,0.0,0,7.6,,1016.3,,
2016-10-08,21.9,16.1,30.0,68,0.0,0,7.9,,1021.9,,0
2016-10-09,21.4,14.4,28.9,48,0.0,0,6.5,,1023.0,,0
2016-10-10,19.3,11.1,28.9,52,0.0,0,1.8,,1021.4,,0
2016-10-11,21.3,11.7,31.1,57,0.0,0,2.2,,1018.9,,0
2016-10-12,24.6,16.1,32.8,68,0.0,0,4.3,,1016.8,,0
2016-10-13,25.6,20.0,31.7,76,4.3,0,4.0,,1018.3,,
2016-10-14,23.8,19.4,30.6,78,0.0,0,4.3,,1018.4,,
2016-10-15,26.4,21.7,32.8,73,0.0,0,7.2,,1015.6,,
2016-10-16,27.3,23.9,34.4,70,0.0,0,7.9,,1013.5,,
2016-10-17,27.5,23.3,34.4,68,0.0,0,9.0,,1010.2,,
2016-10-18,27.6,23.9,33.9,70,0.0,0,9.0,,1010.2,,
2016-10-19,27.8,23.9,33.3,71,0.0,0,7.6,,1012.7,,
2016-10-20,24.1,18.3,28.3,62,0.0,0,10.8,,1018.1,,
2016-10-21,18.5,11.7,25.0,50,0.0,0,5.4,,1023.5,,0
2016-10-22,17.0,8.3,26.7,56,0.0,0,3.2,,1021.5,,0
2016-10-23,20.0,12.8,28.9,63,0.0,0,4.7,,1020.9,,0
2016-10-24,23.6,19.4,30.0,70,0.0,0,5.8,,1022.1,,1
2016-10-25,23.4,19.4,30.0,70,0.0,0,5.0,,1020.7,,
2016-10-26,23.5,17.8,30.6,68,0.0,0,3.6,,1019.3,,
2016-10-27,23.8,17.8,31.1,68,0.0,0,4.3,,1021.2,,0
2016-10-28,22.8,16.1,30.0,65,0.0,0,4.0,,1021.2,,1
2016-10-29,23.0,17.8,30.0,69,0.0,0,4.0,,1019.9,,
2016-10-30,23.7,18.3,30.6,70,0.0,0,3.6,,1019.7,,0
2016-10-31,22.3,15.6,30.0,73,0.0,0,6.1,,1017.1,,
2016-11-01,26.0,21.7,32.8,76,8.4,0,7.9,,1014.3,,
2016-11-02,25.6,22.8,31.1,82,0.3,0,9.0,,1016.8,,
2016-11-03,23.0,20.0,26.7,89,27.2,0,7.2,,1021.2,,
2016-11-04,21.3,20.0,22.8,87,0.0,0,6.1,,1023.8,,
2016-11-05,20.3,17.2,22.2,90,6.1,0,3.2,,1022.4,,
2016-11-06,18.2,15.0,24.4,87,1.8,0,3.2,,1020.0,,
2016-11-07,18.7,16.1,21.7,97,2.0,0,3.2,,1018.6,,
2016-11-08,18.8,16.7,20.6,92,12.4,0,6.5,,1020.7,,
2016-11-09,17.2,15.6,18.3,92,4.3,0,10.1,,1023.4,,
2016-11-10,17.3,13.3,21.7,76,0.0,0,4.0,,1025.7,,
2016-11-11,16.9,12.8,23.3,83,0.0,0,3.2,,1024.0,,
2016-11-12,18.3,13.9,25.0,76,0.0,0,5.8,,1023.3,,1
2016-11-13,17.7,12.2,24.4,74,0.0,0,2.5,,1022.0,,1
2016-11-14,19.0,13.3,27.8,78,0.0,0,3.2,,1018.4,,
2016-11-15,20.5,15.0,30.0,64,0.0,0,3.2,,1017.3,,0
2016-11-16,20.7,12.8,30.0,57,0.0,0,5.0,,1014.9,,0
2016-11-17,21.3,14.4,27.8,73,0.0,0,10.4,,1011.8,,
2016-11-18,19.6,11.1,26.1,61,0.0,0,10.8,,1019.9,,
2016-11-19,10.9,5.0,17.2,44,0.0,0,8.6,,1034.1,,0
2016-11-20,10.0,1.7,19.4,54,0.0,0,3.6,,1028.1,,0
2016-11-21,15.7,6.7,25.0,64,0.0,0,7.2,,1019.1,,0
2016-11-22,20.5,16.7,24.4,83,12.4,0,7.9,,1013.6,,
2016-11-23,17.0,10.6,22.8,72,3.3,0,5.0,,1020.0,,
2016-11-24,16.1,7.8,24.4,74,0.0,0,1.8,,1022.2,,0
2016-11-25,16.3,12.8,18.9,85,0.8,0,6.1,,1026.3,,
2016-11-26,16.5,11.7,21.1,68,0.0,0,2.5,,1026.6,,
2016-11-27,18.9,13.3,24.4,77,0.0,0,9.7,,1014.3,,
2016-11-28,21.1,10.6,26.1,56,0.0,0,9.7,,1001.5,,
2016-11-29,16.7,9.4,26.1,52,0.0,0,4.3,,1004.3,,
2016-11-30,13.4,5.6,19.4,45,0.0,0,5.8,,1016.0,,0
2016-12-01,11.5,2.8,20.6,53,0.0,0,5.4,,1018.7,,0
2016-12-02,13.0,10.6,17.8,78,5.6,0,5.8,,1017.7,,
2016-12-03,10.3,9.4,11.1,94,32.8,0,9.4,,1015.0,,
2016-12-04,10.4,9.4,11.7,90,9.4,0,9.0,,1015.9,,
2016-12-05,9.8,8.3,11.1,94,16.0,0,5.0,,,,
2016-12-06,10.1,6.1,14.4,86,0.0,0,7.2,,1013.9,,
2016-12-07,9.4,3.9,13.3,86,0.0,0,4.7,,1019.4,,
2016-12-08,5.8,2.2,11.1,63,0.0,0,16.6,,1032.5,,
2016-12-09,3.9,0.6,7.8,46,0.0,0,7.2,,1036.5,,
2016-12-10,7.4,1.7,11.1,71,0.0,0,5.0,,1029.3,,
2016-12-11,14.1,10.0,19.4,93,0.5,0,6.1,,1016.5,,
2016-12-12,12.9,7.8,19.4,76,0.0,0,4.7,,1016.8,,0
2016-12-13,16.3,10.0,25.0,78,0.0,0,6.1,,1016.0,,
2016-12-14,10.7,6.1,13.9,76,0.0,0,6.5,,1021.8,,
2016-12-15,9.8,7.2,12.2,74,0.0,0,7.6,,1026.0,,
2016-12-16,14.4,10.6,19.4,83,0.0,0,8.3,,1014.2,,
2016-12-17,17.4,1.1,24.4,86,0.0,0,9.0,,1008.3,,
2016-12-18,-1.0,-3.2,2.8,47,0.0,0,19.8,,1031.6,,
2016-12-19,0.5,-4.9,7.2,42,0.0,0,7.9,,1038.9,,0
2016-12-20,7.8,1.7,15.0,38,0.0,0,2.5,,1031.8,,
2016-12-21,13.2,6.1,21.7,41,0.0,0,6.1,,1022.7,,0
2016-12-22,14.2,10.0,20.0,46,0.0,0,7.2,,1024.6,,
2016-12-23,15.5,11.1,20.0,80,0.3,0,1.4,,1019.2,,
2016-12-24,21.8,18.3,25.6,85,0.0,0,11.2,,1016.3,,
2016-12-25,22.7,20.0,26.7,78,0.0,0,14.8,,1013.4,,
2016-12-26,23.8,21.1,28.9,81,0.0,0,5.8,,1018.7,,
2016-12-27,20.5,16.7,24.4,67,0.0,0,1.8,,1022.4,,
2016-12-28,22.0,16.7,28.3,77,0.0,0,4.3,,1017.7,,
2016-12-29,15.1,9.4,21.1,34,0.0,0,13.7,,1028.0,,0
2016-12-30,10.8,9.4,12.8,31,0.0,0,7.2,,1027.8,,
2016-12-31,16.5,10.6,25.0,71,0.0,0,4.7,,1012.0,,
2017-01-01,16.8,11.7,23.9,69,0.0,0,5.4,,1010.6,,
2017-01-02,17.2,11.1,23.3,71,10.2,0,7.2,,1011.1,,
2017-01-03,15.0,6.7,24.4,52,0.0,0,9.4,,1016.8,,0
2017-01-04,5.7,3.3,10.0,58,0.0,0,7.9,,1020.5,,
2017-01-05,8.4,1.1,17.2,65,0.0,0,8.3,,1014.2,,
2017-01-06,-1.2,-4.9,1.1,54,0.0,0,16.9,,1025.6,,
2017-01-07,-1.1,-7.1,6.7,47,0.0,0,6.5,,1040.7,,0
2017-01-08,2.8,-6.0,11.7,49,0.0,0,5.8,,1037.8,,0
2017-01-09,13.5,6.1,21.7,68,0.0,0,8.6,,1026.2,,
2017-01-10,19.3,15.0,26.1,70,0.0,0,10.4,,1016.7,,
2017-01-11,20.2,15.0,26.7,75,0.0,0,13.3,,1013.9,,
2017-01-12,22.3,19.4,27.2,74,0.0,0,12.2,,1017.0,,
2017-01-13,20.7,13.3,25.6,79,16.5,0,10.8,,1023.8,,
2017-01-14,10.7,8.3,13.3,94,1.8,0,5.8,,1027.1,,
2017-01-15,15.2,10.6,22.8,94,15.5,0,7.9,,1017.3,,
2017-01-16,17.1,14.4,21.1,81,7.6,0,1.8,,1014.7,,
2017-01-17,11.4,8.9,15.0,88,39.9,0,9.4,,1019.1,,
2017-01-18,10.8,8.3,13.3,91,13.0,0,5.8,,1018.4,,
2017-01-19,14.6,11.1,21.7,82,0.0,0,5.4,,1010.3,,
2017-01-20,15.3,8.3,24.4,74,0.0,0,2.2,,1006.7,,0
2017-01-21,17.6,8.9,27.2,65,0.5,0,9.4,,1000.5,,
2017-01-22,16.7,11.7,21.1,35,0.0,0,18.0,,1006.9,,1
2017-01-23,15.2,7.8,24.4,44,0.0,0,6.1,,1014.0,,0
2017-01-24,19.0,10.0,28.9,58,0.0,0,10.8,,1006.1,,0
2017-01-25,16.8,8.9,20.6,39,0.0,0,11.5,,1012.9,,0
2017-01-26,8.8,4.4,15.0,45,0.0,0,5.0,,1024.8,,0
2017-01-27,8.8,3.3,14.4,41,0.0,0,7.9,,1027.5,,
2017-01-28,9.6,3.9,16.1,53,0.0,0,9.7,,1027.9,,
2017-01-29,11.8,4.4,21.1,44,0.0,0,10.1,,1026.8,,0
2017-01-30,15.6,8.3,26.1,35,0.0,0,7.9,,1022.6,,0
2017-01-31,16.3,6.7,25.6,40,0.0,0,6.1,,1017.1,,0
2017-02-01,18.3,10.6,27.8,67,0.0,0,5.8,,1014.4,,0
2017-02-02,12.6,7.8,17.8,48,0.0,0,10.4,,1023.5,,
2017-02-03,9.3,7.2,11.7,57,0.0,0,9.7,,1028.0,,
2017-02-04,9.9,8.3,10.6,82,0.5,0,2.2,,1024.3,,
2017-02-05,15.9,10.6,22.2,91,0.0,0,4.3,,1017.9,,
2017-02-06,21.7,19.4,25.6,81,0.0,0,8.6,,1012.4,,
2017-02-07,22.4,13.3,30.0,59,0.0,0,3.6,,1008.7,,
2017-02-08,19.0,10.6,30.6,42,0.0,0,7.9,,1011.2,,
2017-02-09,12.8,6.1,20.0,41,0.0,0,8.3,,1025.4,,0
2017-02-10,,10.6,26.1,,0.0,0,5.4,,,,
2017-02-11,23.3,18.9,30.0,74,0.0,0,10.1,,,,
2017-02-12,21.5,18.9,26.1,72,0.0,0,8.3,,1018.7,,
2017-02-13,20.4,17.2,25.6,61,0.0,0,13.7,,1017.4,,
2017-02-14,12.0,8.3,19.4,80,21.8,0,14.0,,1013.8,,
2017-02-15,11.4,6.1,18.3,52,0.0,0,11.2,,1021.2,,
2017-02-16,12.3,4.4,21.1,53,0.0,0,5.4,,1019.4,,0
2017-02-17,16.5,10.0,25.0,64,0.0,0,9.0,,1011.1,,0
2017-02-18,22.2,16.7,30.0,62,0.0,0,9.7,,1007.9,,
2017-02-19,22.8,16.1,27.2,79,2.3,0,13.3,,1009.6,,
2017-02-20,16.6,14.4,21.1,86,28.4,0,5.8,,1013.7,,
2017-02-21,18.3,11.1,27.8,52,0.0,0,9.7,,1014.7,,0
2017-02-22,20.2,10.6,30.6,46,0.0,0,4.3,,1011.3,,0
2017-02-23,22.1,12.8,32.2,49,0.0,0,8.6,,1003.8,,0
2017-02-24,20.3,12.2,26.7,,0.0,0,9.0,,1008.5,,0
2017-02-25,11.6,6.7,17.2,40,0.0,0,9.0,,1020.1,,0
2017-02-26,13.9,5.6,22.2,72,0.0,0,5.4,,1014.5,,
2017-02-27,22.4,18.9,27.8,78,0.0,0,9.4,,1012.6,,
2017-02-28,23.3,20.6,26.7,78,0.0,0,10.8,,1011.7,,
2017-03-01,19.6,12.2,22.8,50,0.0,0,12.2,,1018.4,,
2017-03-02,13.6,9.4,18.9,26,0.0,0,8.6,,1028.9,,0
2017-03-03,14.0,4.4,21.7,36,0.0,0,9.0,,1032.1,,
2017-03-04,13.6,12.2,15.0,82,16.8,0,7.2,,1027.2,,
2017-03-05,17.6,13.9,23.9,90,6.9,0,5.8,,,,
2017-03-06,22.8,20.0,28.9,79,0.0,0,13.7,,1013.1,,
2017-03-07,19.4,16.1,25.0,60,0.0,0,9.0,,1019.6,,
2017-03-08,19.3,15.6,24.4,52,0.0,0,6.8,,1023.9,,
2017-03-09,21.6,19.4,26.7,80,0.0,0,8.6,,1019.5,,
2017-03-10,21.3,16.7,28.3,76,0.0,0,3.6,,1019.3,,
2017-03-11,17.7,16.1,18.9,94,18.5,0,5.8,,,,
2017-03-12,10.2,8.3,16.7,87,0.3,0,10.8,,1023.0,,
2017-03-13,13.3,8.9,21.1,,0.3,0,5.4,,1020.6,,
2017-03-14,13.9,4.4,22.8,,0.0,0,5.4,,1023.7,,0
2017-03-15,16.6,9.4,23.9,64,0.0,0,9.4,,1024.3,,
2017-03-16,19.1,14.4,26.1,79,0.5,0,9.7,,1021.8,,
2017-03-17,21.6,18.3,28.3,75,0.0,0,12.2,,1019.6,,
2017-03-18,22.3,18.3,28.9,75,0.0,0,7.2,,1023.1,,
2017-03-19,22.8,18.3,29.4,70,0.0,0,9.7,,1022.4,,
2017-03-20,23.0,17.8,29.4,66,0.0,0,11.2,,1019.5,,
2017-03-21,22.3,17.2,29.4,69,0.0,0,12.2,,1017.4,,
2017-03-22,23.0,20.0,28.3,69,0.0,0,11.5,,1017.9,,
2017-03-23,22.7,18.3,29.4,63,0.0,0,16.6,,1016.3,,
2017-03-24,21.8,15.6,28.3,75,1.3,0,9.0,,1012.2,,
2017-03-25,19.8,11.7,28.9,47,0.0,0,5.8,,1015.0,,0
2017-03-26,23.0,17.2,30.0,67,0.0,0,12.6,,1010.0,,
2017-03-27,24.3,21.1,30.0,73,0.0,0,8.3,,1009.9,,
2017-03-28,24.3,21.1,30.0,72,0.0,0,15.8,,1007.3,,
2017-03-29,21.7,15.6,28.9,64,18.5,0,7.6,,1007.2,,
2017-03-30,19.3,12.2,27.8,51,0.0,0,6.1,,1010.9,,0
2017-03-31,21.4,12.8,30.0,57,0.0,0,10.1,,1007.8,,0
2017-04-01,21.1,18.3,24.4,78,0.0,0,13.0,,1009.4,,
2017-04-02,19.9,13.9,25.0,80,18.0,0,9.7,,1006.7,,
2017-04-03,20.4,9.4,32.2,59,0.0,0,3.6,,1006.6,,0
2017-04-04,23.2,15.6,31.7,53,0.0,0,7.6,,1004.6,,0
2017-04-05,18.4,11.1,23.9,42,0.0,0,13.0,,1016.5,,0
2017-04-06,17.8,9.4,26.1,48,0.0,0,4.7,,1022.7,,0
2017-04-07,19.2,11.1,27.2,53,0.0,0,7.2,,1021.6,,0
2017-04-08,20.6,13.3,27.8,68,0.0,0,11.5,,1015.5,,
2017-04-09,22.1,18.9,27.2,76,0.0,0,12.2,,1012.1,,
2017-04-10,23.3,21.7,26.7,84,2.5,0,10.4,,1014.1,,
2017-04-11,19.6,16.7,22.2,92,8.6,0,6.5,,,,
2017-04-12,20.1,16.1,25.6,79,0.0,0,5.8,,1021.0,,
2017-04-13,22.5,19.4,27.8,76,0.0,0,9.4,,1019.7,,
2017-04-14,22.3,18.3,28.9,71,0.0,0,8.6,,1017.7,,
2017-04-15,23.4,19.4,28.9,73,0.0,0,11.5,,1016.1,,
2017-04-16,24.0,20.6,28.9,74,0.0,0,10.1,,1015.6,,
2017-04-17,21.6,17.2,26.7,81,0.0,0,7.9,,1015.4,,
2017-04-18,21.0,16.1,27.8,76,0.0,0,6.1,,1015.5,,
2017-04-19,23.4,20.0,29.4,75,0.0,0,9.0,,1016.0,,
2017-04-20,24.6,21.1,31.1,73,0.0,0,9.4,,1014.9,,
2017-04-21,25.4,21.7,31.7,69,0.0,0,11.2,,1010.3,,
2017-04-22,18.4,13.9,22.8,71,0.3,0,11.2,,1015.0,,
2017-04-23,17.6,10.0,25.0,48,0.0,0,8.3,,1019.5,,
2017-04-24,19.1,8.9,27.8,56,0.0,0,6.8,,1011.8,,0
2017-04-25,23.3,16.7,32.2,72,0.0,0,11.2,,1001.5,,
2017-04-26,26.1,16.7,32.8,55,0.0,0,13.3,,1000.5,,
2017-04-27,20.6,11.7,30.0,51,0.0,0,10.4,,1006.6,,0
2017-04-28,26.9,21.1,35.0,67,0.0,0,13.7,,1001.3,,
2017-04-29,26.5,18.9,33.3,68,0.3,0,14.8,,1001.5,,
2017-04-30,18.0,11.1,25.6,47,1.3,0,9.4,,1012.2,,
2017-05-01,22.0,10.6,32.8,48,0.0,0,9.4,,1013.5,,0
2017-05-02,24.9,16.7,33.3,50,0.0,0,11.9,,1012.6,,0
2017-05-03,26.2,17.8,35.0,65,0.0,0,12.2,,1008.6,,
2017-05-04,20.5,15.6,26.1,41,0.0,0,13.7,,1016.7,,0
2017-05-05,21.3,12.8,30.0,39,0.0,0,6.8,,1016.9,,0
2017-05-06,22.8,12.2,32.8,45,0.0,0,5.8,,1014.3,,0
2017-05-07,23.9,16.1,31.1,55,0.0,0,10.1,,1013.6,,0
2017-05-08,23.0,17.8,28.9,66,0.0,0,12.2,,1014.3,,
2017-05-09,21.9,18.9,24.4,85,1.0,0,9.7,,1014.0,,
2017-05-10,24.2,21.7,28.3,78,0.0,0,10.8,,1012.2,,
2017-05-11,24.5,21.7,31.1,81,5.6,0,4.7,,1011.3,,
2017-05-12,24.2,17.2,31.1,55,0.0,0,11.2,,1012.1,,0
2017-05-13,23.7,14.4,31.7,52,0.0,0,4.0,,1012.7,,0
2017-05-14,25.4,16.7,33.9,59,0.0,0,7.9,,1012.2,,0
2017-05-15,25.8,19.4,33.3,64,0.0,0,10.8,,1011.9,,
2017-05-16,24.8,21.1,30.0,72,0.0,0,14.8,,1008.8,,
2017-05-17,24.8,21.1,32.2,78,3.0,0,8.3,,1007.1,,
2017-05-18,27.3,22.8,34.4,73,0.0,0,15.5,,1006.9,,
2017-05-19,28.1,23.9,35.0,66,0.0,0,15.5,,1006.8,,
2017-05-20,23.6,18.9,28.9,80,31.0,0,6.1,,1011.5,,
2017-05-21,21.6,16.7,25.6,73,17.0,0,9.0,,1016.9,,
2017-05-22,19.9,16.1,25.0,82,0.5,0,6.8,,1015.1,,
2017-05-23,20.7,14.4,30.0,80,1.8,0,7.9,,1011.8,,
2017-05-24,21.4,13.3,30.6,53,0.0,0,7.6,,1010.3,,0
2017-05-25,25.4,16.7,34.4,54,0.0,0,11.9,,1006.2,,0
2017-05-26,27.4,23.9,33.3,74,0.0,0,10.1,,1008.9,,
2017-05-27,29.0,24.4,36.1,73,0.3,0,10.8,,1010.0,,
2017-05-28,26.8,18.9,34.4,75,11.9,0,6.8,,1010.7,,
2017-05-29,24.5,20.0,31.1,76,0.0,0,3.6,,1015.2,,
2017-05-30,25.6,20.0,31.1,68,0.0,0,2.5,,1016.3,,1
2017-05-31,24.8,20.0,29.4,74,0.5,0,2.5,,1015.5,,
2017-06-01,24.6,19.4,31.7,77,0.0,0,5.8,,1014.0,,
2017-06-02,27.6,23.3,33.3,70,0.0,0,8.3,,,,
2017-06-03,26.6,21.7,33.3,74,6.1,0,6.1,,1011.4,,
2017-06-04,23.3,20.0,32.8,85,4.3,0,1.8,,1009.6,,
2017-06-05,24.2,18.9,32.2,81,35.3,0,4.7,,1007.0,,
2017-06-06,26.4,21.1,33.3,67,0.0,0,8.6,,1009.5,,
2017-06-07,28.4,21.1,35.0,53,0.0,0,5.4,,1012.2,,1
2017-06-08,28.0,22.8,33.9,58,0.0,0,6.1,,1012.5,,1
2017-06-09,27.0,23.3,32.2,69,0.0,0,9.7,,1010.7,,
2017-06-10,26.8,21.1,33.9,62,0.0,0,10.1,,1010.8,,
2017-06-11,28.0,22.8,33.9,62,0.0,0,11.2,,1011.7,,
2017-06-12,28.5,23.9,34.4,62,0.0,0,11.2,,1011.6,,
2017-06-13,29.2,24.4,36.7,65,0.0,0,11.9,,1011.0,,
2017-06-14,29.7,25.6,35.6,64,0.0,0,13.0,,1011.9,,
2017-06-15,30.0,24.4,37.2,63,0.0,0,10.8,,1012.5,,
2017-06-16,30.3,25.0,36.7,61,0.0,0,11.9,,1009.8,,
2017-06-17,30.7,25.0,38.3,62,0.0,0,12.6,,1006.2,,
2017-06-18,30.6,25.6,37.8,61,0.0,0,11.5,,1006.9,,
2017-06-19,27.8,24.4,33.3,72,0.3,0,6.1,,1012.2,,
2017-06-20,29.9,24.4,36.7,60,0.0,0,8.3,,1013.1,,1
2017-06-21,29.9,23.9,36.1,52,0.0,0,9.4,,1009.0,,0
2017-06-22,30.1,24.4,37.2,55,0.0,0,7.9,,1004.5,,0
2017-06-23,32.0,25.6,40.0,59,0.0,0,11.2,,1007.0,,1
2017-06-24,26.9,22.2,29.4,73,3.6,0,7.6,,1015.8,,
2017-06-25,26.9,23.9,32.2,73,0.5,0,7.9,,1019.2,,
2017-06-26,26.3,22.2,32.8,79,27.2,0,4.0,,1017.5,,
2017-06-27,25.4,21.7,32.8,82,0.3,0,4.7,,1014.8,,
2017-06-28,27.2,21.7,33.3,71,0.0,0,6.8,,1012.0,,
2017-06-29,29.6,23.9,37.2,68,0.0,0,9.4,,1009.9,,
2017-06-30,30.3,26.1,36.7,65,0.0,0,13.3,,1011.4,,
2017-07-01,30.5,26.1,36.7,63,0.0,0,11.9,,1015.6,,
2017-07-02,30.8,25.6,37.8,63,0.0,0,9.4,,1017.2,,
2017-07-03,30.4,24.4,37.2,62,0.0,0,10.8,,1015.1,,
2017-07-04,31.1,25.6,38.3,61,0.0,0,10.8,,1014.1,,
2017-07-05,30.7,25.6,37.2,59,0.0,0,9.0,,1015.5,,
2017-07-06,30.3,25.0,37.8,61,0.0,0,6.1,,1017.4,,
2017-07-07,29.5,23.9,37.2,65,0.5,0,4.3,,1017.5,,
2017-07-08,30.6,23.9,37.8,56,0.0,0,5.0,,1016.5,,0
2017-07-09,31.3,25.0,38.3,54,0.0,0,6.8,,1015.4,,1
2017-07-10,30.9,24.4,37.8,52,0.0,0,8.3,,1014.1,,0
2017-07-11,30.8,25.0,38.3,56,0.0,0,11.2,,1013.8,,
2017-07-12,30.3,25.0,38.3,60,0.0,0,9.4,,1015.2,,
2017-07-13,30.6,25.0,38.9,60,0.0,0,5.4,,1017.2,,
2017-07-14,31.3,25.0,38.3,56,0.0,0,6.1,,1017.6,,1
2017-07-15,28.5,21.7,39.4,68,4.1,0,4.3,,1016.4,,0
2017-07-16,27.3,20.0,37.2,71,0.0,0,4.7,,1013.5,,1
2017-07-17,29.6,25.0,36.7,64,0.0,0,5.4,,1012.3,,
2017-07-18,30.3,24.4,37.8,62,0.0,0,8.3,,1015.1,,2
2017-07-19,30.9,25.0,38.3,59,0.0,0,7.6,,1017.7,,2
2017-07-20,32.0,25.0,39.4,55,0.0,0,8.3,,1016.9,,0
2017-07-21,32.2,25.0,40.0,53,0.0,0,8.3,,1014.2,,0
2017-07-22,31.9,25.0,39.4,54,0.0,0,9.0,,1012.3,,0
2017-07-23,29.6,25.0,39.4,65,1.0,0,5.8,,1011.6,,1
2017-07-24,28.9,24.4,38.9,67,0.3,0,5.0,,1013.3,,
2017-07-25,31.1,25.6,39.4,60,0.0,0,10.8,,1016.2,,
2017-07-26,31.4,25.6,39.4,57,0.0,0,9.0,,1016.5,,
2017-07-27,31.5,23.9,39.4,54,0.0,0,7.6,,1014.9,,0
2017-07-28,32.2,24.4,40.6,48,0.0,0,7.2,,1012.4,,0
2017-07-29,33.4,25.0,41.7,45,0.0,0,7.2,,1011.0,,0
2017-07-30,33.0,26.1,41.1,48,0.0,0,6.1,,1012.6,,1
2017-07-31,30.8,25.0,37.2,43,0.0,0,6.8,,1014.9,,1
2017-08-01,30.9,23.9,37.8,45,0.0,0,5.0,,1014.4,,
2017-08-02,27.8,25.6,30.6,72,0.0,0,5.8,,1015.0,,
2017-08-03,28.4,23.9,35.0,69,0.8,0,4.3,,1015.7,,
2017-08-04,30.3,24.4,37.2,58,0.0,0,3.6,,1015.2,,1
2017-08-05,31.2,25.0,38.9,58,0.0,0,10.1,,1012.9,,
2017-08-06,30.8,25.6,38.3,63,0.0,0,11.5,,1009.9,,
2017-08-07,24.2,20.6,29.4,88,61.2,0,2.5,,,,
2017-08-08,27.8,22.8,34.4,72,0.0,0,6.1,,1014.4,,
2017-08-09,29.1,23.3,35.6,63,0.0,0,4.0,,1015.4,,
2017-08-10,30.5,23.9,37.8,62,0.0,0,6.1,,1016.6,,1
2017-08-11,31.2,24.4,37.8,58,0.0,0,5.8,,1015.7,,0
2017-08-12,31.5,25.6,37.8,58,0.0,0,9.4,,1013.2,,0
2017-08-13,31.4,25.6,38.3,58,0.0,0,9.0,,1011.0,,0
2017-08-14,30.9,25.0,37.8,59,0.0,0,10.1,,1009.6,,0
2017-08-15,30.7,25.0,37.2,61,0.0,0,11.5,,1009.7,,
2017-08-16,31.2,26.7,38.3,60,0.0,0,12.2,,1011.8,,
2017-08-17,31.8,26.7,38.9,58,0.0,0,9.7,,1014.2,,
2017-08-18,31.3,25.6,38.3,57,0.0,0,7.9,,1014.6,,0
2017-08-19,31.7,24.4,38.3,53,0.0,0,6.8,,1014.0,,0
2017-08-20,31.5,24.4,38.3,54,0.0,0,8.3,,1014.0,,0
2017-08-21,30.7,25.6,37.2,59,0.0,0,6.8,,1016.5,,
2017-08-22,31.0,24.4,37.8,56,0.0,0,5.8,,1015.8,,1
2017-08-23,29.2,23.9,37.8,62,1.0,0,3.6,,1013.4,,
2017-08-24,27.9,24.4,35.6,71,0.5,0,3.6,,1011.2,,
2017-08-25,27.4,24.4,32.2,72,5.8,0,9.4,,1010.6,,
2017-08-26,23.4,22.2,24.4,93,129.0,0,22.7,,1007.6,,
2017-08-27,22.4,21.1,23.3,93,65.3,0,18.7,,,,
2017-08-28,24.2,21.1,30.0,74,1.5,0,16.6,,1010.1,,
2017-08-29,26.4,21.1,32.2,62,0.0,0,12.2,,1010.8,,1
2017-08-30,27.3,21.1,33.9,55,0.0,0,8.3,,1011.3,,0
2017-08-31,26.7,20.0,33.9,56,0.0,0,5.4,,1013.5,,1
2017-09-01,27.5,20.0,34.4,57,0.0,0,2.5,,1015.1,,1
2017-09-02,27.6,20.6,34.4,59,0.0,0,3.6,,1016.0,,0
2017-09-03,27.4,21.1,33.3,60,0.0,0,4.3,,1017.3,,0
2017-09-04,27.2,21.7,33.3,63,0.0,0,3.2,,1015.8,,0
2017-09-05,28.2,22.2,35.6,65,0.0,0,4.3,,1014.6,,0
2017-09-06,25.9,19.4,30.6,42,0.0,0,10.1,,1017.8,,
2017-09-07,22.8,13.9,29.4,44,0.0,0,4.3,,1019.4,,0
2017-09-08,23.0,15.0,29.4,54,0.0,0,5.0,,1018.9,,0
2017-09-09,24.2,17.2,30.6,51,0.0,0,4.7,,1019.1,,0
2017-09-10,24.2,18.9,30.0,54,0.0,0,6.1,,1019.0,,0
2017-09-11,23.6,16.1,30.6,54,0.0,0,5.0,,1017.0,,1
2017-09-12,24.9,17.2,33.9,49,0.0,0,5.4,,1011.8,,0
2017-09-13,25.1,17.2,33.9,58,0.0,0,4.7,,1008.9,,0
2017-09-14,27.8,23.3,34.4,65,0.0,0,10.1,,1009.3,,
2017-09-15,27.2,22.8,33.3,68,0.0,0,9.4,,1011.3,,
2017-09-16,28.2,23.9,33.9,67,0.0,0,7.6,,1013.5,,
2017-09-17,27.5,22.2,33.9,69,0.0,0,6.8,,1015.1,,
2017-09-18,28.6,23.9,35.0,68,0.0,0,6.8,,1013.8,,
2017-09-19,28.7,25.0,35.0,72,0.0,0,9.4,,1011.6,,
2017-09-20,29.3,25.0,35.6,68,0.0,0,10.4,,1011.0,,
2017-09-21,28.6,23.9,35.6,72,0.5,0,9.7,,1012.2,,
2017-09-22,26.9,23.9,32.8,76,0.0,0,9.4,,1012.7,,
2017-09-23,27.1,22.8,32.2,72,0.0,0,7.6,,1011.8,,
2017-09-24,26.6,23.3,32.2,76,0.0,0,9.7,,1010.7,,
2017-09-25,26.2,23.3,32.8,77,0.0,0,8.6,,1010.0,,
2017-09-26,24.2,21.7,28.3,89,41.1,0,6.1,,,,
2017-09-27,24.9,21.7,29.4,86,2.3,0,4.7,,1013.5,,
2017-09-28,24.8,22.8,28.9,83,1.5,0,7.9,,1015.2,,
2017-09-29,22.7,21.1,24.4,86,6.1,0,9.4,,1017.6,,
2017-09-30,23.8,18.9,30.6,58,0.0,0,6.5,,1018.2,,0
2017-10-01,23.8,16.7,31.1,64,0.0,0,2.9,,1014.1,,0
2017-10-02,25.9,20.6,31.7,71,0.0,0,6.5,,1012.5,,
2017-10-03,25.3,23.3,30.6,87,16.3,0,6.5,,1017.0,,
2017-10-04,26.7,24.4,31.7,76,0.0,0,7.2,,1020.7,,
2017-10-05,26.2,21.1,31.7,69,0.0,0,4.3,,1018.0,,
2017-10-06,25.0,20.0,30.6,68,0.0,0,4.7,,1013.2,,0
2017-10-07,25.4,20.0,31.1,70,0.0,0,3.6,,1007.7,,
2017-10-08,26.4,20.0,32.8,61,0.0,0,4.7,,1005.7,,0
2017-10-09,27.4,22.8,33.3,71,0.0,0,8.6,,1007.3,,
2017-10-10,20.4,15.6,26.1,57,0.3,0,12.6,,1019.3,,
2017-10-11,19.8,13.9,26.7,50,0.0,0,4.7,,1021.1,,0
2017-10-12,23.1,16.1,31.1,60,0.0,0,3.2,,1017.7,,0
2017-10-13,26.0,20.6,32.2,71,0.0,0,4.7,,1017.1,,
2017-10-14,27.0,22.8,32.2,72,0.0,0,5.4,,1016.2,,
2017-10-15,23.3,17.2,26.1,65,0.0,0,9.7,,1020.1,,
2017-10-16,18.3,12.2,25.0,43,0.0,0,7.9,,1026.0,,0
2017-10-17,17.2,10.0,26.1,54,0.0,0,2.2,,1023.8,,0
2017-10-18,18.2,9.4,28.3,59,0.0,0,3.2,,1020.4,,0
2017-10-19,21.3,13.9,28.9,67,0.0,0,5.4,,1018.9,,
2017-10-20,22.6,18.9,28.9,78,1.0,0,4.3,,1015.4,,
2017-10-21,26.1,22.2,31.7,73,0.0,0,9.4,,1011.7,,
2017-10-22,22.2,12.8,26.7,70,17.5,0,7.9,,1017.9,,
2017-10-23,18.3,10.0,27.8,60,0.0,0,2.9,,1020.1,,0
2017-10-24,19.7,12.2,26.1,36,0.0,0,10.1,,1025.4,,0
2017-10-25,17.7,10.6,27.2,39,0.0,0,5.4,,1022.6,,0
2017-10-26,19.3,10.0,28.3,47,0.0,0,7.6,,1011.5,,
2017-10-27,14.5,7.8,18.9,45,0.0,0,14.4,,1016.2,,
2017-10-28,10.1,3.9,17.8,33,0.0,0,7.2,,1022.5,,0
2017-10-29,13.3,3.9,24.4,41,0.0,0,4.0,,1018.0,,0
2017-10-30,17.2,8.9,26.7,49,0.0,0,4.7,,1014.1,,0
2017-10-31,13.7,10.6,16.7,64,9.7,0,7.9,,1018.0,,
2017-11-01,16.6,11.1,25.6,88,0.0,0,3.2,,1011.8,,
2017-11-02,23.8,18.9,29.4,82,0.0,0,9.0,,1013.1,,
2017-11-03,26.0,23.3,31.1,76,0.0,0,5.8,,1016.1,,
2017-11-04,24.5,21.7,28.3,82,0.0,0,7.2,,1014.7,,
2017-11-05,24.7,22.2,31.1,76,0.0,0,7.6,,1012.9,,
2017-11-06,25.0,22.2,31.1,70,0.0,0,8.3,,1014.2,,
2017-11-07,21.1,15.6,26.1,73,0.0,0,9.4,,1017.4,,
2017-11-08,10.6,7.8,15.6,75,2.0,0,11.2,,,,
2017-11-09,10.6,7.8,13.9,82,0.0,0,6.8,,1025.1,,
2017-11-10,14.3,11.1,17.2,72,0.0,0,4.7,,1023.9,,
2017-11-11,19.1,15.0,23.9,70,0.0,0,5.8,,1019.8,,
2017-11-12,20.7,18.3,25.6,83,1.0,0,3.6,,1021.7,,
2017-11-13,21.2,17.2,25.6,73,0.0,0,3.6,,1024.1,,
2017-11-14,21.6,16.7,26.7,69,0.0,0,8.6,,1019.2,,
2017-11-15,21.2,20.0,22.8,81,0.0,0,4.7,,1015.8,,
2017-11-16,22.4,17.8,28.3,80,0.0,0,4.7,,1017.0,,
2017-11-17,24.0,21.1,29.4,74,0.0,0,11.5,,1013.0,,
2017-11-18,21.8,12.2,28.9,,0.0,0,15.1,,1014.1,,
2017-11-19,12.4,6.1,18.3,,0.0,0,5.0,,1026.2,,0
2017-11-20,12.1,4.4,20.6,56,0.0,0,3.6,,1020.4,,0
2017-11-21,16.4,10.6,24.4,68,0.0,0,7.2,,1013.5,,1
2017-11-22,13.6,6.1,18.9,39,0.0,0,11.2,,1025.0,,
2017-11-23,11.9,3.3,22.2,45,0.0,0,1.8,,1021.7,,0
2017-11-24,15.0,5.6,25.0,,0.0,0,4.0,,1014.4,,0
2017-11-25,17.8,9.4,27.2,,0.0,0,4.7,,1014.5,,0
2017-11-26,18.3,12.2,25.6,,0.0,0,2.2,,1023.0,,
2017-11-27,17.3,11.7,25.0,72,0.0,0,6.5,,1019.6,,1
2017-11-28,18.4,11.7,26.7,68,0.0,0,6.1,,1016.9,,0
2017-11-29,16.7,10.0,22.8,48,0.0,0,5.8,,1022.3,,0
2017-11-30,15.8,7.8,25.0,56,0.0,0,1.8,,1022.2,,
2017-12-01,17.5,11.7,25.0,54,0.0,0,2.5,,1021.1,,
2017-12-02,18.2,10.6,26.7,68,0.0,0,2.9,,1019.4,,0
2017-12-03,18.7,16.1,22.8,92,0.3,0,5.4,,1017.3,,
2017-12-04,23.4,19.4,29.4,76,0.0,0,8.3,,1012.4,,
2017-12-05,14.9,5.6,22.2,57,3.6,0,12.6,,1021.1,,
2017-12-06,5.2,4.4,6.1,90,23.9,0,9.0,,1028.3,,
2017-12-07,5.1,0.0,8.3,75,2.3,0,9.4,,1028.4,,
2017-12-08,3.6,-0.5,9.4,71,0.0,0,4.3,,1025.1,,
2017-12-09,10.4,1.1,19.4,49,0.0,0,9.7,,1025.4,,0
2017-12-10,10.8,3.3,21.1,52,0.0,0,3.2,,1029.8,,0
2017-12-11,13.9,6.7,24.4,46,0.0,0,8.3,,1025.0,,0
2017-12-12,12.2,3.9,18.3,41,0.0,0,8.3,,1026.4,,0
2017-12-13,9.3,2.2,16.7,60,0.0,0,4.3,,1019.6,,0
2017-12-14,11.8,6.7,18.3,55,0.0,0,6.8,,1016.2,,0
2017-12-15,10.5,5.6,16.1,44,0.0,0,6.1,,1025.2,,1
2017-12-16,7.4,5.0,11.7,79,33.5,0,2.5,,,,
2017-12-17,9.6,7.2,15.0,92,0.0,0,2.9,,1018.8,,
2017-12-18,11.7,9.4,13.9,97,0.0,0,0.4,,1021.0,,
2017-12-19,17.2,13.3,21.7,95,41.7,0,5.8,,,,
2017-12-20,15.9,10.0,25.0,69,0.0,0,4.7,,1015.7,,0
2017-12-21,17.9,8.9,26.1,73,0.0,0,6.8,,1011.7,,
2017-12-22,14.2,5.0,21.7,90,4.3,0,10.1,,1014.4,,
2017-12-23,7.1,2.8,13.3,66,0.0,0,4.0,,1024.4,,0
2017-12-24,7.4,3.3,17.2,69,0.0,0,7.6,,1025.2,,0
2017-12-25,7.1,1.1,12.8,62,0.0,0,7.6,,1027.9,,
2017-12-26,7.9,5.0,10.6,92,0.0,0,7.9,,1023.8,,
2017-12-27,4.0,3.3,5.0,77,0.0,0,12.2,,1031.5,,
2017-12-28,5.8,2.8,10.0,64,0.0,0,2.9,,1029.9,,
2017-12-29,,4.4,9.4,,0.0,0,4.0,,,,
2017-12-30,,6.1,17.2,,0.0,0,9.0,,,,
2017-12-31,2.7,-2.7,6.1,88,0.0,0,13.3,,1029.4,,
2018-01-01,-2.3,-3.8,0.0,55,0.0,0,12.2,,1040.1,,
2018-01-02,-1.7,-3.2,0.0,59,0.0,0,7.9,,1036.0,,
2018-01-03,2.8,-5.5,13.3,56,0.0,0,3.6,,1031.4,,0
2018-01-04,6.3,-1.0,12.8,53,0.0,0,3.2,,1028.2,,0
2018-01-05,10.1,6.7,16.7,42,0.0,0,4.0,,1027.5,,
2018-01-06,11.2,4.4,17.2,73,0.0,0,5.4,,1026.0,,
2018-01-07,15.6,12.2,19.4,81,0.0,0,7.9,,1016.6,,
2018-01-08,14.0,6.7,20.6,47,0.0,0,9.4,,1019.9,,0
2018-01-09,11.6,3.9,21.1,60,0.0,0,4.3,,1019.6,,0
2018-01-10,14.0,8.9,21.7,77,0.0,0,10.4,,1012.1,,
2018-01-11,13.8,6.7,22.2,65,0.0,0,12.2,,1012.3,,
2018-01-12,6.8,1.1,14.4,30,0.0,0,12.2,,1025.8,,0
2018-01-13,5.1,0.0,12.2,36,0.0,0,5.4,,1034.5,,0
2018-01-14,7.0,-1.6,16.1,53,0.0,0,4.7,,1032.1,,0
2018-01-15,11.5,3.3,21.7,73,2.5,0,7.2,,1026.2,,
2018-01-16,-1.7,-3.2,3.3,54,3.6,0,16.2,,1039.4,,
2018-01-17,-2.4,-7.7,3.3,43,0.0,0,5.8,,1040.9,,0
2018-01-18,2.3,-3.2,7.2,42,0.0,0,4.0,,1033.3,,
2018-01-19,7.8,4.4,12.2,67,0.3,0,3.2,,1023.5,,
2018-01-20,14.2,10.6,20.0,88,0.0,0,6.8,,1017.0,,
2018-01-21,18.6,15.0,22.2,88,0.3,0,8.3,,1012.1,,
2018-01-22,13.7,7.2,18.3,38,0.0,0,9.4,,1018.3,,
2018-01-23,10.2,3.9,18.9,36,0.0,0,5.0,,1025.2,,
2018-01-24,9.3,2.2,18.3,44,0.0,0,4.0,,1030.7,,0
2018-01-25,9.7,0.0,18.9,50,0.0,0,6.5,,1029.2,,
2018-01-26,14.4,10.6,20.0,77,0.0,0,6.8,,1022.6,,
2018-01-27,17.2,15.0,21.1,84,0.5,0,7.9,,1021.5,,
2018-01-28,15.4,10.0,21.7,47,0.0,0,8.3,,1025.3,,
2018-01-29,11.9,4.4,20.0,40,0.0,0,8.6,,1031.8,,0
2018-01-30,9.9,1.1,19.4,44,0.0,0,5.4,,1030.0,,0
2018-01-31,14.4,7.8,22.2,62,0.0,0,10.8,,1018.9,,
2018-02-01,16.6,11.7,22.8,60,0.0,0,9.4,,1017.1,,0
2018-02-02,11.1,7.2,15.0,39,0.0,0,11.2,,1028.7,,
2018-02-03,10.3,6.1,13.3,76,1.5,0,7.9,,1018.7,,
2018-02-04,13.3,5.6,24.4,80,0.0,0,5.0,,1014.9,,
2018-02-05,8.7,4.4,12.8,60,0.0,0,7.2,,1020.7,,
2018-02-06,8.8,3.9,12.2,91,1.8,0,8.3,,1018.8,,
2018-02-07,4.9,2.2,8.9,68,0.3,0,11.9,,1027.6,,
2018-02-08,8.2,1.1,15.0,62,0.0,0,6.8,,1029.3,,
2018-02-09,13.9,11.1,17.8,76,0.8,0,4.7,,1019.3,,
2018-02-10,11.6,4.4,16.7,88,1.0,0,7.6,,1013.2,,
2018-02-11,2.2,-0.5,6.1,72,2.5,0,12.2,,1021.5,,
2018-02-12,2.8,-0.5,6.7,66,0.0,0,8.3,,1029.1,,
2018-02-13,6.4,3.9,8.3,89,1.0,0,2.2,,1029.7,,
2018-02-14,13.4,7.8,22.2,91,1.0,0,4.7,,1024.6,,
2018-02-15,20.6,17.8,25.0,84,0.0,0,9.4,,1018.1,,
2018-02-16,18.9,13.9,21.7,67,0.0,0,7.6,,1019.0,,
2018-02-17,13.1,10.0,16.7,70,0.0,0,4.7,,1019.8,,
2018-02-18,15.7,10.6,23.9,84,0.0,0,7.9,,1017.6,,
2018-02-19,22.8,20.6,26.7,74,0.0,0,15.1,,1011.3,,
2018-02-20,21.9,20.6,22.8,85,5.1,0,13.0,,1012.2,,
2018-02-21,8.0,3.9,21.7,90,3.3,0,13.0,,1021.5,,
2018-02-22,4.6,2.8,6.7,94,15.2,0,7.9,,1024.8,,
2018-02-23,11.6,6.1,18.3,94,7.6,0,3.6,,1020.3,,
2018-02-24,20.9,16.7,23.3,83,0.3,0,10.1,,1012.0,,
2018-02-25,15.5,11.1,20.0,71,0.3,0,5.8,,1015.7,,
2018-02-26,14.4,8.3,21.1,74,0.0,0,5.8,,1021.5,,
2018-02-27,19.5,15.0,26.7,81,1.8,0,8.6,,1016.0,,
2018-02-28,22.8,20.6,28.3,78,0.0,0,9.7,,1009.1,,
2018-03-01,17.4,12.2,22.2,64,0.0,0,12.2,,1017.0,,
2018-03-02,16.6,11.1,23.9,65,0.0,0,6.1,,1024.0,,0
2018-03-03,16.6,11.7,22.2,82,3.8,0,7.6,,1021.2,,
2018-03-04,21.1,17.2,27.2,82,1.0,0,11.2,,1015.3,,
2018-03-05,22.4,16.1,29.4,59,0.0,0,9.7,,1012.7,,
2018-03-06,16.9,10.6,23.3,23,0.0,0,8.3,,1019.0,,0
2018-03-07,13.8,8.3,20.6,24,0.0,0,8.3,,1025.1,,0
2018-03-08,14.6,9.4,21.7,37,0.0,0,9.0,,1022.5,,0
2018-03-09,17.1,11.1,22.8,71,0.0,0,10.8,,1013.8,,
2018-03-10,24.4,18.3,32.2,64,0.0,0,10.4,,1007.4,,
2018-03-11,19.3,12.8,21.1,54,0.0,0,15.1,,1013.6,,
2018-03-12,13.4,7.8,20.0,40,0.0,0,11.2,,1025.4,,0
2018-03-13,13.6,5.6,21.7,45,0.0,0,6.1,,1024.8,,
2018-03-14,14.5,5.0,22.2,36,0.0,0,5.0,,1024.7,,0
2018-03-15,17.0,10.0,23.9,63,0.0,0,10.4,,1015.7,,
2018-03-16,23.3,17.2,31.7,60,0.0,0,6.1,,1010.9,,
2018-03-17,23.2,19.4,29.4,73,0.3,0,9.7,,1010.6,,
2018-03-18,23.0,20.0,28.9,79,0.5,0,4.7,,1008.2,,
2018-03-19,22.1,15.6,27.8,38,0.0,0,11.9,,1007.6,,
2018-03-20,16.4,9.4,23.9,39,0.0,0,8.3,,1016.4,,0
2018-03-21,16.1,6.1,25.6,,0.0,0,7.6,,1020.8,,0
2018-03-22,18.9,11.1,27.2,60,0.0,0,11.2,,1023.0,,
2018-03-23,20.3,15.0,27.2,72,0.0,0,11.9,,1017.7,,
2018-03-24,23.2,20.0,28.9,72,0.0,0,9.4,,1012.2,,
2018-03-25,22.4,20.0,25.0,81,0.0,0,8.6,,1011.0,,
2018-03-26,24.2,20.6,31.1,66,0.0,0,14.8,,1010.6,,
2018-03-27,22.2,17.2,27.8,74,6.1,0,13.0,,1012.8,,
2018-03-28,17.8,14.4,22.2,88,83.3,0,7.6,,1010.0,,
2018-03-29,20.0,13.3,30.0,69,0.0,0,6.1,,1011.8,,
2018-03-30,18.1,12.8,23.3,57,0.0,0,7.9,,1022.8,,0
2018-03-31,20.4,13.9,28.3,69,0.0,0,10.8,,1018.8,,
2018-04-01,21.9,17.8,27.8,72,0.0,0,10.4,,1014.0,,
2018-04-02,21.6,13.9,28.9,74,0.0,0,10.8,,1009.8,,
2018-04-03,22.7,16.7,27.8,72,0.0,0,10.8,,1008.5,,
2018-04-04,15.6,10.0,21.7,34,0.0,0,10.1,,1022.8,,0
2018-04-05,19.2,13.9,25.6,61,0.0,0,9.0,,1017.1,,
2018-04-06,24.3,17.8,28.9,75,2.0,0,11.5,,1007.9,,
2018-04-07,9.3,4.4,17.8,78,0.0,0,15.1,,1015.3,,
2018-04-08,10.6,5.0,18.9,68,0.0,0,6.5,,1013.6,,
2018-04-09,15.4,11.7,18.3,75,0.0,0,7.2,,1015.6,,
2018-04-10,17.9,11.7,25.6,51,0.0,0,6.1,,1024.8,,0
2018-04-11,18.7,8.3,27.8,55,0.0,0,8.3,,1020.4,,
2018-04-12,22.2,17.2,30.0,72,0.0,0,16.9,,1011.3,,
2018-04-13,24.1,15.6,31.1,77,1.8,0,11.9,,1004.0,,
2018-04-14,17.3,12.2,22.2,31,0.0,0,15.1,,1014.8,,0
2018-04-15,15.8,8.3,25.6,33,0.0,0,7.2,,1021.7,,0
2018-04-16,18.9,8.3,28.9,50,0.0,0,10.1,,1021.2,,0
2018-04-17,21.8,14.4,30.6,63,0.0,0,12.2,,1013.6,,0
2018-04-18,22.9,18.9,28.3,53,0.0,0,9.7,,1015.0,,
2018-04-19,19.8,15.0,25.6,30,0.0,0,9.4,,1023.8,,0
2018-04-20,16.8,13.9,22.2,50,0.0,0,11.9,,1021.5,,
2018-04-21,18.0,14.4,22.8,84,0.8,0,6.5,,1014.4,,
2018-04-22,18.3,11.1,26.1,56,0.0,0,9.0,,1017.7,,
2018-04-23,20.7,11.1,30.6,47,0.0,0,3.6,,1017.4,,0
2018-04-24,23.1,15.0,30.6,51,0.0,0,5.8,,1016.7,,0
2018-04-25,20.3,12.8,31.7,66,7.1,0,6.1,,1017.5,,
2018-04-26,17.4,10.0,25.6,59,0.0,0,5.0,,1016.5,,
2018-04-27,20.2,12.8,26.7,52,0.0,0,2.5,,1017.4,,
2018-04-28,22.0,13.3,30.0,52,0.0,0,4.3,,1016.8,,0
2018-04-29,22.0,15.0,28.9,57,0.0,0,7.9,,1018.2,,0
2018-04-30,21.3,17.8,26.7,77,0.3,0,12.2,,1016.6,,
2018-05-01,23.3,21.1,27.2,81,0.0,0,13.7,,1013.4,,
2018-05-02,25.9,22.8,32.2,74,0.0,0,14.4,,1013.6,,
2018-05-03,26.5,23.9,31.1,72,0.0,0,13.7,,1013.6,,
2018-05-04,20.6,16.7,23.9,89,93.2,0,8.3,,1018.0,,
2018-05-05,22.8,17.2,30.0,64,0.3,0,6.1,,1019.7,,
2018-05-06,23.4,15.6,32.2,55,0.0,0,3.2,,1019.6,,0
2018-05-07,24.3,14.4,32.8,55,0.0,0,4.0,,1019.2,,0
2018-05-08,25.0,17.8,31.1,49,0.0,0,8.3,,1016.6,,0
2018-05-09,24.6,18.9,31.1,57,0.0,0,11.9,,1015.3,,
2018-05-10,24.8,18.9,32.2,63,0.0,0,9.7,,1015.2,,
2018-05-11,26.0,21.1,32.2,63,0.0,0,13.0,,1012.9,,
2018-05-12,27.0,22.8,32.8,64,0.0,0,12.6,,1013.1,,
2018-05-13,27.2,23.3,32.8,67,0.0,0,10.8,,1014.1,,
2018-05-14,27.3,23.3,32.8,66,0.0,0,9.7,,1013.2,,
2018-05-15,26.9,22.2,32.2,67,0.5,0,8.3,,1012.5,,
2018-05-16,27.3,18.9,36.1,58,0.0,0,4.7,,1011.7,,0
2018-05-17,29.0,21.1,35.6,50,0.0,0,5.0,,1010.2,,0
2018-05-18,28.1,21.7,35.0,58,0.0,0,11.5,,1008.2,,
2018-05-19,27.8,22.2,34.4,62,0.0,0,14.4,,1009.4,,
2018-05-20,23.8,20.6,27.8,83,22.1,0,9.0,,1014.2,,
2018-05-21,23.6,20.6,31.1,80,0.0,0,5.8,,1014.6,,
2018-05-22,26.2,22.2,31.1,70,0.0,0,7.6,,1014.1,,
2018-05-23,26.5,22.8,32.2,69,0.0,0,7.9,,1015.2,,
2018-05-24,27.4,22.8,33.9,67,0.0,0,6.1,,1016.1,,
2018-05-25,28.8,23.3,35.0,64,0.0,0,6.8,,1013.0,,
2018-05-26,30.3,23.3,37.2,56,0.0,0,7.2,,1008.6,,0
2018-05-27,29.7,23.3,36.1,57,0.0,0,8.3,,1008.1,,0
2018-05-28,29.7,22.8,35.6,57,0.0,0,5.4,,1008.3,,0
2018-05-29,29.9,23.3,36.1,56,0.0,0,8.3,,1006.7,,0
2018-05-30,29.3,23.9,36.7,60,0.0,0,11.9,,1007.0,,
2018-05-31,29.8,24.4,36.7,61,0.0,0,12.6,,1008.9,,
2018-06-01,30.2,25.0,37.2,60,0.0,0,10.8,,1010.4,,
2018-06-02,30.8,25.0,38.3,59,0.0,0,9.4,,1010.9,,
2018-06-03,30.4,23.3,37.8,62,0.8,0,5.4,,1014.4,,
2018-06-04,26.3,21.7,31.7,69,32.3,0,5.8,,1014.6,,
2018-06-05,30.0,23.9,37.2,61,0.0,0,9.0,,1009.9,,
2018-06-06,30.4,25.0,37.2,59,0.0,0,10.1,,1009.2,,
2018-06-07,30.1,24.4,36.7,59,0.0,0,10.8,,1012.1,,
2018-06-08,29.5,23.9,35.0,60,0.0,0,9.4,,1015.5,,
2018-06-09,28.3,25.0,35.6,67,0.5,0,9.0,,1015.5,,
2018-06-10,30.2,25.0,37.2,61,0.0,0,10.8,,1011.4,,
2018-06-11,30.3,25.6,36.7,58,0.0,0,13.7,,1008.9,,
2018-06-12,30.6,25.6,37.8,58,0.0,0,12.6,,1011.6,,
2018-06-13,30.4,25.6,37.2,57,0.0,0,9.0,,1014.5,,
2018-06-14,29.6,24.4,37.2,59,0.0,0,9.0,,1014.3,,
2018-06-15,29.0,23.9,36.7,63,2.3,0,10.8,,1012.3,,
2018-06-16,28.3,24.4,34.4,69,3.8,0,11.5,,1011.3,,
2018-06-17,27.9,23.9,34.4,70,1.3,0,7.2,,1011.8,,
2018-06-18,27.5,24.4,33.9,74,1.0,0,9.0,,1012.0,,
2018-06-19,24.4,23.3,26.7,89,9.7,0,7.6,,1011.3,,
2018-06-20,25.6,23.9,28.9,84,1.8,0,6.8,,1010.0,,
2018-06-21,28.1,23.3,34.4,72,0.0,0,5.8,,1011.8,,
2018-06-22,30.5,24.4,38.3,64,0.0,0,9.4,,1010.4,,
2018-06-23,30.2,24.4,37.8,63,0.0,0,11.9,,1008.0,,
2018-06-24,30.6,25.6,37.8,61,0.0,0,14.4,,1009.7,,
2018-06-25,29.3,25.0,35.0,65,0.8,0,11.5,,1013.2,,
2018-06-26,30.7,25.6,37.8,60,0.0,0,10.8,,1014.8,,
2018-06-27,30.7,24.4,38.3,58,0.0,0,10.8,,1013.9,,1
2018-06-28,30.3,24.4,37.8,60,0.0,0,10.1,,1013.6,,
2018-06-29,30.3,25.6,37.8,61,0.0,0,13.0,,1013.0,,
2018-06-30,30.9,25.6,38.3,59,0.0,0,14.0,,1012.2,,
2018-07-01,31.1,25.0,40.0,56,0.0,0,12.2,,1012.6,,
2018-07-02,31.0,24.4,38.9,54,0.0,0,8.3,,1013.6,,
2018-07-03,31.4,24.4,39.4,55,0.0,0,8.6,,1013.0,,
2018-07-04,26.9,22.2,36.1,77,43.2,0,5.8,,1014.4,,
2018-07-05,27.4,22.2,34.4,67,0.0,0,4.0,,1020.0,,
2018-07-06,29.9,24.4,35.6,59,0.8,0,6.1,,1019.1,,
2018-07-07,27.1,23.9,34.4,70,2.5,0,4.7,,1017.4,,
2018-07-08,26.4,22.8,33.9,77,10.7,0,5.0,,1017.0,,
2018-07-09,24.2,22.8,28.3,90,45.0,0,3.2,,1019.9,,
2018-07-10,27.8,22.8,33.9,71,0.0,0,4.3,,1019.3,,
2018-07-11,29.3,23.3,35.6,64,0.0,0,6.8,,1016.1,,0
2018-07-12,29.7,23.9,35.6,59,0.0,0,7.6,,1015.9,,0
2018-07-13,29.6,24.4,35.6,61,0.0,0,9.0,,1016.8,,
2018-07-14,30.0,25.0,36.1,62,0.0,0,8.6,,1016.4,,
2018-07-15,29.9,25.6,36.1,62,0.0,0,9.7,,1015.2,,
2018-07-16,30.3,24.4,37.2,59,0.0,0,9.0,,1015.6,,
2018-07-17,30.2,23.3,38.3,58,0.0,0,7.6,,1016.0,,0
2018-07-18,31.6,25.0,38.9,54,0.0,0,7.9,,1013.6,,0
2018-07-19,31.8,25.0,39.4,55,0.0,0,7.9,,1011.7,,0
2018-07-20,31.8,25.0,39.4,54,0.0,0,8.3,,1012.5,,0
2018-07-21,31.3,23.9,40.0,56,0.0,0,7.9,,1013.8,,0
2018-07-22,32.1,24.4,41.1,52,0.0,0,6.8,,1012.4,,0
2018-07-23,34.0,25.6,43.3,45,0.0,0,5.4,,1010.0,,0
2018-07-24,33.3,28.9,38.3,43,0.0,0,7.2,,1012.7,,0
2018-07-25,31.7,25.0,38.3,50,0.0,0,2.5,,1015.0,,1
2018-07-26,31.6,24.4,38.3,40,0.0,0,5.8,,1014.4,,
2018-07-27,31.7,24.4,39.4,38,0.0,0,7.9,,1014.8,,0
2018-07-28,31.2,23.3,38.9,51,0.0,0,7.9,,1015.3,,0
2018-07-29,32.0,25.0,39.4,52,0.0,0,6.5,,1013.8,,0
2018-07-30,31.9,25.6,37.8,51,0.0,0,7.2,,1013.1,,1
2018-07-31,31.0,26.7,36.7,52,0.0,0,6.1,,1013.9,,
2018-08-01,30.2,22.2,37.8,42,0.0,0,5.4,,1014.6,,0
2018-08-02,29.7,21.1,37.8,38,0.0,0,5.0,,1014.4,,0
2018-08-03,30.6,23.3,37.2,44,0.0,0,8.3,,1014.7,,0
2018-08-04,29.6,23.3,38.3,59,0.0,0,8.3,,1014.5,,
2018-08-05,29.9,25.0,36.7,58,0.3,0,9.7,,1017.4,,
2018-08-06,29.7,24.4,36.7,62,0.0,0,7.9,,1017.1,,
2018-08-07,30.2,25.0,37.8,59,0.0,0,9.0,,1015.4,,
2018-08-08,31.1,25.6,38.9,55,0.0,0,9.4,,1014.5,,
2018-08-09,30.7,24.4,38.3,57,0.0,0,9.4,,1014.8,,
2018-08-10,29.8,25.6,35.6,58,0.0,0,7.9,,1014.9,,
2018-08-11,27.2,23.9,35.6,75,5.8,0,3.2,,1014.9,,
2018-08-12,26.0,23.3,32.2,81,2.3,0,5.8,,1015.5,,
2018-08-13,30.0,25.0,37.2,61,0.0,0,11.9,,1014.5,,
2018-08-14,29.9,24.4,37.8,60,0.0,0,11.9,,1013.7,,
2018-08-15,31.0,25.0,38.9,56,0.0,0,9.7,,1013.6,,1
2018-08-16,31.7,25.6,39.4,55,0.0,0,9.4,,1015.0,,
2018-08-17,31.7,24.4,40.6,53,0.0,0,9.7,,1015.8,,0
2018-08-18,32.0,25.0,40.0,50,0.0,0,8.6,,1014.2,,
2018-08-19,31.5,25.0,39.4,53,0.0,0,9.7,,1010.9,,
2018-08-20,31.7,26.1,40.0,55,0.0,0,7.2,,1013.5,,
2018-08-21,32.5,25.6,40.0,50,0.0,0,6.1,,1016.5,,0
2018-08-22,32.5,26.7,40.0,47,0.0,0,5.0,,1017.6,,
2018-08-23,32.7,25.0,40.0,45,0.0,0,7.2,,1015.2,,
2018-08-24,31.7,25.0,39.4,49,0.0,0,9.0,,1012.5,,
2018-08-25,31.3,25.6,38.9,54,0.0,0,10.8,,1014.4,,
2018-08-26,31.5,26.1,38.9,54,0.0,0,10.1,,1015.2,,
2018-08-27,31.2,26.1,38.9,57,0.0,0,9.0,,1013.0,,
2018-08-28,31.4,26.1,39.4,56,0.0,0,10.4,,1012.9,,
2018-08-29,30.4,26.1,38.9,61,0.0,0,10.8,,1014.5,,
2018-08-30,29.9,25.0,37.2,60,0.0,0,6.1,,1015.0,,
2018-08-31,30.0,23.3,37.8,56,0.0,0,7.9,,1012.9,,0
2018-09-01,30.4,23.9,37.8,57,0.0,0,6.1,,1011.4,,1
2018-09-02,29.8,25.0,37.2,62,0.0,0,6.8,,1011.0,,2
2018-09-03,27.0,24.4,36.1,77,17.0,0,5.8,,1012.2,,
2018-09-04,26.4,23.3,33.9,81,10.2,0,6.5,,1013.9,,
2018-09-05,27.6,24.4,35.6,75,2.3,0,5.8,,1014.9,,
2018-09-06,27.8,23.9,36.1,73,0.5,0,3.6,,1015.9,,
2018-09-07,26.3,23.9,31.7,81,15.2,0,1.4,,1014.5,,
2018-09-08,26.4,23.3,31.7,76,0.0,0,4.3,,1012.2,,
2018-09-09,24.1,22.8,26.1,84,32.5,0,3.2,,1011.4,,
2018-09-10,23.2,21.7,25.0,79,2.3,0,4.0,,1013.3,,
2018-09-11,23.9,21.7,29.4,87,19.3,0,4.7,,1013.7,,
2018-09-12,26.0,23.3,31.1,80,0.3,0,4.3,,1014.2,,
2018-09-13,26.4,23.3,33.3,76,0.0,0,6.1,,1014.7,,
2018-09-14,24.7,22.8,29.4,85,3.0,0,5.8,,1014.1,,
2018-09-15,25.1,23.3,30.0,84,4.8,0,6.5,,1013.6,,
2018-09-16,26.0,23.3,32.8,79,2.3,0,2.9,,1013.4,,
2018-09-17,27.0,21.7,33.9,70,0.0,0,2.9,,1014.1,,
2018-09-18,28.4,22.8,35.0,65,0.0,0,3.2,,1014.0,,
2018-09-19,28.1,22.2,34.4,67,0.0,0,5.4,,1012.9,,
2018-09-20,26.1,23.3,32.2,81,8.4,0,6.1,,1012.9,,
2018-09-21,27.2,25.0,31.1,82,5.8,0,6.5,,1012.5,,
2018-09-22,23.1,20.0,26.1,82,41.9,0,9.4,,1013.0,,
2018-09-23,22.4,20.0,26.1,77,0.0,0,3.6,,1012.6,,
2018-09-24,25.1,21.7,30.6,73,0.0,0,2.9,,1012.1,,
2018-09-25,28.3,23.9,35.0,70,0.0,0,8.3,,1012.4,,
2018-09-26,26.3,20.0,31.1,73,0.5,0,8.3,,1015.6,,
2018-09-27,21.5,16.7,27.8,58,0.0,0,7.6,,1017.2,,
2018-09-28,23.0,17.2,28.3,77,1.5,0,4.3,,1017.0,,
2018-09-29,23.8,22.2,25.6,87,34.3,0,4.7,,1018.5,,
2018-09-30,24.3,21.7,30.6,79,0.0,0,2.9,,1018.5,,
2018-10-01,24.8,21.7,30.6,82,4.6,0,4.0,,1018.8,,
2018-10-02,26.2,22.8,31.1,78,0.0,0,5.8,,1018.1,,
2018-10-03,27.5,23.9,32.8,72,0.0,0,8.6,,1015.1,,
2018-10-04,27.3,23.3,32.8,70,4.8,0,6.1,,1015.0,,
2018-10-05,27.4,23.9,32.2,74,0.0,0,9.4,,1013.6,,
2018-10-06,26.8,24.4,31.7,78,0.8,0,7.9,,1012.5,,
2018-10-07,26.0,22.2,31.1,79,4.8,0,10.1,,1011.8,,
2018-10-08,24.3,22.2,28.9,87,24.4,0,6.1,,1009.6,,
2018-10-09,23.5,20.0,27.2,88,16.0,0,5.4,,1006.0,,
2018-10-10,21.3,17.2,26.7,76,0.0,0,5.4,,1011.5,,
2018-10-11,19.8,16.1,23.9,66,0.0,0,5.8,,1017.2,,
2018-10-12,23.3,17.2,30.0,66,0.0,0,7.6,,1013.7,,
2018-10-13,26.5,20.0,32.2,76,37.6,0,11.2,,1007.9,,
2018-10-14,25.0,19.4,32.2,79,3.6,0,7.2,,1009.4,,
2018-10-15,9.8,6.7,21.1,88,41.9,0,14.0,,1020.3,,
2018-10-16,9.1,7.8,10.0,90,18.8,0,9.4,,1022.8,,
2018-10-17,11.8,10.0,15.0,90,0.5,0,9.4,,1025.2,,
2018-10-18,13.9,11.7,15.6,83,4.1,0,7.2,,1025.8,,
2018-10-19,16.4,15.0,17.8,90,13.0,0,2.9,,1021.6,,
2018-10-20,17.7,16.7,19.4,83,0.0,0,8.3,,1021.7,,
2018-10-21,17.7,13.3,23.3,55,0.0,0,7.2,,1024.4,,0
2018-10-22,15.4,12.8,18.3,69,0.5,0,0.4,,1022.1,,
2018-10-23,15.8,12.2,21.1,69,3.6,0,1.8,,1021.5,,
2018-10-24,15.3,13.9,17.2,89,13.0,0,5.0,,1016.7,,
2018-10-25,15.9,12.8,20.6,81,0.0,0,6.1,,1013.9,,
2018-10-26,18.1,11.1,26.7,72,0.0,0,3.6,,1014.9,,
2018-10-27,20.6,12.2,30.0,66,0.0,0,4.0,,1017.0,,0
2018-10-28,21.9,15.0,29.4,61,0.0,0,3.6,,1019.3,,
2018-10-29,21.9,16.7,28.9,72,0.0,0,6.5,,1018.2,,
2018-10-30,23.1,19.4,28.9,77,0.0,0,9.4,,1013.6,,
2018-10-31,21.8,13.9,27.8,82,4.8,0,9.7,,1010.1,,
2018-11-01,14.9,9.4,21.1,58,0.0,0,8.3,,1014.1,,
2018-11-02,15.6,7.8,24.4,59,0.0,0,4.0,,1018.4,,
2018-11-03,18.3,10.6,26.1,62,0.0,0,9.4,,1013.7,,
2018-11-04,17.8,13.3,23.3,64,10.9,0,5.0,,1016.6,,
2018-11-05,20.1,12.8,26.7,78,0.0,0,4.7,,1009.8,,
2018-11-06,20.7,15.6,26.1,88,0.0,0,2.5,,1010.9,,
2018-11-07,24.0,17.2,30.0,80,0.0,0,5.4,,1012.3,,
2018-11-08,15.5,13.3,17.2,86,14.7,0,9.4,,1016.3,,
2018-11-09,11.8,10.0,15.0,70,8.9,0,15.1,,1024.6,,
2018-11-10,9.6,7.8,12.2,51,0.0,0,6.8,,1027.8,,
2018-11-11,10.1,8.3,12.8,75,5.6,0,3.6,,1020.0,,
2018-11-12,7.8,2.8,10.0,83,2.8,0,10.8,,1021.6,,
2018-11-13,3.5,1.1,8.9,55,0.0,0,12.6,,1033.9,,
2018-11-14,5.0,-1.6,12.8,48,0.0,0,5.0,,1032.5,,
2018-11-15,8.5,-0.5,18.3,58,0.0,0,3.2,,1025.5,,
2018-11-16,11.5,2.8,21.7,55,0.0,0,2.5,,1021.9,,
2018-11-17,15.2,6.7,23.3,69,0.0,0,5.0,,1019.4,,
2018-11-18,11.5,6.7,17.8,70,0.8,0,7.9,,1022.9,,
2018-11-19,9.1,6.1,11.7,65,0.0,0,6.5,,1023.4,,
2018-11-20,10.4,5.0,17.2,60,0.0,0,5.8,,1027.0,,
2018-11-21,9.5,4.4,13.3,69,0.0,0,2.2,,1027.4,,
2018-11-22,13.3,10.0,17.2,70,0.0,0,3.2,,1024.1,,
2018-11-23,16.9,10.0,26.1,65,0.0,0,5.8,,1013.3,,
2018-11-24,16.6,8.9,24.4,53,0.0,0,5.8,,1009.5,,0
2018-11-25,15.9,9.4,20.6,54,0.0,0,10.8,,1012.9,,
2018-11-26,9.1,3.3,16.1,42,0.0,0,9.0,,1026.3,,0
2018-11-27,9.0,0.6,17.8,51,0.0,0,3.6,,1023.5,,
2018-11-28,14.6,7.8,22.8,62,0.0,0,7.2,,1015.1,,
2018-11-29,18.1,12.2,24.4,80,0.0,0,6.1,,1011.2,,
2018-11-30,21.1,18.9,25.6,82,0.3,0,9.4,,1006.0,,
2018-12-01,18.5,10.6,25.6,44,0.5,0,5.8,,1004.8,,0
2018-12-02,14.7,9.4,21.1,47,0.0,0,6.8,,1010.2,,0
2018-12-03,12.4,8.9,17.2,48,0.0,0,9.4,,1020.1,,
2018-12-04,8.7,3.9,14.4,54,0.0,0,7.2,,1027.4,,
2018-12-05,8.8,4.4,12.8,52,0.0,0,4.0,,1029.0,,
2018-12-06,12.2,10.6,13.3,79,9.4,0,3.2,,1022.8,,
2018-12-07,10.5,7.8,13.3,90,63.8,0,10.8,,1022.6,,
2018-12-08,6.8,5.0,8.3,83,1.0,0,12.2,,1022.3,,
2018-12-09,6.9,2.8,13.3,69,0.0,0,9.0,,1027.5,,
2018-12-10,7.2,1.7,15.6,62,0.0,0,3.6,,1029.8,,0
2018-12-11,8.5,0.0,17.2,69,0.0,0,4.7,,1027.0,,0
2018-12-12,14.5,10.0,18.9,80,0.0,0,5.8,,1015.4,,
2018-12-13,14.8,6.7,21.1,69,0.0,0,14.0,,1008.0,,
2018-12-14,8.7,6.1,11.7,62,0.0,0,16.9,,1017.2,,
2018-12-15,11.6,5.6,20.6,34,0.0,0,7.9,,1023.3,,0
2018-12-16,10.9,3.9,17.8,52,0.0,0,2.9,,1025.6,,0
2018-12-17,13.3,6.7,21.1,54,0.0,0,1.4,,1023.7,,0
2018-12-18,11.0,3.3,17.8,82,0.5,0,3.2,,1018.2,,
2018-12-19,13.6,11.7,16.1,93,1.5,0,4.0,,1010.6,,
2018-12-20,13.6,10.0,18.3,49,0.0,0,13.0,,1015.9,,0
2018-12-21,11.7,5.0,19.4,39,0.0,0,7.9,,1017.3,,0
2018-12-22,15.7,7.2,27.2,43,0.0,0,5.0,,1014.0,,0
2018-12-23,12.7,7.8,17.2,47,0.0,0,9.4,,1024.4,,0
2018-12-24,9.8,2.2,16.1,69,0.0,0,1.8,,1022.9,,
2018-12-25,18.1,15.0,23.3,82,0.3,0,8.6,,1017.3,,
2018-12-26,18.7,11.7,21.1,89,46.5,0,17.3,,1009.7,,
2018-12-27,14.6,9.4,21.1,68,17.0,0,6.8,,1008.9,,
2018-12-28,8.5,4.4,12.8,55,0.0,0,11.9,,1018.9,,
2018-12-29,6.6,5.6,8.3,58,0.0,0,12.6,,1024.1,,
2018-12-30,4.8,3.3,5.6,81,6.6,0,5.8,,1018.3,,
2018-12-31,9.7,4.4,17.8,80,1.3,0,2.9,,1013.2,,
2019-01-01,6.0,3.9,7.8,78,0.0,0,10.4,,1022.5,,
2019-01-02,3.0,2.2,5.0,89,59.4,0,10.4,,1021.4,,
2019-01-03,5.0,1.1,11.1,82,6.1,0,7.9,,1017.9,,
2019-01-04,7.9,0.0,18.9,64,0.0,0,4.3,,1018.4,,0
2019-01-05,11.8,2.8,23.9,57,0.0,0,2.9,,1020.5,,0
2019-01-06,13.4,5.6,22.2,74,0.0,0,7.9,,1018.3,,
2019-01-07,19.4,15.0,25.0,79,0.0,0,4.7,,1017.6,,
2019-01-08,17.4,11.7,25.0,68,0.0,0,6.1,,1022.6,,
2019-01-09,12.5,7.8,16.7,38,0.0,0,9.0,,1030.9,,0
2019-01-10,11.0,5.6,15.6,48,0.0,0,5.0,,1026.2,,
2019-01-11,12.0,8.9,16.1,78,8.1,0,4.7,,1017.8,,
2019-01-12,12.5,6.7,16.1,68,0.0,0,11.5,,1019.3,,
2019-01-13,7.1,2.8,12.2,65,0.0,0,9.4,,1028.9,,
2019-01-14,6.7,3.3,11.1,68,0.0,0,4.7,,1031.1,,
2019-01-15,9.0,7.2,10.6,72,0.0,0,3.2,,1027.2,,
2019-01-16,11.7,10.0,13.9,89,1.0,0,1.4,,1023.0,,
2019-01-17,16.6,11.7,25.0,71,0.0,0,4.7,,1020.3,,
2019-01-18,14.9,10.0,18.9,88,0.0,0,6.5,,1013.3,,
2019-01-19,10.6,3.9,16.7,47,0.0,0,17.6,,1019.4,,
2019-01-20,6.0,0.0,12.2,47,0.0,0,7.2,,1028.1,,0
2019-01-21,10.6,2.2,19.4,65,0.0,0,9.7,,1020.0,,
2019-01-22,15.6,5.6,20.6,74,5.1,0,11.2,,1011.5,,
2019-01-23,6.4,1.1,13.3,47,0.3,0,11.9,,1021.4,,
2019-01-24,8.4,0.0,17.8,52,0.0,0,6.1,,1020.7,,0
2019-01-25,9.8,4.4,16.1,60,0.0,0,5.8,,1025.4,,
2019-01-26,11.7,5.6,17.8,74,4.6,0,4.7,,1022.8,,
2019-01-27,12.3,6.1,19.4,68,1.0,0,4.3,,1020.7,,
2019-01-28,13.2,6.7,22.8,59,0.0,0,8.6,,1013.4,,
2019-01-29,6.4,2.2,10.0,38,0.0,0,8.3,,1026.2,,0
2019-01-30,8.3,4.4,12.8,47,0.0,0,7.9,,1024.0,,
2019-01-31,11.2,7.8,14.4,82,0.5,0,4.3,,1020.2,,
2019-02-01,15.8,13.9,18.3,88,0.3,0,4.7,,1019.6,,
2019-02-02,16.2,15.0,17.8,91,0.0,0,5.4,,1018.1,,
2019-02-03,19.1,16.7,24.4,84,0.0,0,7.2,,1012.3,,
2019-02-04,20.7,18.9,25.0,82,0.0,0,6.8,,1011.5,,
2019-02-05,21.5,19.4,26.1,82,0.0,0,7.9,,1011.4,,
2019-02-06,21.7,20.0,24.4,85,0.0,0,10.1,,1010.1,,
2019-02-07,15.4,3.9,22.2,61,0.8,0,12.2,,1018.2,,
2019-02-08,1.8,0.6,3.9,55,0.8,0,14.4,,1035.4,,
2019-02-09,2.6,0.6,5.0,79,1.5,0,6.8,,1032.9,,
2019-02-10,5.8,2.8,8.3,90,2.0,0,2.2,,1023.1,,
2019-02-11,12.9,8.3,17.2,90,1.3,0,2.2,,1013.0,,
2019-02-12,12.6,4.4,18.3,52,0.0,0,9.4,,1022.3,,0
2019-02-13,9.9,0.0,18.9,58,0.0,0,6.5,,1023.4,,0
2019-02-14,16.6,11.1,23.9,69,0.0,0,10.1,,1012.4,,1
2019-02-15,20.9,12.2,32.8,60,0.0,0,4.7,,1007.1,,0
2019-02-16,10.0,5.6,16.7,68,0.0,0,8.6,,1008.8,,
2019-02-17,13.3,9.4,17.2,58,0.0,0,11.5,,1011.1,,
2019-02-18,9.9,6.7,15.0,46,0.0,0,12.2,,1021.9,,0
2019-02-19,5.9,4.4,7.2,78,4.3,0,9.4,,1016.4,,
2019-02-20,10.1,5.0,18.3,62,0.0,0,5.4,,1015.5,,
2019-02-21,11.1,7.8,13.3,66,0.0,0,4.7,,1014.2,,
2019-02-22,12.0,10.0,15.0,86,0.5,0,4.3,,1013.7,,
2019-02-23,16.4,11.7,23.9,48,1.0,0,9.4,,1013.4,,
2019-02-24,12.6,7.2,18.3,37,0.0,0,9.7,,1026.2,,0
2019-02-25,13.0,6.1,20.0,60,0.0,0,9.4,,1024.5,,
2019-02-26,15.1,12.2,20.6,85,0.0,0,4.7,,1020.1,,
2019-02-27,18.7,10.6,26.1,80,0.0,0,3.6,,1017.2,,
2019-02-28,5.9,3.9,10.6,83,2.5,0,9.4,,1019.6,,
2019-03-01,9.0,5.6,12.2,79,0.0,0,4.3,,1018.1,,
2019-03-02,9.6,7.2,12.2,88,0.0,0,7.6,,1018.2,,
2019-03-03,5.9,0.6,7.2,80,0.0,0,14.4,,1019.9,,
2019-03-04,0.4,-1.6,3.3,52,0.0,0,14.8,,1029.1,,
2019-03-05,2.7,-3.2,8.9,40,0.0,0,7.6,,1033.4,,0
2019-03-06,7.3,-1.6,15.0,49,0.0,0,8.3,,1029.9,,
2019-03-07,16.0,10.0,23.9,75,0.0,0,10.1,,1018.9,,
2019-03-08,21.9,17.8,28.9,77,0.0,0,12.2,,1011.6,,
2019-03-09,23.1,14.4,30.6,56,1.0,0,7.6,,1008.4,,
2019-03-10,19.8,12.8,25.6,70,0.0,0,6.1,,1014.5,,
2019-03-11,16.0,13.9,18.3,71,0.0,0,9.0,,1020.4,,
2019-03-12,19.1,14.4,25.6,82,0.3,0,13.3,,1016.3,,
2019-03-13,21.3,12.8,28.3,68,8.6,0,11.9,,1004.1,,
2019-03-14,20.5,15.0,24.4,34,0.5,0,14.0,,1013.4,,
2019-03-15,12.8,10.0,15.6,33,0.0,0,13.7,,1027.4,,
2019-03-16,12.6,8.3,17.2,32,0.0,0,5.4,,1028.7,,
2019-03-17,14.0,6.1,20.0,37,0.0,0,3.6,,1026.2,,0
2019-03-18,14.5,7.8,21.7,47,0.0,0,6.5,,1024.9,,0
2019-03-19,15.2,8.3,22.2,48,0.0,0,4.7,,1024.0,,
2019-03-20,17.3,12.2,25.6,60,0.0,0,4.0,,1023.0,,
2019-03-21,18.4,10.0,26.7,42,0.0,0,3.6,,1022.8,,
2019-03-22,18.8,10.0,27.2,48,0.0,0,7.9,,1019.6,,
2019-03-23,19.8,16.7,23.9,67,0.0,0,10.1,,1017.4,,
2019-03-24,22.0,18.9,28.3,71,0.0,0,8.6,,1016.9,,
2019-03-25,22.9,17.8,27.8,61,0.0,0,8.3,,1018.8,,
2019-03-26,19.2,13.3,26.1,50,0.0,0,6.1,,1024.5,,0
2019-03-27,18.7,11.7,26.1,60,0.0,0,8.6,,1023.5,,0
2019-03-28,19.3,13.3,26.7,65,0.0,0,11.2,,1020.0,,
2019-03-29,20.5,16.7,26.7,70,0.0,0,11.2,,1014.2,,
2019-03-30,17.0,10.0,21.7,65,0.0,0,14.0,,1015.7,,
2019-03-31,10.1,6.1,15.0,43,0.0,0,12.2,,1026.4,,0
2019-04-01,10.7,4.4,17.8,48,0.0,0,4.0,,1024.3,,
2019-04-02,14.0,4.4,23.3,46,0.0,0,7.6,,1022.3,,0
2019-04-03,16.8,12.8,21.1,72,0.8,0,11.5,,1018.7,,
2019-04-04,24.3,18.3,33.3,66,1.0,0,5.4,,1013.8,,
2019-04-05,21.7,17.8,28.3,72,0.0,0,7.2,,1013.7,,
2019-04-06,21.0,18.9,22.8,88,86.4,0,4.7,,1010.7,,
2019-04-07,18.9,16.7,21.1,81,33.0,0,10.8,,1012.0,,
2019-04-08,22.2,15.6,31.7,53,0.0,0,7.6,,1013.7,,0
2019-04-09,23.5,13.9,32.2,53,0.0,0,4.0,,1012.2,,0
2019-04-10,25.0,16.7,33.9,50,0.0,0,11.9,,1003.5,,0
2019-04-11,22.2,15.0,28.9,41,0.0,0,8.3,,1003.6,,0
2019-04-12,18.9,12.2,26.1,54,0.3,0,7.9,,1009.0,,
2019-04-13,16.9,8.9,20.0,74,10.9,0,13.7,,1004.3,,
2019-04-14,14.9,7.8,23.9,49,0.0,0,9.0,,1016.4,,0
2019-04-15,19.1,11.1,27.8,53,0.0,0,10.1,,1016.2,,0
2019-04-16,21.7,17.8,28.9,69,0.0,0,13.0,,1014.4,,
2019-04-17,23.5,16.1,28.9,81,6.1,0,11.9,,1008.0,,
2019-04-18,19.3,13.9,24.4,65,8.4,0,12.2,,1008.7,,
2019-04-19,18.7,11.1,25.0,39,0.0,0,10.8,,1017.7,,
2019-04-20,18.8,8.3,28.9,52,0.0,0,6.5,,1017.6,,0
2019-04-21,21.2,14.4,29.4,68,0.0,0,12.2,,1014.3,,
2019-04-22,22.5,19.4,26.7,68,0.0,0,13.0,,1015.5,,
2019-04-23,22.1,20.0,26.7,78,0.0,0,13.0,,1014.0,,
2019-04-24,17.9,14.4,21.1,88,37.6,0,6.8,,1011.0,,
2019-04-25,21.3,13.9,31.1,64,0.0,0,6.8,,1011.7,,0
2019-04-26,22.0,17.2,28.3,54,0.0,0,6.1,,1018.2,,0
2019-04-27,22.7,15.6,30.0,60,0.0,0,9.4,,1012.8,,
2019-04-28,23.3,18.9,30.0,68,0.0,0,10.8,,1012.2,,
2019-04-29,23.7,20.6,29.4,72,0.0,0,12.6,,1012.0,,
2019-04-30,25.2,23.3,28.3,75,0.5,0,14.8,,1011.0,,
2019-05-01,25.5,23.9,28.3,76,0.3,0,14.0,,1010.8,,
2019-05-02,20.8,17.2,26.1,80,3.8,0,9.7,,1014.1,,
2019-05-03,20.4,17.8,27.8,88,82.8,0,7.2,,1012.1,,
2019-05-04,21.7,16.1,28.3,73,0.0,0,6.1,,1011.2,,1
2019-05-05,23.2,15.6,30.0,69,0.0,0,6.8,,1011.4,,
2019-05-06,22.1,19.4,24.4,81,0.0,0,9.0,,1012.8,,
2019-05-07,23.7,20.0,30.6,81,46.2,0,10.1,,1012.0,,
2019-05-08,22.1,18.9,25.6,85,36.6,0,6.1,,1005.8,,
2019-05-09,24.4,17.2,30.6,80,0.3,0,7.9,,1008.5,,
2019-05-10,16.0,12.8,20.0,72,0.0,0,11.2,,1015.0,,
2019-05-11,15.9,13.9,18.9,85,3.3,0,5.8,,1013.0,,
2019-05-12,20.5,15.6,26.7,64,0.0,0,5.8,,1012.2,,
2019-05-13,21.4,13.3,28.9,62,0.0,0,4.0,,1013.5,,0
2019-05-14,22.9,17.2,27.8,66,0.0,0,4.0,,1014.8,,
2019-05-15,24.0,17.8,30.0,68,0.0,0,4.7,,1015.5,,1
2019-05-16,24.7,19.4,30.6,68,0.0,0,7.2,,1014.5,,
2019-05-17,26.2,22.8,32.2,72,0.0,0,13.3,,1009.3,,
2019-05-18,26.2,24.4,29.4,81,1.5,0,11.9,,1005.3,,
2019-05-19,28.3,24.4,32.8,71,0.0,0,7.9,,1008.8,,
2019-05-20,27.4,25.0,32.2,73,0.0,0,16.2,,1007.1,,
2019-05-21,25.7,17.8,31.1,60,4.1,0,9.4,,1003.5,,
2019-05-22,27.9,23.3,32.8,66,0.0,0,15.5,,1006.5,,
2019-05-23,28.1,24.4,33.3,70,0.0,0,16.2,,1012.1,,
2019-05-24,27.7,23.9,32.2,67,0.0,0,15.5,,1013.9,,
2019-05-25,27.1,23.9,32.8,68,0.0,0,13.7,,1014.8,,
2019-05-26,27.2,23.3,32.8,65,0.0,0,13.0,,1015.4,,
2019-05-27,26.6,23.3,32.2,68,0.0,0,11.2,,1011.4,,
2019-05-28,26.6,23.3,31.7,72,0.0,0,11.9,,1007.1,,
2019-05-29,28.0,24.4,33.3,70,0.0,0,11.2,,1005.9,,
2019-05-30,25.2,22.2,30.0,78,12.2,0,7.2,,1011.9,,
2019-05-31,27.2,22.2,32.8,69,0.0,0,5.4,,1013.9,,
2019-06-01,28.2,23.9,33.3,68,0.0,0,6.5,,1012.9,,
2019-06-02,28.6,23.3,34.4,66,0.0,0,5.8,,1012.3,,
2019-06-03,28.6,23.3,33.9,68,0.0,0,7.2,,1013.0,,
2019-06-04,25.7,23.3,28.9,82,9.4,0,3.2,,1013.2,,
2019-06-05,26.6,23.3,32.8,79,3.6,0,5.0,,1009.3,,
2019-06-06,25.1,19.4,32.2,77,14.7,0,3.2,,1007.6,,
2019-06-07,28.0,21.7,35.0,62,0.0,0,4.7,,1007.4,,0
2019-06-08,28.7,21.1,36.7,59,0.0,0,1.8,,1008.6,,0
2019-06-09,28.7,21.7,36.7,67,26.4,0,7.2,,1011.0,,1
2019-06-10,26.3,23.3,31.1,61,0.0,0,10.4,,1020.6,,
2019-06-11,23.3,20.6,27.2,64,0.8,0,3.6,,1018.8,,
2019-06-12,25.2,18.9,32.2,67,0.0,0,2.2,,1015.5,,1
2019-06-13,27.0,21.7,32.8,49,0.0,0,5.0,,1017.4,,0
2019-06-14,27.3,21.1,33.3,58,0.0,0,9.7,,1014.6,,1
2019-06-15,28.8,24.4,35.0,66,0.0,0,13.0,,1010.8,,
2019-06-16,28.9,20.6,35.0,67,5.8,0,11.9,,1009.4,,
2019-06-17,25.0,20.6,32.2,73,4.8,0,3.2,,1011.6,,
2019-06-18,28.0,22.2,35.0,68,0.0,0,5.8,,1012.0,,0
2019-06-19,30.3,25.6,36.1,66,0.0,0,10.8,,1008.5,,
2019-06-20,30.1,25.0,36.1,69,0.0,0,11.5,,1008.4,,
2019-06-21,30.0,26.7,35.0,69,0.0,0,13.7,,1009.8,,
2019-06-22,28.6,23.9,33.9,72,0.0,0,10.8,,1011.0,,
2019-06-23,29.8,26.7,35.6,71,0.0,0,11.5,,1009.4,,
2019-06-24,23.1,19.4,28.3,82,9.7,0,7.9,,1011.2,,
2019-06-25,25.8,20.0,34.4,69,0.0,0,8.6,,1014.2,,
2019-06-26,26.3,21.7,33.9,74,0.3,0,7.9,,1017.8,,
2019-06-27,27.1,22.2,35.0,76,15.0,0,6.1,,1019.5,,
2019-06-28,27.9,22.8,34.4,71,0.0,0,4.0,,1018.9,,
2019-06-29,28.3,20.0,35.6,61,10.7,0,5.8,,1017.1,,0
2019-06-30,23.9,20.0,30.0,80,11.9,0,4.7,,1015.9,,
2019-07-01,27.7,23.3,33.3,68,0.0,0,7.9,,1015.2,,
2019-07-02,27.8,23.9,33.9,72,0.0,0,9.4,,1013.8,,
2019-07-03,26.5,23.9,33.3,78,0.3,0,7.6,,1012.4,,
2019-07-04,28.4,24.4,33.9,71,0.0,0,9.7,,1012.8,,
2019-07-05,29.8,25.6,35.6,66,0.0,0,11.2,,1015.6,,
2019-07-06,29.6,25.0,35.0,66,0.0,0,8.3,,1017.3,,
2019-07-07,30.1,25.0,36.1,64,0.0,0,8.3,,1015.2,,2
2019-07-08,28.1,22.2,36.1,72,9.7,0,6.1,,1013.0,,
2019-07-09,29.5,23.9,36.1,70,0.0,0,7.2,,1012.5,,
2019-07-10,30.7,25.0,36.7,62,0.0,0,6.5,,1013.6,,
2019-07-11,29.6,23.9,36.7,59,0.0,0,6.8,,1013.1,,1
2019-07-12,30.4,24.4,37.2,54,0.0,0,5.4,,1009.9,,1
2019-07-13,29.8,23.9,36.1,55,0.0,0,7.9,,1009.4,,
2019-07-14,31.2,26.1,37.8,56,0.0,0,5.4,,1010.5,,1
2019-07-15,29.8,25.0,36.7,64,0.0,0,3.6,,1011.8,,0
2019-07-16,30.8,25.6,37.8,61,0.0,0,10.8,,1013.7,,
2019-07-17,30.7,25.6,37.8,62,0.0,0,10.8,,1014.8,,
2019-07-18,30.7,25.6,37.8,60,0.0,0,10.8,,1014.1,,
2019-07-19,30.6,25.0,37.8,61,0.0,0,11.9,,1013.5,,
2019-07-20,30.9,25.6,37.8,57,0.0,0,10.8,,1012.8,,
2019-07-21,30.6,24.4,37.8,58,0.0,0,9.4,,1012.7,,
2019-07-22,30.8,25.0,37.2,57,0.0,0,4.3,,1014.1,,0
2019-07-23,30.2,26.7,35.0,47,0.0,0,9.4,,1016.5,,
2019-07-24,27.8,23.3,33.3,43,0.0,0,7.9,,1018.0,,
2019-07-25,26.3,17.2,33.9,44,0.0,0,5.0,,1017.8,,0
2019-07-26,27.3,18.9,33.9,47,0.0,0,4.0,,1018.4,,0
2019-07-27,29.2,21.7,36.1,51,0.0,0,4.0,,1018.3,,1
2019-07-28,30.8,25.0,38.3,56,0.0,0,10.8,,1016.2,,
2019-07-29,30.9,25.0,38.3,57,0.0,0,9.7,,1014.7,,
2019-07-30,31.6,25.6,39.4,55,0.0,0,7.2,,1014.5,,1
2019-07-31,31.5,24.4,39.4,54,0.0,0,5.8,,1014.5,,1
2019-08-01,31.1,25.0,37.8,53,0.0,0,6.1,,1015.0,,0
2019-08-02,31.4,25.0,37.8,53,0.0,0,4.3,,1013.9,,0
2019-08-03,30.4,26.7,36.7,57,0.0,0,5.8,,1012.4,,0
2019-08-04,28.9,23.9,35.0,67,5.1,0,5.0,,1013.0,,
2019-08-05,30.9,25.0,37.8,59,0.0,0,4.7,,1012.8,,1
2019-08-06,31.4,25.6,38.9,57,0.0,0,5.8,,1012.2,,0
2019-08-07,31.8,26.1,38.9,57,0.0,0,9.4,,1011.8,,
2019-08-08,32.2,26.1,40.0,57,0.0,0,10.8,,1011.4,,
2019-08-09,32.2,26.7,40.6,56,0.0,0,10.4,,1011.8,,
2019-08-10,32.1,26.1,40.0,55,0.0,0,9.4,,1012.3,,
2019-08-11,32.2,25.6,40.0,55,0.0,0,8.6,,1013.1,,
2019-08-12,32.7,26.1,40.6,53,0.0,0,9.4,,1011.6,,1
2019-08-13,32.6,26.1,40.6,54,0.0,0,9.0,,1011.1,,1
2019-08-14,32.0,26.1,40.0,55,0.0,0,4.3,,1013.0,,
2019-08-15,31.4,25.6,39.4,55,0.0,0,3.6,,1013.4,,
2019-08-16,32.8,26.1,40.0,48,0.0,0,7.6,,1011.6,,0
2019-08-17,32.2,26.7,40.0,53,0.0,0,11.5,,1010.0,,
2019-08-18,32.2,26.7,39.4,55,0.0,0,11.2,,1010.5,,
2019-08-19,32.1,26.7,39.4,55,0.0,0,9.7,,1013.1,,
2019-08-20,32.0,26.1,39.4,54,0.0,0,7.9,,1014.6,,1
2019-08-21,31.3,25.6,38.3,53,0.0,0,8.3,,1014.3,,1
2019-08-22,31.0,25.6,38.9,57,0.0,0,9.4,,1012.1,,2
2019-08-23,30.3,26.1,37.8,62,0.0,0,8.3,,1011.2,,
2019-08-24,28.4,23.9,37.2,70,33.0,0,3.2,,1011.6,,
2019-08-25,29.8,24.4,38.3,69,0.0,0,4.3,,1009.4,,
2019-08-26,31.6,26.1,38.9,63,0.0,0,10.4,,1007.2,,
2019-08-27,29.4,26.7,34.4,66,0.0,0,8.6,,1011.2,,
2019-08-28,30.2,24.4,38.9,59,0.3,0,5.4,,1015.0,,1
2019-08-29,31.2,25.0,38.9,57,0.0,0,6.8,,1014.8,,1
2019-08-30,30.9,26.1,37.8,58,0.0,0,6.1,,1014.4,,
2019-08-31,30.6,24.4,37.8,55,0.0,0,4.7,,1015.0,,1
2019-09-01,30.3,24.4,37.2,53,0.0,0,4.0,,1015.4,,0
2019-09-02,31.3,24.4,38.9,47,0.0,0,5.0,,1014.9,,0
2019-09-03,31.1,23.3,38.3,43,0.0,0,6.5,,1013.2,,1
2019-09-04,31.6,23.9,38.9,46,0.0,0,5.4,,1014.9,,1
2019-09-05,31.5,23.3,38.9,46,0.0,0,5.8,,1016.8,,0
2019-09-06,32.1,25.0,39.4,46,0.0,0,4.3,,1015.8,,0
2019-09-07,31.7,25.0,39.4,49,0.0,0,5.4,,1014.5,,0
2019-09-08,31.0,25.0,38.9,54,0.0,0,9.7,,1013.4,,
2019-09-09,30.2,25.6,38.3,59,0.0,0,10.8,,1014.2,,
2019-09-10,28.2,23.3,38.3,66,4.8,0,7.2,,1016.2,,
2019-09-11,27.5,23.3,37.8,68,0.0,0,6.8,,1017.5,,
2019-09-12,29.3,23.3,37.8,62,0.0,0,6.1,,1016.5,,
2019-09-13,29.8,23.9,36.7,57,0.0,0,4.7,,1018.2,,1
2019-09-14,30.7,23.9,37.8,46,0.0,0,4.3,,1017.5,,1
2019-09-15,30.2,22.8,36.7,49,0.0,0,4.3,,1016.1,,1
2019-09-16,30.8,24.4,38.3,48,0.0,0,5.8,,1014.2,,1
2019-09-17,28.4,24.4,33.3,61,0.0,0,5.4,,1012.3,,
2019-09-18,29.8,23.3,38.3,58,0.0,0,4.7,,1010.8,,
2019-09-19,28.2,25.0,38.3,69,8.6,0,5.0,,1009.9,,
2019-09-20,29.9,25.6,37.8,64,0.0,0,14.4,,1012.7,,
2019-09-21,29.7,26.1,37.2,64,0.0,0,13.7,,1015.2,,
2019-09-22,30.3,25.0,37.8,60,0.0,0,9.0,,1014.7,,
2019-09-23,30.5,25.6,37.8,60,0.0,0,7.9,,1014.6,,
2019-09-24,30.1,25.6,36.7,62,0.0,0,9.0,,1012.2,,
2019-09-25,29.6,23.9,37.8,58,0.0,0,7.6,,1010.7,,
2019-09-26,29.8,23.9,36.7,55,0.0,0,7.6,,1011.0,,0
2019-09-27,29.7,23.9,37.2,57,0.0,0,7.9,,1009.2,,
2019-09-28,29.6,26.1,35.6,65,0.0,0,12.2,,1010.9,,
2019-09-29,29.9,25.0,36.7,64,2.3,0,11.2,,1013.8,,
2019-09-30,29.8,26.7,37.2,67,0.5,0,11.9,,1014.2,,
2019-10-01,30.0,25.6,37.2,60,0.0,0,12.2,,1013.5,,
2019-10-02,29.6,25.0,36.7,60,0.0,0,9.7,,1013.6,,
2019-10-03,29.5,23.9,36.1,58,0.0,0,6.1,,1015.3,,
2019-10-04,29.2,23.9,35.6,53,0.0,0,4.7,,1016.3,,
2019-10-05,29.1,22.2,36.1,52,0.0,0,2.9,,1014.0,,0
2019-10-06,29.1,22.2,37.2,49,0.0,0,5.4,,1013.4,,0
2019-10-07,25.2,20.0,29.4,53,0.0,0,9.7,,1018.2,,
2019-10-08,23.1,17.2,30.6,50,0.0,0,4.0,,1017.2,,0
2019-10-09,27.0,20.6,35.6,58,0.0,0,10.1,,1011.7,,
2019-10-10,29.9,25.6,37.2,60,0.0,0,13.7,,1009.0,,
2019-10-11,14.7,8.3,27.8,68,12.2,0,14.8,,1019.8,,
2019-10-12,14.8,12.2,18.3,38,0.3,0,6.5,,1022.7,,
2019-10-13,19.7,13.3,27.8,48,0.3,0,3.2,,1016.3,,
2019-10-14,25.6,21.7,31.7,65,0.0,0,2.9,,1013.8,,
2019-10-15,27.8,23.3,35.6,69,27.7,0,4.0,,1011.5,,
2019-10-16,20.0,13.3,24.4,51,1.0,0,9.7,,1017.6,,
2019-10-17,17.3,12.2,25.0,50,0.0,0,2.9,,1016.5,,0
2019-10-18,19.3,10.6,29.4,55,0.0,0,4.3,,1010.0,,0
2019-10-19,25.7,18.9,35.6,55,0.0,0,2.9,,1006.8,,
2019-10-20,25.5,18.3,35.0,59,0.0,0,7.2,,1007.1,,
2019-10-21,22.7,17.2,27.8,48,6.4,0,9.4,,1010.6,,
2019-10-22,19.7,10.0,28.3,35,0.0,0,4.0,,1020.3,,0
2019-10-23,21.4,12.2,30.6,47,0.0,0,9.4,,1016.8,,0
2019-10-24,21.2,9.4,30.0,71,52.3,0,9.7,,1014.2,,
2019-10-25,10.4,6.7,15.0,69,2.8,0,15.1,,1019.8,,
2019-10-26,13.9,7.8,23.3,55,0.0,0,5.8,,1014.3,,0
2019-10-27,17.2,7.2,28.3,49,0.0,0,5.8,,1013.4,,0
2019-10-28,19.9,13.9,27.8,74,0.5,0,4.3,,1013.8,,
2019-10-29,12.3,9.4,13.9,88,2.0,0,8.6,,1015.4,,
2019-10-30,8.3,5.0,9.4,82,1.0,0,14.4,,1018.4,,
2019-10-31,6.5,1.1,13.9,50,0.0,0,10.1,,1030.6,,0
2019-11-01,7.9,-0.5,17.8,53,0.0,0,2.5,,1027.5,,0
2019-11-02,12.0,4.4,21.7,50,0.0,0,3.6,,1027.9,,0
2019-11-03,13.9,5.0,23.3,57,0.0,0,5.8,,1022.3,,0
2019-11-04,19.5,12.2,28.3,68,0.0,0,4.0,,1015.6,,0
2019-11-05,22.4,17.2,28.3,73,0.0,0,2.2,,1019.2,,
2019-11-06,23.9,20.0,29.4,69,0.0,0,9.0,,1020.3,,
2019-11-07,14.5,6.7,20.0,80,2.8,0,10.4,,1022.4,,
2019-11-08,8.0,6.7,10.0,84,3.3,0,7.9,,1028.5,,
2019-11-09,12.7,6.1,21.1,71,0.0,0,1.8,,1024.9,,
2019-11-10,16.9,9.4,24.4,69,0.0,0,4.7,,1018.5,,0
2019-11-11,13.1,0.6,23.9,76,3.0,0,13.3,,1019.8,,
2019-11-12,2.1,-0.5,8.3,47,0.0,0,11.9,,1033.9,,
2019-11-13,2.8,-1.0,5.6,60,0.0,0,3.2,,1025.8,,
2019-11-14,5.6,2.8,7.2,80,2.5,0,3.6,,1025.7,,
2019-11-15,9.0,3.3,18.3,65,0.0,0,3.2,,1029.0,,0
2019-11-16,10.1,1.7,18.9,64,0.0,0,1.8,,1023.0,,0
2019-11-17,12.8,5.6,22.2,71,0.0,0,1.8,,1017.6,,
2019-11-18,15.1,8.9,23.9,60,0.0,0,3.2,,1015.2,,0
2019-11-19,17.5,7.2,26.7,64,0.0,0,6.1,,1014.5,,0
2019-11-20,22.0,17.8,28.9,73,0.0,0,12.6,,1013.0,,
2019-11-21,23.4,20.6,27.2,72,0.0,0,9.7,,1013.0,,
2019-11-22,15.0,8.3,23.3,73,0.0,0,7.9,,1016.5,,
2019-11-23,12.2,5.0,22.2,61,0.0,0,3.2,,1019.5,,0
2019-11-24,13.9,5.0,23.9,58,0.0,0,2.2,,1016.7,,0
2019-11-25,19.9,10.6,31.1,55,0.0,0,5.4,,1006.4,,0
2019-11-26,20.5,18.9,23.3,78,0.0,0,5.8,,1004.0,,
2019-11-27,14.3,11.1,21.1,27,0.0,0,12.2,,1021.2,,
2019-11-28,11.2,9.4,12.8,70,0.8,0,5.8,,1022.8,,
2019-11-29,14.9,11.1,23.3,92,4.3,0,4.7,,1016.9,,
2019-11-30,24.5,16.1,30.6,67,0.0,0,9.4,,1008.8,,
2019-12-01,14.2,8.9,19.4,28,0.0,0,10.4,,1020.3,,0
2019-12-02,11.4,6.1,19.4,42,0.0,0,6.1,,1025.2,,0
2019-12-03,13.7,3.9,23.9,48,0.0,0,4.7,,1016.6,,0
2019-12-04,16.3,11.1,23.9,43,0.0,0,5.4,,1017.9,,0
2019-12-05,16.7,10.6,23.9,65,0.0,0,4.0,,1015.6,,
2019-12-06,17.6,12.2,23.9,53,0.0,0,10.8,,1021.2,,0
2019-12-07,13.7,7.8,21.1,57,0.0,0,2.5,,1024.6,,0
2019-12-08,16.5,9.4,23.9,68,0.0,0,6.8,,1015.6,,0
2019-12-09,21.5,13.9,28.3,64,0.0,0,8.3,,1010.5,,
2019-12-10,7.9,3.3,13.9,76,9.4,0,9.7,,1024.1,,
2019-12-11,7.3,2.2,14.4,70,0.0,0,3.6,,1032.2,,
2019-12-12,8.7,1.7,17.2,72,0.0,0,2.9,,1024.1,,1
2019-12-13,14.0,5.0,25.6,58,0.0,0,2.9,,1013.1,,0
2019-12-14,15.3,6.1,25.0,58,0.0,0,4.7,,1009.8,,0
2019-12-15,18.0,10.0,27.2,74,0.0,0,6.1,,1007.6,,
2019-12-16,12.2,5.0,21.1,69,0.0,0,13.7,,1014.9,,
2019-12-17,6.4,1.7,13.3,47,0.0,0,11.9,,1028.7,,0
2019-12-18,6.8,1.1,16.1,42,0.0,0,4.3,,1031.5,,0
2019-12-19,7.5,-1.0,16.7,45,0.0,0,4.3,,1028.3,,0
2019-12-20,10.0,8.3,11.1,78,9.9,0,2.9,,1025.9,,
2019-12-21,11.2,5.0,16.7,76,0.0,0,3.2,,1026.8,,
2019-12-22,8.1,3.9,16.1,77,0.0,0,1.8,,1025.6,,
2019-12-23,10.5,2.2,21.1,65,0.0,0,1.4,,1020.9,,0
2019-12-24,12.7,2.8,22.2,57,0.0,0,3.2,,1017.3,,0
2019-12-25,14.3,8.9,20.6,78,0.0,0,1.8,,1014.1,,
2019-12-26,16.5,12.2,20.0,80,0.0,0,0.7,,1016.9,,
2019-12-27,16.5,12.2,20.0,80,0.0,0,5.4,,1016.3,,
2019-12-28,16.8,11.7,22.2,86,1.8,0,7.9,,1008.5,,
2019-12-29,13.3,7.8,18.9,56,0.0,0,9.4,,1012.6,,
2019-12-30,10.0,3.9,16.7,45,0.0,0,5.0,,1021.8,,0
2019-12-31,9.7,2.8,16.7,44,0.0,0,4.0,,1023.9,,
2020-01-01,12.2,10.0,14.4,51,0.0,0,5.8,,1014.9,,
2020-01-02,12.6,9.4,15.6,84,0.0,0,4.7,,1004.7,,
2020-01-03,13.3,9.4,18.9,58,0.0,0,10.8,,1014.6,,0
2020-01-04,13.1,6.7,22.8,41,0.0,0,6.8,,1026.9,,0
2020-01-05,15.0,7.2,24.4,40,0.0,0,4.3,,1025.2,,0
2020-01-06,15.4,5.6,24.4,53,0.0,0,6.1,,1020.8,,0
2020-01-07,12.9,6.1,20.6,30,0.0,0,4.3,,1029.0,,0
2020-01-08,12.4,2.8,21.7,50,0.0,0,8.3,,1024.4,,
2020-01-09,20.4,16.7,25.6,72,0.0,0,11.5,,1014.7,,
2020-01-10,21.5,13.9,25.0,73,18.8,0,16.9,,1008.2,,
2020-01-11,11.1,6.1,15.6,54,0.0,0,6.8,,1018.7,,
2020-01-12,9.4,2.2,17.2,69,0.0,0,4.7,,1022.2,,0
2020-01-13,13.7,11.1,15.6,89,0.3,0,1.8,,1021.0,,
2020-01-14,19.1,15.6,25.0,87,0.0,0,1.8,,1018.2,,
2020-01-15,23.0,20.6,27.8,77,0.3,0,6.8,,1017.4,,
2020-01-16,16.8,13.9,22.8,88,8.1,0,6.1,,1023.6,,
2020-01-17,12.5,10.0,15.0,91,2.3,0,2.5,,1022.3,,
2020-01-18,16.9,9.4,21.1,67,0.0,0,9.7,,1022.8,,
2020-01-19,9.5,5.0,14.4,34,0.0,0,11.5,,1032.5,,0
2020-01-20,9.1,1.7,16.7,44,0.0,0,2.9,,1033.8,,
2020-01-21,10.6,4.4,16.7,48,0.0,0,12.2,,1029.2,,
2020-01-22,11.7,8.3,15.0,89,22.6,0,6.1,,1017.0,,
2020-01-23,13.4,8.9,19.4,74,0.0,0,7.9,,1015.7,,
2020-01-24,12.3,5.6,20.6,57,0.0,0,2.9,,1020.9,,0
2020-01-25,13.2,6.1,19.4,68,0.5,0,4.7,,1018.6,,
2020-01-26,17.9,12.2,26.1,67,0.0,0,4.3,,1015.3,,
2020-01-27,13.7,8.3,21.1,78,0.0,0,6.8,,1015.2,,
2020-01-28,14.7,10.6,22.8,69,7.4,0,11.2,,1012.9,,
2020-01-29,11.1,6.7,17.2,57,0.0,0,10.1,,1017.8,,0
2020-01-30,8.2,6.7,10.0,74,0.3,0,7.2,,1019.9,,
2020-01-31,10.6,6.7,17.2,61,0.0,0,5.8,,1021.9,,
2020-02-01,12.8,5.6,23.3,49,0.0,0,7.6,,1024.4,,0
2020-02-02,16.4,6.7,27.2,37,0.0,0,6.8,,1018.8,,0
2020-02-03,18.0,13.3,22.8,70,0.0,0,11.5,,1010.0,,
2020-02-04,18.4,8.3,26.1,71,0.0,0,10.1,,1008.2,,
2020-02-05,4.6,0.6,8.3,66,0.5,0,14.4,,1011.9,,
2020-02-06,5.2,-0.5,12.8,53,0.0,0,7.9,,1011.8,,0
2020-02-07,12.7,2.2,24.4,39,0.0,0,5.8,,1013.0,,0
2020-02-08,14.2,6.7,21.1,53,0.0,0,9.7,,1019.8,,
2020-02-09,19.7,17.2,22.2,87,2.0,0,9.7,,1014.9,,
2020-02-10,14.9,8.3,21.7,84,2.3,0,9.4,,1014.4,,
2020-02-11,7.5,6.1,8.3,85,6.4,0,10.8,,1018.5,,
2020-02-12,8.9,6.7,13.9,83,34.3,0,7.6,,1013.3,,
2020-02-13,7.9,3.9,12.8,69,0.0,0,10.8,,1024.0,,1
2020-02-14,7.8,0.6,15.6,60,0.0,0,6.1,,1029.4,,0
2020-02-15,11.4,4.4,18.3,72,0.0,0,2.2,,1022.7,,
2020-02-16,16.7,9.4,25.6,75,0.0,0,4.0,,1015.7,,
2020-02-17,20.8,15.0,26.7,79,0.0,0,8.3,,1010.2,,
2020-02-18,17.4,10.0,22.2,80,0.8,0,7.9,,1015.7,,
2020-02-19,9.6,8.3,10.6,83,1.5,0,10.8,,1023.7,,
2020-02-20,8.4,6.7,11.1,78,10.2,0,13.7,,1029.4,,
2020-02-21,7.3,2.2,13.3,58,0.0,0,8.3,,1037.0,,0
2020-02-22,12.0,6.7,18.3,53,0.0,0,7.2,,1027.6,,
2020-02-23,16.3,12.2,20.6,72,0.0,0,6.8,,1016.6,,
2020-02-24,17.8,8.9,21.1,61,0.3,0,5.0,,1010.6,,
2020-02-25,13.5,8.3,20.0,51,0.0,0,12.2,,1014.7,,0
2020-02-26,8.6,3.9,13.3,36,0.0,0,14.0,,1029.6,,
2020-02-27,8.7,0.0,18.3,41,0.0,0,3.6,,1029.1,,0
2020-02-28,13.7,3.9,23.9,34,0.0,0,4.3,,1027.6,,0
2020-02-29,16.2,8.3,24.4,46,0.0,0,8.6,,1022.6,,0
2020-03-01,18.8,14.4,25.0,74,0.0,0,9.0,,1013.1,,
2020-03-02,21.3,18.3,26.1,77,0.0,0,6.5,,1009.4,,
2020-03-03,21.2,17.8,23.9,76,0.0,0,4.7,,1008.1,,
2020-03-04,16.9,12.2,20.6,80,36.3,0,11.5,,1010.2,,
2020-03-05,15.8,8.9,24.4,56,0.0,0,6.8,,1023.8,,0
2020-03-06,15.8,10.0,21.7,36,0.0,0,7.9,,1031.0,,0
2020-03-07,12.2,7.2,17.8,56,0.0,0,7.2,,1028.4,,
2020-03-08,16.4,10.0,24.4,69,0.0,0,11.5,,1023.7,,
2020-03-09,18.5,17.8,19.4,87,4.1,0,6.8,,1021.2,,
2020-03-10,20.6,15.0,27.2,78,0.0,0,4.7,,1022.9,,
2020-03-11,22.9,17.2,29.4,70,0.0,0,7.6,,1017.1,,
2020-03-12,23.9,20.0,30.6,66,0.0,0,10.8,,1011.4,,
2020-03-13,23.3,20.6,28.9,69,0.0,0,11.2,,1013.3,,
2020-03-14,24.4,20.6,28.9,69,0.0,0,8.6,,1017.3,,
2020-03-15,16.9,14.4,20.6,84,1.0,0,7.9,,1023.0,,
2020-03-16,18.6,14.4,23.9,83,0.0,0,5.8,,1020.8,,
2020-03-17,22.4,20.0,27.2,78,0.3,0,10.8,,1017.0,,
2020-03-18,23.8,21.1,28.3,72,0.0,0,13.0,,1014.3,,
2020-03-19,23.9,21.1,29.4,74,1.3,0,11.2,,1013.1,,
2020-03-20,15.6,11.1,22.2,85,22.6,0,11.5,,1022.6,,
2020-03-21,10.9,8.9,12.8,78,23.1,0,7.9,,1026.1,,
2020-03-22,15.5,12.2,19.4,90,0.0,0,1.8,,1019.7,,
2020-03-23,22.1,17.8,28.9,79,0.3,0,5.8,,1015.7,,
2020-03-24,24.5,15.6,33.3,58,0.0,0,5.4,,1011.8,,
2020-03-25,22.5,13.3,32.8,64,0.0,0,5.0,,1011.7,,
2020-03-26,24.6,19.4,31.1,71,0.0,0,8.6,,1009.1,,
2020-03-27,25.4,21.1,31.7,68,0.0,0,11.2,,1006.4,,
2020-03-28,22.3,12.8,27.2,58,1.8,0,8.6,,1009.8,,
2020-03-29,18.9,10.6,27.2,45,0.0,0,5.8,,1018.6,,
2020-03-30,19.6,17.8,21.1,75,11.2,0,2.2,,1014.0,,
2020-03-31,18.7,13.3,23.9,69,0.0,0,7.2,,1015.5,,
2020-04-01,17.8,10.0,25.6,63,0.0,0,9.0,,1014.8,,0
2020-04-02,18.8,16.7,21.1,81,6.6,0,8.3,,1011.8,,
2020-04-03,17.3,7.8,23.3,90,21.3,0,9.7,,1013.2,,
2020-04-04,8.8,7.2,11.7,89,16.8,0,7.2,,1017.3,,
2020-04-05,14.7,10.6,19.4,82,0.0,0,3.6,,1017.4,,
2020-04-06,20.8,16.1,26.7,79,0.0,0,2.5,,1015.4,,
2020-04-07,25.3,21.1,31.7,76,0.0,0,4.3,,1013.5,,
2020-04-08,27.7,22.8,35.0,70,0.0,0,4.7,,1010.7,,
2020-04-09,24.4,18.9,33.9,78,4.8,0,3.6,,1010.6,,
2020-04-10,20.0,17.2,23.9,70,0.0,0,8.6,,1015.4,,
2020-04-11,20.5,16.1,24.4,78,0.5,0,7.9,,1009.9,,
2020-04-12,24.7,16.1,30.6,54,0.8,0,12.2,,1001.9,,
2020-04-13,13.1,7.2,18.3,49,0.0,0,11.5,,1018.4,,
2020-04-14,13.1,7.8,18.9,53,0.0,0,12.2,,1021.7,,
2020-04-15,13.7,6.1,21.1,51,0.0,0,6.1,,1021.9,,0
2020-04-16,17.9,8.9,26.1,55,0.0,0,9.4,,1019.1,,0
2020-04-17,18.0,13.3,23.3,78,0.8,0,5.4,,1016.6,,
2020-04-18,14.7,12.8,17.2,70,0.0,0,5.8,,1016.0,,
2020-04-19,21.9,15.6,34.4,64,0.5,0,4.7,,1006.9,,
2020-04-20,23.2,16.1,30.6,62,0.0,0,6.8,,1010.0,,
2020-04-21,24.3,19.4,30.6,63,0.0,0,10.8,,1012.1,,
2020-04-22,23.7,21.7,27.2,84,3.0,0,7.6,,1006.5,,
2020-04-23,24.2,15.0,32.2,54,0.0,0,5.8,,1007.8,,0
2020-04-24,26.2,16.1,36.7,43,0.0,0,7.6,,1007.0,,0
2020-04-25,22.2,15.6,27.2,40,0.0,0,7.9,,1016.2,,
2020-04-26,22.0,12.2,30.6,48,0.0,0,6.1,,1020.9,,0
2020-04-27,24.0,16.1,32.2,60,0.0,0,12.2,,1016.7,,0
2020-04-28,27.4,23.3,33.9,66,0.0,0,10.8,,1010.3,,
2020-04-29,24.7,15.0,29.4,52,18.0,0,11.2,,1014.7,,
2020-04-30,22.1,12.8,31.7,43,0.0,0,5.8,,1018.4,,0
2020-05-01,23.8,16.1,32.2,50,0.0,0,11.2,,1015.2,,0
2020-05-02,25.8,20.6,33.9,66,0.0,0,13.7,,1014.4,,
2020-05-03,27.2,21.1,35.0,61,0.0,0,11.5,,1012.5,,
2020-05-04,28.0,22.2,36.1,60,0.0,0,11.9,,1009.8,,
2020-05-05,25.1,21.7,30.0,62,0.0,0,9.4,,1013.2,,
2020-05-06,24.2,18.9,30.6,35,0.0,0,7.2,,1020.0,,
2020-05-07,22.8,13.9,28.9,60,0.0,0,8.6,,1016.4,,
2020-05-08,24.8,17.8,30.0,57,0.0,0,15.5,,1012.9,,
2020-05-09,20.4,16.1,26.1,49,0.0,0,7.6,,1020.4,,
2020-05-10,20.7,12.8,27.8,51,0.0,0,4.7,,1021.8,,0
2020-05-11,23.1,15.0,30.0,58,0.0,0,9.7,,1019.9,,
2020-05-12,20.6,18.9,23.3,87,60.2,0,6.5,,1014.6,,
2020-05-13,23.6,17.8,31.7,76,0.3,0,8.6,,1012.9,,
2020-05-14,27.0,22.2,33.9,66,0.0,0,10.8,,1010.8,,
2020-05-15,26.7,18.3,33.3,70,55.6,0,9.4,,1008.7,,
2020-05-16,22.1,17.2,28.9,70,16.0,0,8.3,,1007.6,,
2020-05-17,24.7,18.9,33.3,58,0.0,0,4.3,,1012.5,,0
2020-05-18,26.9,17.8,35.0,58,0.0,0,4.7,,1011.9,,0
2020-05-19,28.4,21.1,36.1,60,0.0,0,6.1,,1008.0,,0
2020-05-20,28.8,23.9,35.0,67,0.0,0,10.8,,1007.2,,
2020-05-21,27.6,21.7,33.9,68,1.0,0,9.7,,1008.1,,
2020-05-22,28.4,22.8,35.0,69,1.3,0,11.9,,1009.1,,
2020-05-23,28.7,23.3,33.9,66,0.5,0,14.0,,1010.1,,
2020-05-24,26.7,19.4,35.0,72,24.6,0,10.8,,1008.5,,
2020-05-25,22.1,18.9,26.7,77,18.5,0,5.0,,1008.3,,
2020-05-26,23.7,18.3,30.0,66,5.1,0,4.7,,1012.3,,1
2020-05-27,22.9,16.7,32.8,70,16.0,0,7.9,,1011.0,,1
2020-05-28,24.2,17.2,32.2,69,0.0,0,3.2,,1012.9,,1
2020-05-29,26.0,21.1,31.7,58,0.0,0,7.9,,1017.8,,0
2020-05-30,25.2,17.2,31.7,53,0.0,0,2.2,,1018.0,,0
2020-05-31,25.9,23.3,29.4,65,0.0,0,7.6,,1018.0,,
2020-06-01,25.3,22.2,28.9,73,0.0,0,4.3,,1018.2,,
2020-06-02,26.5,22.2,32.2,70,0.3,0,4.0,,1016.6,,
2020-06-03,27.3,22.8,33.9,69,0.0,0,4.7,,1014.0,,
2020-06-04,28.5,23.3,34.4,67,0.0,0,6.5,,1011.3,,
2020-06-05,28.9,24.4,34.4,64,0.0,0,6.5,,1012.3,,
2020-06-06,30.0,23.3,35.6,58,0.0,0,2.9,,1010.9,,0
2020-06-07,30.0,24.4,35.6,57,0.0,0,3.2,,1006.8,,1
2020-06-08,30.7,23.3,37.2,56,0.0,0,4.7,,1003.7,,0
2020-06-09,30.6,25.0,37.8,57,0.0,0,7.9,,1005.9,,
2020-06-10,27.9,20.0,34.4,27,0.0,0,6.8,,1017.3,,0
2020-06-11,27.2,17.8,35.6,38,0.0,0,3.6,,1022.3,,0
2020-06-12,26.7,17.2,34.4,44,0.0,0,4.0,,1022.3,,0
2020-06-13,27.6,19.4,34.4,44,0.0,0,5.0,,1018.2,,0
2020-06-14,27.8,18.9,34.4,45,0.0,0,4.3,,1017.1,,1
2020-06-15,27.8,22.2,35.6,63,0.0,0,5.4,,1018.5,,
2020-06-16,28.6,23.9,35.0,60,0.0,0,8.6,,1017.8,,
2020-06-17,28.2,21.7,35.6,55,0.0,0,9.4,,1015.4,,0
2020-06-18,28.3,22.8,36.1,63,0.0,0,10.8,,1013.0,,
2020-06-19,29.1,25.0,36.1,64,0.0,0,10.8,,1013.4,,
2020-06-20,27.7,21.1,34.4,71,31.8,0,8.3,,1014.5,,
2020-06-21,29.3,25.0,35.6,66,0.0,0,10.1,,1012.1,,
2020-06-22,29.2,26.1,34.4,67,0.0,0,9.4,,1011.1,,
2020-06-23,27.3,21.7,33.9,68,14.7,0,8.3,,1011.3,,
2020-06-24,25.6,23.3,30.0,72,0.5,0,4.7,,1011.4,,
2020-06-25,27.6,21.7,34.4,68,0.0,0,4.7,,1013.0,,
2020-06-26,25.5,21.7,30.0,78,15.5,0,8.3,,1016.4,,
2020-06-27,28.5,25.0,33.9,69,0.0,0,11.2,,1013.9,,
2020-06-28,27.6,24.4,31.1,75,5.1,0,10.4,,1009.7,,
2020-06-29,28.6,25.6,32.2,72,0.0,0,12.2,,1009.3,,
2020-06-30,29.4,26.7,33.9,68,0.0,0,10.8,,1010.0,,
2020-07-01,29.7,26.7,35.0,68,0.0,0,10.1,,1010.5,,
2020-07-02,30.7,26.7,36.7,62,0.0,0,8.6,,1012.8,,
2020-07-03,30.2,24.4,37.2,59,0.0,0,7.6,,1013.9,,1
2020-07-04,30.4,23.3,37.8,56,0.0,0,5.8,,1012.0,,0
2020-07-05,31.0,23.9,37.8,56,0.0,0,7.2,,1009.6,,0
2020-07-06,30.2,25.6,34.4,64,0.0,0,7.9,,1010.5,,
2020-07-07,30.6,27.2,37.8,62,0.0,0,9.4,,1011.9,,
2020-07-08,30.9,26.7,37.2,62,0.0,0,10.4,,1011.2,,
2020-07-09,31.5,26.7,38.3,58,0.0,0,12.6,,1010.9,,
2020-07-10,31.7,26.1,38.9,60,0.0,0,9.0,,1014.0,,
2020-07-11,32.2,25.6,40.0,54,0.0,0,8.6,,1014.4,,
2020-07-12,32.2,25.6,40.6,56,0.0,0,7.2,,1012.4,,0
2020-07-13,33.6,26.1,42.2,49,0.0,0,9.4,,1010.4,,0
2020-07-14,32.2,25.0,41.1,52,0.0,0,11.5,,1011.0,,
2020-07-15,31.4,25.6,39.4,54,0.0,0,10.1,,1012.8,,
2020-07-16,31.6,25.0,38.9,55,0.0,0,7.9,,1014.9,,1
2020-07-17,31.2,25.6,38.9,56,0.0,0,7.9,,1015.2,,1
2020-07-18,30.2,24.4,36.7,56,0.0,0,7.9,,1014.9,,
2020-07-19,30.6,24.4,37.2,55,0.0,0,6.1,,1014.2,,
2020-07-20,31.0,25.0,37.8,55,0.0,0,7.2,,1012.5,,1
2020-07-21,29.7,25.6,36.1,62,0.0,0,8.3,,1011.7,,
2020-07-22,30.9,26.1,37.8,59,0.0,0,7.9,,1012.6,,
2020-07-23,31.5,26.1,38.3,56,0.0,0,5.8,,1012.9,,
2020-07-24,31.9,27.2,37.8,52,0.0,0,7.9,,1011.7,,
2020-07-25,27.8,23.9,34.4,71,3.6,0,9.0,,1012.0,,
2020-07-26,27.5,24.4,36.1,74,1.0,0,7.9,,1014.7,,
2020-07-27,29.4,25.0,36.7,66,0.0,0,4.3,,1014.8,,
2020-07-28,29.5,24.4,38.9,64,0.0,0,5.8,,1013.2,,
2020-07-29,28.8,23.9,38.9,65,0.0,0,8.3,,1013.4,,
2020-07-30,30.5,25.0,38.3,60,0.0,0,11.2,,1013.4,,
2020-07-31,28.3,23.3,38.9,71,11.9,0,6.5,,1013.4,,
2020-08-01,29.4,23.3,37.2,61,0.0,0,3.6,,1013.3,,0
2020-08-02,29.4,23.3,38.3,59,0.0,0,4.0,,1013.8,,1
2020-08-03,28.9,22.8,39.4,59,0.0,0,2.5,,1014.9,,0
2020-08-04,30.7,23.9,38.9,53,0.0,0,3.6,,1014.7,,
2020-08-05,31.6,24.4,39.4,49,0.0,0,10.1,,1013.3,,0
2020-08-06,31.5,25.0,39.4,53,0.0,0,10.4,,1013.7,,0
2020-08-07,31.2,25.0,39.4,56,0.0,0,8.3,,1015.2,,
2020-08-08,31.4,25.0,40.0,56,0.0,0,8.3,,1016.8,,2
2020-08-09,31.9,25.6,39.4,54,0.0,0,10.4,,1016.6,,
2020-08-10,31.9,26.1,39.4,55,0.0,0,10.4,,1015.1,,
2020-08-11,32.2,26.1,40.0,56,0.0,0,9.0,,1013.2,,
2020-08-12,32.6,26.1,41.1,53,0.0,0,9.4,,1012.6,,
2020-08-13,32.5,26.1,40.0,50,0.0,0,8.3,,1012.6,,
2020-08-14,33.2,25.6,41.7,48,0.0,0,9.7,,1011.3,,0
2020-08-15,33.3,26.1,41.7,46,0.0,0,8.3,,1011.7,,
2020-08-16,33.2,26.1,41.1,46,0.0,0,5.0,,1014.3,,
2020-08-17,30.5,24.4,38.3,46,0.0,0,4.0,,1017.1,,
2020-08-18,32.1,23.9,40.0,41,0.0,0,4.7,,1014.5,,0
2020-08-19,31.3,22.8,40.0,37,0.0,0,5.4,,1011.9,,0
2020-08-20,29.9,21.7,38.3,37,0.0,0,3.2,,1010.0,,0
2020-08-21,31.4,25.0,40.0,48,0.0,0,7.2,,1009.1,,
2020-08-22,27.3,20.0,33.9,65,31.8,0,5.4,,1011.5,,
2020-08-23,28.5,21.1,36.1,57,0.0,0,4.7,,1013.5,,0
2020-08-24,30.5,23.9,37.8,51,0.0,0,4.0,,1014.0,,1
2020-08-25,31.0,23.9,38.3,48,0.0,0,4.0,,1012.2,,1
2020-08-26,30.4,26.1,36.1,58,0.0,0,5.8,,1009.5,,
2020-08-27,31.0,24.4,38.3,56,0.0,0,5.0,,1008.1,,1
2020-08-28,33.1,27.2,41.1,55,0.0,0,9.4,,1008.7,,0
2020-08-29,32.6,26.1,40.6,54,0.0,0,9.7,,1009.2,,
2020-08-30,32.0,26.1,39.4,57,0.0,0,8.3,,1007.4,,
2020-08-31,32.5,28.3,40.0,60,0.0,0,11.9,,1007.0,,
2020-09-01,32.0,28.3,37.8,62,0.0,0,11.5,,1007.8,,
2020-09-02,27.2,22.8,29.4,77,4.1,0,7.2,,1010.4,,
2020-09-03,26.5,22.2,34.4,81,36.3,0,5.0,,1012.6,,
2020-09-04,24.1,22.2,28.3,87,37.6,0,1.8,,1017.7,,
2020-09-05,26.4,23.3,33.3,74,0.0,0,2.9,,1021.7,,1
2020-09-06,28.2,22.8,34.4,64,0.0,0,2.5,,1018.8,,0
2020-09-07,29.0,22.8,36.1,60,0.0,0,6.1,,1011.4,,0
2020-09-08,26.9,25.0,32.8,74,0.0,0,9.7,,1008.9,,
2020-09-09,24.1,15.6,27.2,87,58.2,0,7.6,,1013.1,,
2020-09-10,16.6,14.4,19.4,83,1.5,0,8.6,,1021.9,,
2020-09-11,22.2,17.2,30.6,76,0.0,0,6.1,,1019.7,,
2020-09-12,26.7,20.0,33.9,68,0.0,0,3.2,,1013.9,,
2020-09-13,28.7,23.9,34.4,62,0.0,0,9.0,,1013.8,,
2020-09-14,28.3,23.3,33.3,62,0.0,0,11.5,,1016.6,,
2020-09-15,28.0,23.3,33.9,64,0.0,0,7.2,,1016.2,,
2020-09-16,28.7,23.3,34.4,60,0.0,0,5.0,,1013.6,,2
2020-09-17,27.3,23.3,32.2,63,0.0,0,6.5,,1014.2,,
2020-09-18,26.4,21.7,31.7,60,0.0,0,8.6,,1016.2,,1
2020-09-19,24.5,20.6,29.4,59,0.0,0,10.8,,1017.4,,
2020-09-20,23.0,17.8,30.0,59,4.1,0,11.2,,1017.5,,
2020-09-21,21.3,20.0,22.8,83,4.6,0,13.0,,1015.5,,
2020-09-22,21.8,20.6,23.9,84,5.1,0,11.9,,1013.7,,
2020-09-23,22.7,21.1,25.0,76,0.0,0,7.9,,1012.9,,
2020-09-24,23.0,18.3,27.8,67,0.0,0,4.0,,1013.4,,
2020-09-25,23.2,16.1,31.7,70,0.0,0,3.2,,1014.2,,0
2020-09-26,25.4,20.0,32.8,71,0.0,0,7.6,,1011.9,,
2020-09-27,28.1,24.4,33.9,70,0.0,0,10.8,,1007.0,,
2020-09-28,23.6,17.8,27.2,45,0.0,0,13.7,,1015.8,,
2020-09-29,20.6,13.3,29.4,37,0.0,0,4.3,,1021.5,,0
2020-09-30,21.7,11.7,32.2,40,0.0,0,2.5,,1018.4,,0
2020-10-01,23.1,13.3,32.8,43,0.0,0,5.4,,1019.7,,0
2020-10-02,22.3,15.0,29.4,43,0.0,0,4.3,,1021.5,,0
2020-10-03,22.3,15.0,30.6,55,0.0,0,4.7,,1017.7,,0
2020-10-04,24.0,16.1,32.8,59,0.0,0,5.0,,1019.8,,0
2020-10-05,23.6,17.8,30.6,53,0.0,0,4.3,,1019.3,,0
2020-10-06,24.4,17.8,31.1,65,0.0,0,2.5,,1016.7,,
2020-10-07,24.9,17.2,33.3,57,0.0,0,2.5,,1016.1,,0
2020-10-08,24.2,16.1,31.1,60,0.0,0,3.2,,1014.8,,
2020-10-09,26.2,22.2,32.2,71,0.0,0,6.1,,1010.2,,
2020-10-10,26.3,18.9,35.6,65,0.0,0,3.2,,1009.5,,0
2020-10-11,27.9,20.0,37.2,56,0.0,0,6.1,,1009.1,,0
2020-10-12,26.1,18.3,31.7,53,0.0,0,8.3,,1014.0,,
2020-10-13,23.0,13.9,32.8,41,0.0,0,1.8,,1018.8,,0
2020-10-14,24.8,15.6,33.9,54,0.0,0,6.1,,1014.1,,0
2020-10-15,25.6,19.4,32.8,64,0.0,0,10.8,,1011.3,,
2020-10-16,20.3,13.9,25.0,37,0.0,0,9.4,,1022.8,,
2020-10-17,19.8,16.1,27.2,67,0.3,0,7.9,,1018.6,,
2020-10-18,26.6,22.8,33.9,64,0.0,0,10.4,,1013.6,,
2020-10-19,27.6,22.8,33.9,67,0.0,0,7.9,,1014.4,,
2020-10-20,27.7,23.9,33.9,63,0.0,0,10.8,,1013.8,,
2020-10-21,26.6,23.3,32.8,65,0.0,0,7.9,,1015.2,,
2020-10-22,26.7,22.8,32.8,67,0.0,0,10.4,,1013.0,,
2020-10-23,21.6,12.8,29.4,71,0.0,0,8.6,,1015.8,,
2020-10-24,14.8,11.7,19.4,54,0.0,0,6.5,,1019.3,,
2020-10-25,20.7,12.8,30.0,65,0.0,0,7.2,,1012.2,,
2020-10-26,16.7,5.6,23.9,88,3.0,0,10.4,,1014.6,,
2020-10-27,5.2,4.4,6.1,87,1.0,0,11.2,,1018.8,,
2020-10-28,8.3,3.9,16.7,74,4.6,0,9.4,,1014.9,,
2020-10-29,11.5,4.4,17.8,61,0.0,0,9.4,,1019.1,,0
2020-10-30,14.2,7.2,22.8,48,0.0,0,3.2,,1024.9,,0
2020-10-31,14.5,5.0,26.1,55,0.0,0,2.9,,1022.2,,0
2020-11-01,17.4,10.0,26.1,53,0.0,0,7.2,,1027.7,,0
2020-11-02,16.2,8.3,25.6,45,0.0,0,2.5,,1030.8,,0
2020-11-03,16.4,6.1,27.2,43,0.0,0,4.0,,1026.0,,0
2020-11-04,18.3,8.9,27.8,56,0.0,0,4.3,,1023.4,,0
2020-11-05,20.1,13.9,28.3,68,0.0,0,4.0,,1021.5,,
2020-11-06,21.1,17.2,27.8,66,0.0,0,4.0,,1018.9,,
2020-11-07,19.9,12.2,27.8,61,0.0,0,3.6,,1016.3,,0
2020-11-08,21.4,15.0,28.9,68,0.0,0,6.1,,1013.8,,
2020-11-09,23.3,18.9,30.0,65,0.0,0,10.1,,1012.5,,
2020-11-10,21.8,17.8,27.2,58,0.0,0,6.1,,1011.4,,
2020-11-11,21.0,15.0,28.9,40,0.0,0,5.8,,1014.0,,
2020-11-12,22.0,17.2,29.4,60,0.0,0,3.2,,1015.2,,
2020-11-13,22.9,18.3,28.9,72,0.0,0,5.4,,1017.2,,
2020-11-14,24.8,21.7,30.6,67,0.0,0,7.6,,1011.7,,
2020-11-15,18.6,11.1,23.3,33,0.0,0,10.1,,1021.7,,0
2020-11-16,14.2,6.1,24.4,36,0.0,0,0.7,,1026.6,,0
2020-11-17,15.0,5.0,25.6,38,0.0,0,3.2,,1029.8,,0
2020-11-18,16.6,6.1,27.2,49,0.0,0,5.4,,1027.8,,0
2020-11-19,20.4,15.0,28.3,65,0.0,0,6.1,,1024.1,,
2020-11-20,21.5,17.2,28.9,67,0.0,0,5.4,,1024.1,,
2020-11-21,22.2,18.3,27.2,68,0.0,0,5.4,,1023.5,,
2020-11-22,21.0,13.9,28.3,71,0.0,0,7.9,,1022.4,,
2020-11-23,14.3,11.1,20.0,71,0.0,0,7.2,,1023.0,,
2020-11-24,21.3,15.0,28.9,76,1.0,0,9.7,,1012.1,,
2020-11-25,18.0,10.0,23.3,46,0.0,0,6.8,,1017.2,,
2020-11-26,16.4,7.2,25.6,67,0.0,0,2.9,,1015.9,,
2020-11-27,18.6,15.6,21.7,77,0.5,0,7.9,,1016.0,,
2020-11-28,14.0,10.6,16.1,81,16.5,0,7.9,,1018.3,,
2020-11-29,10.2,7.8,13.9,74,0.5,0,12.6,,1021.4,,
2020-11-30,7.7,0.6,14.4,42,0.0,0,8.3,,1029.6,,0
2020-12-01,8.2,-1.0,17.8,51,0.0,0,5.8,,1021.6,,0
2020-12-02,11.8,6.7,18.9,62,0.0,0,7.2,,1019.1,,
2020-12-03,8.3,4.4,15.0,53,0.0,0,10.1,,1024.8,,0
2020-12-04,7.8,2.2,15.6,56,0.0,0,5.0,,1025.4,,0
2020-12-05,7.4,2.2,12.2,74,0.3,0,0.7,,1024.6,,
2020-12-06,11.6,5.6,20.0,55,0.0,0,9.0,,1020.7,,0
2020-12-07,12.2,5.0,22.2,48,0.0,0,5.4,,1023.7,,0
2020-12-08,13.9,6.1,26.1,45,0.0,0,5.0,,1024.0,,0
2020-12-09,16.2,7.8,27.8,35,0.0,0,3.6,,1020.7,,0
2020-12-10,16.6,6.7,25.6,52,0.0,0,6.5,,1015.4,,0
2020-12-11,18.0,13.9,21.7,84,1.5,0,2.5,,1011.6,,
2020-12-12,12.8,8.9,17.8,63,0.0,0,6.1,,1016.6,,0
2020-12-13,12.0,5.6,20.6,74,0.0,0,10.8,,1016.8,,
2020-12-14,5.8,2.2,11.1,65,0.0,0,7.6,,1025.1,,
2020-12-15,8.4,4.4,15.0,72,0.0,0,4.3,,1015.8,,
2020-12-16,7.4,2.2,14.4,47,0.0,0,6.1,,1021.6,,0
2020-12-17,8.0,-1.0,18.9,54,0.0,0,3.2,,1025.5,,0
2020-12-18,11.6,3.3,17.8,71,0.0,0,5.8,,1022.1,,
2020-12-19,15.2,6.7,20.6,77,19.6,0,2.9,,1018.8,,
2020-12-20,11.3,5.6,20.6,60,0.0,0,3.2,,1020.3,,0
2020-12-21,12.7,4.4,23.9,54,0.0,0,2.2,,1021.3,,0
2020-12-22,15.1,6.1,23.9,68,0.0,0,7.2,,1020.1,,
2020-12-23,19.1,8.3,27.8,57,0.0,0,11.2,,1013.6,,
2020-12-24,7.5,1.1,13.9,28,0.0,0,11.5,,1027.7,,0
2020-12-25,11.4,5.0,21.7,25,0.0,0,5.8,,1025.4,,0
2020-12-26,12.3,1.7,21.7,43,0.0,0,5.8,,1020.2,,0
2020-12-27,16.0,8.3,25.0,66,0.0,0,5.4,,1016.0,,0
2020-12-28,18.4,13.3,23.9,76,0.0,0,7.6,,1019.9,,
2020-12-29,19.6,17.2,25.0,73,0.0,0,16.2,,1015.8,,
2020-12-30,15.5,6.7,23.9,79,36.8,0,13.7,,1011.7,,
2020-12-31,4.6,2.8,6.7,88,45.2,0,11.9,,1008.9,,
2021-01-01,6.3,2.8,11.7,66,0.0,0,9.4,,1016.7,,
2021-01-02,8.7,2.8,17.8,54,0.0,0,4.0,,1022.8,,0
2021-01-03,11.8,2.8,22.2,50,0.0,0,5.8,,1018.5,,0
2021-01-04,14.4,3.9,25.6,52,0.0,0,4.0,,1018.1,,
2021-01-05,14.9,6.7,22.8,59,0.0,0,7.2,,1019.1,,
2021-01-06,16.3,9.4,21.7,69,0.8,0,9.0,,1014.5,,
2021-01-07,10.9,5.6,17.2,48,0.0,0,9.4,,1020.4,,0
2021-01-08,6.9,2.8,12.2,67,0.0,0,6.1,,1026.8,,
2021-01-09,6.4,0.0,12.2,66,0.3,0,3.2,,1026.9,,
2021-01-10,3.4,1.1,7.2,82,27.2,0,8.6,,1026.3,,
2021-01-11,4.2,0.0,10.0,73,0.0,3,7.2,,1030.9,,
2021-01-12,4.3,-0.5,11.7,73,0.0,0,1.8,,1029.9,,
2021-01-13,8.5,0.0,19.4,61,0.0,0,4.7,,1022.1,,0
2021-01-14,11.6,3.3,20.6,46,0.0,0,7.9,,1014.7,,
2021-01-15,9.5,3.9,15.6,29,0.0,0,10.1,,1021.2,,0
2021-01-16,9.5,2.8,18.3,34,0.0,0,5.0,,1020.5,,
2021-01-17,11.4,3.9,20.6,42,0.0,0,3.2,,1019.8,,0
2021-01-18,14.1,2.8,23.9,67,0.0,0,7.6,,1016.1,,
2021-01-19,15.2,10.0,20.6,83,8.9,0,10.1,,1022.4,,
2021-01-20,10.2,8.9,12.8,79,1.5,0,5.0,,1026.0,,
2021-01-21,14.2,10.0,18.9,85,0.0,0,1.8,,1016.5,,
2021-01-22,16.3,11.1,25.6,76,0.3,0,6.1,,1014.2,,
2021-01-23,13.6,10.0,16.1,84,0.3,0,5.0,,1016.6,,
2021-01-24,17.9,15.6,21.7,93,0.8,0,7.2,,1010.9,,
2021-01-25,19.6,9.4,24.4,53,1.5,0,7.6,,1006.6,,
2021-01-26,14.7,7.8,22.8,47,0.0,0,7.2,,1011.1,,0
2021-01-27,12.2,7.2,18.3,43,0.0,0,10.8,,1024.8,,
2021-01-28,7.6,3.3,13.3,55,0.0,0,5.4,,1033.3,,0
2021-01-29,11.6,2.2,20.6,64,0.0,0,6.8,,1024.1,,
2021-01-30,18.8,11.7,26.7,63,0.0,0,7.9,,1011.6,,
2021-01-31,14.8,9.4,20.6,36,0.0,0,11.2,,1022.2,,0
2021-02-01,11.5,5.0,19.4,42,0.0,0,6.1,,1029.3,,0
2021-02-02,11.9,4.4,20.6,44,0.0,0,4.0,,1023.5,,0
2021-02-03,15.5,7.2,25.0,63,0.0,0,8.6,,1015.9,,0
2021-02-04,19.8,12.8,29.4,57,0.0,0,14.8,,1009.6,,
2021-02-05,11.2,6.7,16.1,54,1.5,0,9.4,,1013.6,,
2021-02-06,14.4,8.9,23.9,58,0.0,0,7.9,,1011.9,,
2021-02-07,12.7,4.4,21.1,55,0.0,0,8.6,,1015.9,,0
2021-02-08,16.0,10.6,24.4,75,0.0,0,5.8,,1013.8,,
2021-02-09,13.9,7.8,17.8,83,0.0,0,6.5,,1017.8,,
2021-02-10,5.0,2.8,7.8,88,1.0,0,11.5,,1018.9,,
2021-02-11,0.6,-0.5,2.8,84,11.4,0,13.7,,1021.1,,
2021-02-12,-0.8,-1.6,0.6,78,0.0,0,9.0,,1023.1,,
2021-02-13,-1.8,-3.2,-0.5,79,0.0,0,12.6,,1023.2,,
2021-02-14,-4.5,-10.5,-1.0,80,5.1,0,15.1,,1023.2,,
2021-02-15,-9.2,-13.2,-3.8,67,13.2,15,13.7,,1028.2,,
2021-02-16,-7.8,-13.8,-3.2,61,0.5,13,4.7,,1024.0,,
2021-02-17,-2.0,-4.3,0.0,89,13.7,10,4.7,,1017.7,,
2021-02-18,-2.0,-4.3,0.6,79,0.3,10,7.9,,1028.2,,
2021-02-19,-0.7,-6.0,6.1,73,0.0,5,4.0,,1033.9,,
2021-02-20,6.4,-3.2,16.7,64,0.0,5,8.3,,1026.3,,
2021-02-21,14.9,6.7,24.4,66,0.0,0,6.8,,1018.5,,
2021-02-22,15.1,5.6,24.4,43,0.0,0,3.2,,1023.0,,0
2021-02-23,17.7,8.3,26.1,49,0.0,0,8.3,,1017.8,,
2021-02-24,22.1,17.8,30.0,59,0.0,0,8.3,,1015.1,,
2021-02-25,13.6,10.6,18.9,66,1.0,0,9.0,,1018.5,,
2021-02-26,11.8,8.3,15.6,81,0.5,0,2.9,,1014.9,,
2021-02-27,19.3,14.4,26.1,79,0.3,0,6.8,,1011.2,,
2021-02-28,21.5,14.4,23.3,77,0.0,0,9.4,,1010.5,,
2021-03-01,11.5,8.9,14.4,65,3.6,0,15.5,,1021.2,,
2021-03-02,12.7,7.2,19.4,48,0.0,0,6.5,,1024.0,,
2021-03-03,13.4,3.3,22.8,52,0.0,0,5.8,,1021.0,,0
2021-03-04,16.5,7.2,25.0,56,0.0,0,9.4,,1018.1,,0
2021-03-05,18.6,13.9,26.7,54,0.0,0,11.9,,1015.0,,
2021-03-06,15.1,9.4,20.6,53,0.0,0,10.4,,1024.2,,0
2021-03-07,14.2,5.0,21.7,40,0.0,0,6.1,,1027.3,,0
2021-03-08,15.6,7.2,23.3,56,0.0,0,6.8,,1028.5,,
2021-03-09,18.8,13.9,25.0,66,0.0,0,14.0,,1022.8,,
2021-03-10,21.7,17.8,28.3,65,0.0,0,16.9,,1016.8,,
2021-03-11,22.8,20.6,27.8,67,0.0,0,14.8,,1017.5,,
2021-03-12,23.3,20.6,27.2,69,0.0,0,15.1,,1019.6,,
2021-03-13,21.4,20.0,25.0,78,3.3,0,18.7,,1016.4,,
2021-03-14,17.5,11.7,25.6,60,0.3,0,8.3,,1013.0,,
2021-03-15,19.2,8.3,30.6,47,0.0,0,7.2,,1012.1,,0
2021-03-16,22.4,19.4,28.3,76,0.0,0,11.2,,1007.9,,
2021-03-17,20.4,12.2,25.0,45,0.3,0,16.9,,1008.8,,
2021-03-18,14.8,8.3,22.8,35,0.0,0,14.4,,1022.3,,0
2021-03-19,14.2,7.8,21.7,43,0.0,0,10.4,,1026.1,,0
2021-03-20,14.3,6.1,22.8,52,0.0,0,4.3,,1025.7,,0
2021-03-21,16.0,10.0,24.4,55,0.0,0,11.2,,1020.4,,
2021-03-22,17.2,13.9,22.8,74,6.9,0,13.0,,1010.1,,
2021-03-23,19.5,12.2,27.8,56,1.0,0,5.0,,1007.5,,
2021-03-24,18.0,12.2,22.2,68,0.0,0,8.3,,1005.8,,
2021-03-25,18.0,12.8,23.9,62,12.4,0,7.9,,1009.2,,
2021-03-26,19.2,8.9,28.9,50,0.0,0,7.2,,1012.5,,0
2021-03-27,23.9,18.9,30.6,67,0.0,0,7.9,,1010.1,,
2021-03-28,19.7,12.2,24.4,36,0.0,0,14.0,,1021.9,,
2021-03-29,16.6,7.2,25.6,48,0.0,0,7.6,,1020.4,,
2021-03-30,21.0,15.6,26.7,73,0.0,0,8.6,,1012.1,,
2021-03-31,19.3,13.3,22.8,53,0.5,0,13.3,,1020.6,,
2021-04-01,15.1,6.1,22.2,35,0.0,0,5.4,,1031.3,,0
2021-04-02,15.4,6.7,22.8,41,0.0,0,7.9,,1027.5,,
2021-04-03,14.7,11.1,18.9,72,8.9,0,7.9,,1025.3,,
2021-04-04,17.8,13.3,23.9,68,0.0,0,5.8,,1023.4,,
2021-04-05,20.1,15.0,28.3,69,0.0,0,9.4,,1016.9,,
2021-04-06,23.5,19.4,30.6,67,0.0,0,13.0,,1010.3,,
2021-04-07,24.6,16.7,31.7,55,0.0,0,7.9,,1008.9,,
2021-04-08,23.0,11.7,33.3,56,0.0,0,6.5,,1008.5,,
2021-04-09,25.7,20.6,33.3,64,0.0,0,10.1,,1002.6,,
2021-04-10,21.6,15.0,27.8,37,0.0,0,10.4,,1009.0,,0
2021-04-11,21.4,8.9,32.2,39,0.0,0,6.5,,1007.0,,0
2021-04-12,24.3,18.9,32.2,63,0.0,0,10.8,,1007.5,,
2021-04-13,25.0,21.7,28.9,62,0.0,0,7.6,,1012.1,,
2021-04-14,24.2,21.1,28.9,65,0.0,0,6.1,,1013.1,,
2021-04-15,18.8,16.1,22.8,82,1.8,0,6.5,,1013.1,,
2021-04-16,18.0,15.6,20.6,88,1.0,0,6.8,,1009.5,,
2021-04-17,14.7,11.7,18.9,58,0.0,0,14.4,,1017.6,,
2021-04-18,15.0,10.6,21.1,49,0.0,0,7.6,,1020.1,,0
2021-04-19,17.6,9.4,25.0,46,0.0,0,3.2,,1017.7,,
2021-04-20,18.9,10.6,29.4,45,0.0,0,8.6,,1016.9,,0
2021-04-21,12.6,6.7,20.0,38,0.0,0,10.8,,1024.4,,
2021-04-22,15.3,11.1,19.4,56,0.3,0,8.3,,1018.1,,
2021-04-23,19.7,16.7,22.2,91,21.1,0,7.2,,1008.5,,
2021-04-24,22.5,16.1,28.9,56,0.0,0,9.0,,1010.8,,0
2021-04-25,22.7,13.3,31.7,57,0.0,0,8.6,,1014.6,,0
2021-04-26,23.7,20.0,30.6,64,0.0,0,14.0,,1011.3,,
2021-04-27,23.5,20.6,26.7,77,0.0,0,13.3,,1009.1,,
2021-04-28,25.9,23.3,29.4,71,1.3,0,15.8,,1006.5,,
2021-04-29,22.2,20.0,23.9,89,18.0,0,7.9,,1010.8,,
2021-04-30,20.6,18.9,23.9,86,34.8,0,8.3,,1017.2,,
2021-05-01,20.3,18.3,24.4,86,36.6,0,7.9,,1012.6,,
2021-05-02,23.8,16.1,31.7,68,0.0,0,7.9,,1003.2,,1
2021-05-03,27.1,22.8,34.4,69,0.0,0,10.4,,1000.4,,
2021-05-04,24.9,19.4,28.9,57,0.0,0,11.5,,1010.2,,
2021-05-05,21.2,14.4,27.8,46,0.0,0,6.8,,1018.7,,0
2021-05-06,22.8,14.4,31.7,51,0.0,0,4.7,,1020.7,,0
2021-05-07,23.7,15.6,30.6,56,0.0,0,7.9,,1019.1,,0
2021-05-08,25.4,20.0,32.8,67,0.0,0,12.2,,1011.8,,
2021-05-09,27.3,23.3,32.2,68,0.3,0,7.2,,1008.3,,
2021-05-10,23.4,17.2,26.7,76,0.0,0,9.4,,1011.5,,
2021-05-11,18.8,16.7,24.4,84,6.6,0,6.8,,1014.2,,
2021-05-12,18.4,15.6,23.9,73,0.0,0,13.3,,1021.3,,
2021-05-13,19.3,15.6,23.9,68,0.0,0,5.4,,1024.4,,
2021-05-14,22.2,14.4,29.4,64,0.0,0,6.5,,1021.0,,
2021-05-15,22.8,19.4,26.7,72,0.0,0,10.8,,1017.3,,
2021-05-16,23.0,21.1,27.8,78,27.7,0,10.8,,1013.9,,
2021-05-17,23.0,18.9,27.8,77,9.9,0,8.3,,1010.7,,
2021-05-18,21.9,18.9,26.1,79,13.5,0,8.3,,1009.0,,
2021-05-19,20.0,17.8,22.8,79,0.0,0,3.6,,1010.5,,
2021-05-20,23.5,17.2,30.0,69,0.0,0,4.0,,1012.4,,
2021-05-21,24.9,20.6,30.6,70,0.0,0,7.9,,1015.8,,
2021-05-22,23.8,22.2,27.2,83,16.5,0,12.2,,1017.4,,
2021-05-23,22.3,21.1,23.3,85,4.3,0,9.7,,1019.2,,
2021-05-24,23.6,21.1,31.1,82,3.0,0,6.5,,1016.5,,
2021-05-25,26.3,22.2,32.8,76,0.3,0,10.4,,1015.7,,
2021-05-26,26.8,20.0,32.8,73,3.0,0,6.8,,1017.6,,
2021-05-27,27.3,23.9,32.2,69,0.0,0,10.4,,1014.7,,
2021-05-28,25.6,18.9,31.1,77,33.8,0,11.2,,1013.3,,
2021-05-29,24.4,18.9,31.1,70,0.0,0,4.0,,1013.8,,1
2021-05-30,24.4,20.6,31.1,77,12.2,0,6.1,,1016.4,,
2021-05-31,24.8,20.6,30.0,78,16.0,0,10.4,,1017.0,,
2021-06-01,23.9,20.0,30.6,74,15.2,0,5.0,,1016.7,,
2021-06-02,24.9,17.8,31.7,66,21.3,0,4.7,,1014.7,,
2021-06-03,19.6,17.8,22.8,84,24.4,0,2.9,,1014.8,,
2021-06-04,23.0,20.0,29.4,80,4.3,0,1.8,,1014.5,,
2021-06-05,23.6,20.6,28.3,79,1.0,0,1.8,,1011.7,,
2021-06-06,25.8,20.6,32.8,74,0.0,0,7.9,,1008.3,,
2021-06-07,27.8,25.6,32.8,75,0.0,0,8.3,,1008.5,,
2021-06-08,28.5,25.6,33.9,74,1.0,0,8.6,,1011.7,,
2021-06-09,29.0,25.0,35.0,72,0.0,0,8.3,,1013.9,,
2021-06-10,28.9,25.0,34.4,68,0.0,0,10.1,,1012.7,,
2021-06-11,28.8,25.6,33.9,66,0.0,0,9.7,,1010.7,,
2021-06-12,29.0,24.4,35.0,66,0.0,0,5.8,,1012.2,,
2021-06-13,30.2,23.9,37.2,61,0.0,0,2.5,,1013.3,,0
2021-06-14,30.6,24.4,37.8,57,0.0,0,3.6,,1013.2,,0
2021-06-15,30.5,23.9,37.2,56,0.0,0,4.3,,1014.3,,
2021-06-16,29.5,22.8,36.1,53,0.0,0,4.0,,1015.1,,0
2021-06-17,30.2,23.3,36.1,54,0.0,0,3.6,,1014.3,,1
2021-06-18,29.6,24.4,34.4,56,0.0,0,4.3,,1012.2,,1
2021-06-19,28.5,21.1,35.6,56,0.0,0,4.3,,1010.6,,1
2021-06-20,29.1,24.4,35.0,68,0.0,0,10.1,,1008.7,,
2021-06-21,30.4,27.2,35.6,68,0.0,0,9.4,,1008.5,,
2021-06-22,27.1,22.8,31.7,70,0.3,0,8.3,,1013.8,,
2021-06-23,30.0,26.1,36.7,67,0.3,0,7.9,,1013.2,,
2021-06-24,30.4,25.6,36.7,64,0.0,0,10.1,,1013.8,,
2021-06-25,29.8,25.6,36.1,64,0.0,0,11.5,,1012.2,,
2021-06-26,29.9,25.6,36.7,63,0.0,0,11.9,,1010.4,,
2021-06-27,27.6,24.4,33.3,70,3.0,0,5.4,,1011.9,,
2021-06-28,25.9,23.3,32.8,77,0.0,0,6.5,,1012.9,,
2021-06-29,25.3,23.3,31.1,83,19.8,0,6.5,,1016.3,,
2021-06-30,27.6,23.9,33.9,73,0.5,0,3.6,,1017.0,,
2021-07-01,28.8,23.3,35.6,67,0.5,0,4.0,,1014.5,,
2021-07-02,29.5,24.4,36.1,65,0.0,0,2.9,,1013.0,,0
2021-07-03,28.3,24.4,33.9,71,0.0,0,6.1,,1013.4,,1
2021-07-04,25.9,23.9,30.0,83,33.0,0,3.6,,1012.9,,
2021-07-05,25.7,23.9,29.4,84,27.9,0,2.9,,1013.5,,
2021-07-06,26.1,23.9,32.2,80,13.2,0,6.8,,1013.6,,
2021-07-07,26.0,22.8,31.1,78,0.0,0,5.0,,1012.7,,
2021-07-08,26.4,23.3,31.7,74,5.1,0,6.8,,1012.6,,
2021-07-09,25.0,23.9,27.2,88,5.8,0,10.1,,1014.9,,
2021-07-10,27.5,23.9,34.4,78,13.2,0,6.5,,1015.4,,
2021-07-11,28.3,25.0,32.8,72,0.0,0,5.0,,1014.9,,
2021-07-12,27.3,23.9,31.1,73,0.0,0,6.8,,1016.7,,
2021-07-13,25.3,22.2,32.8,75,0.8,0,4.0,,1020.0,,
2021-07-14,26.2,22.2,33.9,73,0.8,0,6.1,,1020.2,,
2021-07-15,28.3,24.4,33.9,69,0.0,0,7.9,,1017.0,,
2021-07-16,28.6,24.4,34.4,68,0.0,0,10.1,,1014.7,,
2021-07-17,29.2,25.0,34.4,65,0.0,0,8.6,,1016.1,,
2021-07-18,29.1,23.3,35.0,67,0.0,0,4.7,,1017.6,,1
2021-07-19,27.6,23.9,36.1,75,1.5,0,4.7,,1016.3,,1
2021-07-20,27.2,22.8,33.3,71,0.0,0,4.7,,1014.4,,
2021-07-21,27.5,22.8,33.9,66,0.8,0,4.3,,1015.6,,
2021-07-22,26.3,21.7,34.4,75,0.0,0,5.0,,1018.8,,1
2021-07-23,28.6,23.3,35.0,70,0.3,0,9.0,,1018.3,,
2021-07-24,30.0,25.0,36.7,62,0.0,0,9.4,,1016.0,,
2021-07-25,29.8,23.9,37.8,61,0.0,0,6.5,,1014.3,,1
2021-07-26,30.0,23.3,37.2,62,0.0,0,4.0,,1013.4,,0
2021-07-27,30.1,23.9,36.7,57,0.0,0,2.9,,1014.3,,0
2021-07-28,30.5,25.6,36.1,57,0.0,0,4.0,,1015.2,,0
2021-07-29,29.1,24.4,36.7,65,0.0,0,1.4,,1015.8,,0
2021-07-30,29.9,23.9,36.1,62,0.0,0,5.4,,1016.5,,0
2021-07-31,29.9,25.0,36.7,66,0.0,0,4.3,,1015.9,,1
2021-08-01,29.8,25.6,38.3,64,0.0,0,4.7,,1015.1,,
2021-08-02,24.8,23.3,30.0,86,20.6,0,3.2,,1015.8,,
2021-08-03,27.8,23.9,33.9,70,0.0,0,5.0,,1014.3,,
2021-08-04,28.2,23.3,33.3,64,0.0,0,5.8,,1014.8,,
2021-08-05,26.7,25.0,30.0,76,0.8,0,5.4,,1016.9,,
2021-08-06,27.7,23.9,33.3,73,2.5,0,5.4,,1016.1,,
2021-08-07,29.3,24.4,35.6,66,0.0,0,9.0,,1014.3,,
2021-08-08,30.0,25.6,36.7,64,0.0,0,10.8,,1013.3,,
2021-08-09,30.1,26.1,37.2,64,0.0,0,10.8,,1014.3,,
2021-08-10,30.1,25.0,37.2,62,0.0,0,10.4,,1016.3,,
2021-08-11,29.9,25.0,37.2,65,0.0,0,9.0,,1016.2,,
2021-08-12,30.3,25.0,37.2,62,0.0,0,7.6,,1016.2,,
2021-08-13,29.9,24.4,37.2,64,0.0,0,5.0,,1017.6,,
2021-08-14,29.9,24.4,37.2,61,0.0,0,4.0,,1018.2,,0
2021-08-15,26.1,22.2,34.4,79,61.0,0,1.8,,1016.0,,
2021-08-16,27.5,21.7,34.4,70,0.0,0,3.2,,1012.5,,1
2021-08-17,28.5,23.9,33.9,70,0.0,0,5.4,,1011.5,,
2021-08-18,29.0,26.7,35.0,74,0.0,0,9.7,,1013.0,,
2021-08-19,30.5,26.7,36.1,64,0.0,0,10.4,,1013.6,,
2021-08-20,29.6,25.6,35.0,65,0.0,0,10.1,,1012.1,,
2021-08-21,30.0,25.6,36.7,65,0.0,0,7.9,,1012.6,,
2021-08-22,29.6,23.9,36.7,64,0.0,0,4.7,,1014.9,,
2021-08-23,29.6,23.3,36.1,62,0.0,0,6.1,,1014.8,,0
2021-08-24,30.3,24.4,36.7,60,0.0,0,5.4,,1014.3,,1
2021-08-25,30.5,24.4,36.7,59,0.0,0,5.0,,1015.2,,0
2021-08-26,30.2,25.0,37.8,59,0.0,0,2.9,,1014.2,,
2021-08-27,27.5,24.4,32.2,72,1.5,0,4.7,,1012.9,,
2021-08-28,28.0,23.9,34.4,70,5.1,0,3.2,,1013.1,,
2021-08-29,28.5,24.4,35.6,68,0.0,0,3.2,,1012.3,,
2021-08-30,29.3,23.9,35.6,64,0.0,0,1.8,,1009.4,,
2021-08-31,30.8,23.9,37.8,58,0.0,0,3.2,,1007.3,,0
2021-09-01,30.8,25.6,37.8,62,0.0,0,6.8,,1008.4,,1
2021-09-02,30.5,26.1,37.2,64,0.0,0,6.5,,1011.2,,1
2021-09-03,30.4,25.6,37.2,63,0.0,0,5.8,,1012.7,,
2021-09-04,30.5,25.0,37.8,59,0.0,0,7.9,,1012.6,,1
2021-09-05,30.9,23.9,38.9,52,0.0,0,4.3,,1012.3,,0
2021-09-06,28.7,23.3,37.8,60,2.5,0,3.6,,1013.3,,1
2021-09-07,28.4,22.2,36.1,61,0.0,0,2.5,,1012.4,,0
2021-09-08,29.3,20.6,38.3,45,0.0,0,4.0,,1012.8,,0
2021-09-09,28.5,20.6,36.1,40,0.0,0,6.8,,1015.2,,0
2021-09-10,27.6,19.4,35.6,38,0.0,0,3.2,,1016.6,,0
2021-09-11,26.4,18.3,33.9,46,0.0,0,2.9,,1017.6,,0
2021-09-12,27.3,20.6,34.4,59,0.0,0,4.7,,1017.3,,1
2021-09-13,26.8,23.9,32.8,62,0.0,0,9.4,,1015.5,,
2021-09-14,25.9,22.8,31.1,62,0.0,0,9.4,,1011.2,,
2021-09-15,27.0,23.3,33.9,59,0.0,0,9.4,,1010.4,,
2021-09-16,27.8,21.1,35.0,56,0.0,0,4.0,,1011.0,,
2021-09-17,28.8,21.1,37.2,58,0.0,0,3.2,,1013.2,,
2021-09-18,29.4,22.2,37.2,54,0.0,0,4.3,,1014.8,,
2021-09-19,30.0,22.8,38.3,52,0.0,0,3.2,,1011.7,,
2021-09-20,30.9,23.9,38.9,53,0.0,0,7.9,,1010.1,,
2021-09-21,29.5,25.0,35.0,59,0.0,0,7.2,,1015.8,,
2021-09-22,24.9,17.8,30.6,28,0.0,0,9.4,,1022.9,,
2021-09-23,22.8,14.4,31.7,34,0.0,0,4.0,,1018.5,,
2021-09-24,23.5,15.6,31.7,43,0.0,0,3.6,,1017.4,,
2021-09-25,24.4,16.1,32.2,49,0.0,0,3.2,,1018.3,,0
2021-09-26,24.6,16.1,33.3,47,0.0,0,5.8,,1017.2,,0
2021-09-27,25.8,18.3,34.4,55,0.0,0,4.7,,1014.6,,0
2021-09-28,27.6,20.0,36.7,62,36.1,0,7.2,,1010.7,,
2021-09-29,24.3,20.0,32.2,75,6.9,0,7.9,,1010.5,,
2021-09-30,26.9,23.3,34.4,72,0.0,0,5.4,,1012.3,,
2021-10-01,24.0,20.0,31.1,78,24.6,0,4.3,,1015.7,,
2021-10-02,25.6,24.4,31.1,76,0.0,0,1.4,,1017.4,,
2021-10-03,26.5,21.1,32.2,63,0.0,0,3.6,,1015.7,,1
2021-10-04,25.8,18.3,33.3,50,0.0,0,4.0,,1016.1,,
2021-10-05,24.2,17.8,32.8,47,0.0,0,5.4,,1016.2,,
2021-10-06,23.6,15.6,32.2,47,0.0,0,3.6,,1016.5,,
2021-10-07,25.3,18.3,32.8,54,0.0,0,3.6,,1017.0,,0
2021-10-08,25.5,18.9,32.8,57,0.0,0,4.7,,1016.8,,0
2021-10-09,24.6,18.3,31.7,65,0.0,0,6.1,,1013.8,,0
2021-10-10,26.6,17.8,33.3,72,14.2,0,12.6,,1007.3,,
2021-10-11,22.2,16.7,28.9,61,1.3,0,3.2,,1010.8,,
2021-10-12,25.2,20.6,31.1,76,1.0,0,9.7,,1010.0,,
2021-10-13,27.0,20.0,31.7,73,62.2,0,9.4,,1008.6,,
2021-10-14,22.9,20.0,26.1,86,11.9,0,1.1,,1010.0,,
2021-10-15,24.3,18.3,32.8,70,0.0,0,9.4,,1014.5,,
2021-10-16,18.4,12.2,23.9,41,0.0,0,7.2,,1025.7,,0
2021-10-17,16.6,10.0,23.9,49,0.0,0,1.8,,1025.2,,0
2021-10-18,17.8,9.4,25.6,57,0.0,0,5.0,,1019.6,,0
2021-10-19,21.2,14.4,28.9,65,0.0,0,6.8,,1016.4,,1
2021-10-20,23.3,19.4,29.4,74,0.0,0,0.7,,1017.9,,
2021-10-21,23.6,17.8,30.0,71,0.0,0,1.1,,1019.2,,
2021-10-22,23.9,18.3,30.6,68,0.0,0,3.6,,1016.5,,1
2021-10-23,25.0,21.1,31.7,72,0.0,0,8.3,,1011.7,,
2021-10-24,24.3,21.1,30.6,76,0.0,0,5.4,,1010.1,,
2021-10-25,25.1,21.1,32.2,78,0.0,0,4.0,,1012.9,,
2021-10-26,25.6,22.2,30.6,76,0.0,0,11.5,,1009.3,,
2021-10-27,21.8,12.8,25.6,58,19.3,0,11.2,,1004.8,,
2021-10-28,18.5,13.3,26.1,35,0.0,0,14.0,,1013.1,,
2021-10-29,17.7,11.1,24.4,28,0.0,0,10.8,,1017.0,,
2021-10-30,17.6,10.6,27.8,43,0.0,0,3.2,,1014.3,,0
2021-10-31,19.3,11.1,28.9,56,0.0,0,4.7,,1016.2,,0
2021-11-01,19.7,11.7,27.8,65,0.0,0,4.7,,1020.8,,0
2021-11-02,20.1,15.6,26.1,76,0.0,0,2.9,,1021.6,,
2021-11-03,13.5,10.0,18.3,87,43.9,0,8.6,,1021.8,,
2021-11-04,11.2,7.2,16.7,75,0.0,0,7.9,,1025.1,,
2021-11-05,11.3,5.0,18.9,67,0.0,0,1.4,,1024.1,,0
2021-11-06,12.9,5.6,21.7,66,0.0,0,1.4,,1024.2,,0
2021-11-07,14.9,7.2,23.9,69,0.0,0,2.9,,1022.9,,0
2021-11-08,17.3,10.6,25.6,73,0.0,0,4.7,,1022.7,,
2021-11-09,18.9,13.9,26.1,77,0.0,0,4.0,,1021.1,,
2021-11-10,21.4,17.2,27.2,72,0.0,0,6.8,,1013.3,,
2021-11-11,19.3,10.6,23.9,53,0.0,0,7.9,,1017.0,,0
2021-11-12,15.7,7.2,26.1,56,0.0,0,2.5,,1021.8,,
2021-11-13,14.5,7.8,21.7,40,0.0,0,4.3,,1024.6,,
2021-11-14,17.2,8.9,26.7,62,0.0,0,2.5,,1019.8,,
2021-11-15,19.8,14.4,27.8,73,0.0,0,4.3,,1019.6,,
2021-11-16,21.7,18.3,27.8,71,0.0,0,12.4,,1015.7,,
2021-11-17,22.1,17.2,28.3,66,0.0,0,8.3,,1014.8,,
2021-11-18,15.3,11.1,18.9,32,0.0,0,11.9,,1027.2,,
2021-11-19,13.1,6.1,19.4,37,0.0,0,4.7,,1028.3,,0
2021-11-20,16.0,9.4,23.9,76,0.0,0,5.4,,1020.9,,
2021-11-21,20.2,15.0,25.6,70,0.0,0,6.1,,1019.7,,
2021-11-22,14.5,7.2,21.7,41,0.0,0,6.1,,1025.8,,0
2021-11-23,13.1,3.9,21.7,57,0.0,0,5.4,,1022.0,,0
2021-11-24,18.7,11.7,25.6,74,1.8,0,5.8,,1016.3,,
2021-11-25,15.6,10.0,20.6,57,0.0,0,10.4,,1023.8,,
2021-11-26,10.0,6.7,13.9,46,0.0,0,5.0,,1027.2,,0
2021-11-27,9.9,8.3,11.1,82,15.2,0,1.4,,1020.9,,
2021-11-28,13.8,7.8,22.2,70,0.0,0,3.6,,1022.5,,
2021-11-29,13.8,7.2,22.8,57,0.0,0,3.6,,1022.8,,0
2021-11-30,15.7,8.9,23.9,64,0.0,0,5.0,,1019.9,,0
2021-12-01,17.1,10.0,24.4,79,0.0,0,2.5,,1019.9,,0
2021-12-02,17.8,11.1,27.2,81,0.0,0,2.2,,1020.1,,0
2021-12-03,20.1,16.7,23.9,85,0.8,0,5.0,,1016.8,,
2021-12-04,21.0,17.8,25.6,78,0.0,0,4.3,,1017.0,,
2021-12-05,22.2,19.4,26.7,79,0.0,0,7.9,,1013.5,,
2021-12-06,17.3,8.3,22.8,55,0.0,0,10.4,,1017.9,,
2021-12-07,12.0,4.4,20.6,45,0.0,0,3.6,,1017.4,,0
2021-12-08,16.2,7.2,26.1,60,0.0,0,3.2,,1015.3,,0
2021-12-09,20.5,16.7,26.1,79,0.0,0,6.8,,1011.5,,
2021-12-10,23.9,21.7,29.4,77,0.3,0,6.8,,1007.6,,
2021-12-11,13.5,4.4,22.2,39,0.0,0,11.5,,1020.9,,
2021-12-12,8.6,0.6,16.7,52,0.0,0,2.5,,1025.6,,0
2021-12-13,12.7,6.7,18.3,64,0.0,0,2.5,,1023.6,,
2021-12-14,18.7,14.4,25.0,87,0.3,0,2.2,,1021.9,,
2021-12-15,23.2,20.6,27.2,75,0.0,0,11.5,,1016.7,,
2021-12-16,23.1,21.7,26.1,77,0.0,0,7.2,,1014.9,,
2021-12-17,23.1,21.7,26.1,75,0.0,0,10.8,,1013.2,,
2021-12-18,15.3,7.8,22.2,73,41.4,0,12.2,,1017.3,,
2021-12-19,8.6,4.4,13.3,48,0.3,0,7.6,,1026.2,,
2021-12-20,10.0,6.1,15.6,56,0.0,0,1.4,,1022.8,,
2021-12-21,11.0,3.3,20.0,69,0.0,0,2.9,,1019.8,,
2021-12-22,15.5,9.4,23.9,68,0.0,0,6.5,,1016.6,,
2021-12-23,16.8,12.8,21.7,82,0.0,0,6.1,,1016.9,,
2021-12-24,19.8,16.1,25.6,76,0.0,0,10.4,,1012.5,,
2021-12-25,20.9,16.7,26.1,76,0.0,0,5.8,,1012.0,,
2021-12-26,19.7,15.6,24.4,81,0.0,0,6.5,,1012.5,,
2021-12-27,21.6,19.4,26.1,74,0.0,0,9.7,,1009.9,,
2021-12-28,20.5,16.7,23.9,80,0.0,0,5.4,,1005.3,,
2021-12-29,20.8,15.0,27.8,77,0.0,0,2.2,,1007.2,,
2021-12-30,19.5,13.9,27.8,71,0.0,0,3.6,,1011.3,,
2021-12-31,22.0,18.9,28.3,79,0.0,0,8.3,,1007.4,,
2022-01-01,21.3,3.3,25.6,66,0.0,0,7.9,,1005.0,,
2022-01-02,2.4,-3.8,8.9,44,0.0,0,14.0,,1028.2,,
2022-01-03,5.0,-2.1,13.9,47,0.0,0,2.9,,1031.7,,0
2022-01-04,10.0,2.2,19.4,50,0.0,0,5.4,,1020.8,,0
2022-01-05,13.2,5.6,23.3,56,0.0,0,2.2,,1013.1,,0
2022-01-06,8.1,1.1,13.3,53,0.0,0,11.2,,1017.8,,0
2022-01-07,2.1,-2.1,5.6,64,0.5,0,3.2,,1023.4,,
2022-01-08,11.4,5.6,17.2,92,3.0,0,3.2,,1016.5,,
2022-01-09,13.4,8.9,17.8,66,0.0,0,10.8,,1024.4,,
2022-01-10,9.5,5.0,15.0,36,0.0,0,11.5,,1035.7,,
2022-01-11,7.3,5.0,10.6,53,0.0,0,1.8,,1034.2,,
2022-01-12,10.7,6.1,18.9,60,0.0,0,1.4,,1026.9,,
2022-01-13,12.6,4.4,23.9,50,0.0,0,5.0,,1021.7,,0
2022-01-14,15.1,6.1,25.6,46,0.0,0,5.8,,1013.1,,0
2022-01-15,9.6,5.0,17.8,35,0.0,0,20.2,,1020.4,,0
2022-01-16,8.0,1.1,17.2,36,0.0,0,5.4,,1021.3,,0
2022-01-17,10.1,1.1,20.0,40,0.0,0,3.6,,1019.9,,0
2022-01-18,14.7,6.7,23.9,58,0.0,0,7.9,,1015.2,,
2022-01-19,18.8,5.6,27.2,64,0.0,0,9.0,,1013.8,,
2022-01-20,2.0,0.0,5.6,42,0.0,0,16.9,,1029.0,,
2022-01-21,3.2,-2.1,10.0,31,0.0,0,7.9,,1030.4,,0
2022-01-22,4.9,-2.1,12.8,42,0.0,0,3.2,,1030.7,,0
2022-01-23,10.1,5.6,14.4,46,0.0,0,0.7,,1024.6,,
2022-01-24,10.2,6.7,11.7,80,3.3,0,0.7,,1014.7,,
2022-01-25,10.1,7.8,11.7,81,0.0,0,5.8,,1018.2,,
2022-01-26,9.0,5.6,12.8,62,0.0,0,6.5,,1025.7,,
2022-01-27,11.3,5.0,16.1,56,0.0,0,2.2,,1024.9,,
2022-01-28,9.8,3.3,15.6,42,0.0,0,10.8,,1031.6,,
2022-01-29,10.0,2.2,20.0,41,0.0,0,5.0,,1028.2,,0
2022-01-30,12.2,2.2,21.7,45,0.0,0,3.2,,1021.2,,0
2022-01-31,13.2,11.1,15.0,86,49.3,0,4.3,,1015.0,,
2022-02-01,14.4,11.7,18.9,83,0.0,0,1.4,,1011.1,,
2022-02-02,10.3,2.8,15.6,86,32.0,0,8.3,,1011.4,,
2022-02-03,-1.5,-5.5,2.8,80,39.4,0,17.6,,1022.9,,
2022-02-04,-1.5,-6.0,5.6,68,0.0,0,13.3,,1036.3,,
2022-02-05,2.8,-3.2,11.1,56,0.0,0,5.8,,1033.9,,0
2022-02-06,6.1,-1.6,15.0,54,0.0,0,2.5,,1024.4,,0
2022-02-07,8.7,2.8,16.7,54,0.0,0,7.2,,1028.6,,0
2022-02-08,10.4,1.7,20.0,46,0.0,0,4.3,,1025.2,,0
2022-02-09,13.2,5.0,23.9,40,0.0,0,3.2,,1020.1,,0
2022-02-10,13.8,4.4,23.9,43,0.0,0,4.0,,1018.9,,0
2022-02-11,16.4,8.9,25.0,49,0.0,0,6.5,,1014.3,,0
2022-02-12,10.4,1.7,14.4,53,1.0,0,12.2,,1025.1,,
2022-02-13,8.7,-1.0,19.4,38,0.0,0,4.0,,1031.7,,0
2022-02-14,11.8,2.2,21.7,39,0.0,0,5.8,,1026.3,,0
2022-02-15,14.6,5.6,23.9,60,0.0,0,9.0,,1021.3,,1
2022-02-16,19.5,16.1,25.0,74,0.0,0,15.5,,1012.5,,
2022-02-17,14.6,2.2,22.2,57,0.3,0,14.4,,1015.6,,
2022-02-18,6.8,0.0,15.6,45,0.0,0,7.9,,1028.0,,0
2022-02-19,9.4,0.0,18.9,44,0.0,0,3.2,,1029.0,,0
2022-02-20,13.7,5.0,22.8,52,0.0,0,6.5,,1021.3,,0
2022-02-21,21.8,16.7,29.4,71,0.0,0,11.9,,1011.5,,
2022-02-22,20.6,8.9,31.1,56,0.0,0,10.8,,1013.5,,
2022-02-23,1.9,-1.6,8.9,63,0.0,0,15.5,,1024.7,,
2022-02-24,-0.2,-2.1,2.2,82,0.0,0,10.8,,1024.2,,
2022-02-25,1.4,-0.5,3.9,61,0.0,0,13.3,,1030.7,,
2022-02-26,3.4,2.2,5.0,82,1.0,0,9.4,,1028.9,,
2022-02-27,7.9,2.8,16.7,56,0.0,0,10.1,,1030.0,,
2022-02-28,10.0,0.6,20.0,39,0.0,0,3.2,,1027.4,,0
2022-03-01,13.2,1.7,23.3,37,0.0,0,2.9,,1023.3,,0
2022-03-02,15.7,5.6,24.4,42,0.0,0,5.4,,1021.9,,0
2022-03-03,18.7,10.6,26.7,54,0.0,0,5.0,,1020.6,,0
2022-03-04,20.0,16.1,26.1,71,0.0,0,10.4,,1018.1,,
2022-03-05,21.7,18.3,27.8,69,0.0,0,11.5,,1013.8,,
2022-03-06,23.0,20.6,27.8,71,0.0,0,11.9,,1012.1,,
2022-03-07,9.4,6.1,22.8,54,1.3,0,14.4,,1022.2,,
2022-03-08,8.1,5.6,12.8,55,0.3,0,10.4,,1018.7,,
2022-03-09,9.3,2.2,16.7,52,0.0,0,4.0,,1017.6,,0
2022-03-10,13.9,3.3,23.3,54,0.0,0,5.0,,1013.9,,
2022-03-11,7.7,2.8,17.2,61,1.0,0,16.6,,1019.1,,
2022-03-12,6.5,-2.1,14.4,32,0.0,0,6.5,,1031.5,,0
2022-03-13,10.7,0.6,20.0,39,0.0,0,9.0,,1025.3,,
2022-03-14,18.3,10.0,27.8,56,0.0,0,8.6,,1017.0,,
2022-03-15,18.3,11.7,25.6,33,0.0,0,10.1,,1020.4,,0
2022-03-16,17.9,6.7,28.9,47,0.0,0,7.6,,1015.8,,0
2022-03-17,17.6,12.8,22.2,77,0.0,0,7.9,,1008.2,,
2022-03-18,17.2,10.0,23.9,39,0.0,0,12.6,,1016.1,,0
2022-03-19,16.4,6.1,26.7,35,0.0,0,4.0,,1022.0,,0
2022-03-20,18.0,8.9,26.7,40,0.0,0,10.8,,1020.4,,0
2022-03-21,19.8,15.0,26.7,81,14.7,0,13.7,,1007.4,,
2022-03-22,15.7,10.0,18.9,51,0.5,0,14.4,,1009.0,,
2022-03-23,13.7,6.7,21.7,34,0.0,0,7.9,,1016.5,,0
2022-03-24,15.2,7.2,25.0,28,0.0,0,7.9,,1016.6,,0
2022-03-25,18.5,5.6,30.0,32,0.0,0,5.0,,1018.2,,0
2022-03-26,22.8,12.2,32.8,26,0.0,0,7.9,,1016.2,,
2022-03-27,22.5,14.4,31.1,35,0.0,0,11.5,,1014.4,,0
2022-03-28,21.7,14.4,30.6,61,0.0,0,12.6,,1014.3,,1
2022-03-29,22.6,20.0,26.7,66,0.0,0,18.0,,1007.0,,
2022-03-30,21.8,13.9,26.7,50,7.4,0,11.5,,1002.5,,
2022-03-31,16.8,7.2,26.1,42,0.0,0,4.3,,1011.1,,0
2022-04-01,18.9,9.4,27.8,43,0.0,0,9.0,,1013.9,,0
2022-04-02,22.4,15.0,31.1,48,0.0,0,5.4,,1014.8,,0
2022-04-03,21.6,11.7,30.6,55,0.0,0,9.0,,1012.9,,0
2022-04-04,22.0,18.9,26.7,75,0.0,0,8.6,,1007.0,,
2022-04-05,27.7,21.7,35.6,55,0.0,0,8.6,,1001.9,,
2022-04-06,21.8,17.2,27.2,34,0.0,0,13.7,,1008.7,,0
2022-04-07,18.9,10.0,25.6,16,0.0,0,11.5,,1021.7,,0
2022-04-08,17.4,8.9,26.1,25,0.0,0,8.6,,1022.4,,0
2022-04-09,19.6,6.7,31.1,34,0.0,0,9.7,,1017.1,,
2022-04-10,22.3,15.6,31.1,60,0.0,0,12.6,,1008.4,,
2022-04-11,23.4,20.0,28.9,73,1.0,0,12.6,,1007.5,,
2022-04-12,26.1,22.2,33.3,67,0.0,0,14.4,,1005.4,,
2022-04-13,26.8,20.0,35.0,49,0.3,0,11.9,,1005.6,,
2022-04-14,21.2,13.9,28.3,34,0.0,0,10.1,,1015.0,,0
2022-04-15,22.1,17.8,28.3,66,0.0,0,7.6,,1011.9,,
2022-04-16,24.7,22.2,28.3,73,0.0,0,6.1,,1011.2,,
2022-04-17,24.8,18.3,31.1,70,0.0,0,2.9,,1011.6,,
2022-04-18,21.4,16.7,26.1,57,0.0,0,7.9,,1019.1,,
2022-04-19,18.4,13.3,21.7,65,0.5,0,12.2,,1019.0,,
2022-04-20,23.9,19.4,30.0,72,0.3,0,13.7,,1011.8,,
2022-04-21,24.6,22.8,26.7,73,0.0,0,12.6,,1016.1,,
2022-04-22,25.4,21.7,32.8,66,0.0,0,16.9,,1017.5,,
2022-04-23,25.0,21.1,31.7,62,0.0,0,15.8,,1011.5,,
2022-04-24,25.4,21.1,32.8,65,0.3,0,13.0,,1010.1,,
2022-04-25,19.3,15.6,23.9,84,39.4,0,8.6,,1017.5,,
2022-04-26,18.9,12.8,25.0,63,1.5,0,7.9,,1024.7,,
2022-04-27,21.1,16.1,25.6,65,0.0,0,7.9,,1020.2,,
2022-04-28,24.2,20.6,31.1,66,0.0,0,11.2,,1013.5,,
2022-04-29,24.7,21.1,30.0,69,0.0,0,11.2,,1008.5,,
2022-04-30,26.3,22.8,32.8,66,0.5,0,6.1,,1009.3,,
2022-05-01,25.7,20.6,30.6,68,1.3,0,8.6,,1012.4,,
2022-05-02,25.6,21.1,29.4,67,0.0,0,11.5,,1009.5,,
2022-05-03,27.1,23.9,33.9,69,0.3,0,9.4,,1010.6,,
2022-05-04,26.7,22.8,33.3,68,1.8,0,12.6,,1010.9,,
2022-05-05,24.3,19.4,31.1,81,9.7,0,7.2,,1009.2,,
2022-05-06,25.1,15.6,35.0,70,0.0,0,6.5,,1010.3,,1
2022-05-07,29.2,22.8,36.1,65,0.0,0,9.0,,1006.0,,0
2022-05-08,28.9,23.3,36.7,64,0.0,0,13.0,,1004.4,,
2022-05-09,29.1,24.4,36.1,65,0.0,0,13.7,,1007.2,,
2022-05-10,28.7,24.4,34.4,65,0.0,0,12.6,,1014.0,,
2022-05-11,27.7,23.3,34.4,62,0.0,0,11.5,,1017.3,,
2022-05-12,27.3,21.1,34.4,62,0.0,0,9.4,,1014.6,,
2022-05-13,26.5,20.0,33.3,60,0.0,0,7.9,,1011.5,,1
2022-05-14,28.1,21.7,36.1,58,0.0,0,7.9,,1012.5,,1
2022-05-15,28.5,21.1,36.1,55,0.0,0,7.2,,1012.0,,0
2022-05-16,29.0,22.8,37.2,53,0.0,0,9.0,,1012.5,,
2022-05-17,28.5,21.7,37.2,56,0.0,0,10.8,,1012.4,,
2022-05-18,28.4,22.2,36.7,56,0.0,0,11.9,,1010.5,,
2022-05-19,28.5,22.2,36.7,56,0.0,0,13.0,,1006.5,,
2022-05-20,28.7,24.4,36.1,62,0.0,0,13.0,,1002.6,,
2022-05-21,30.1,20.6,37.8,60,8.1,0,11.2,,1008.5,,
2022-05-22,22.2,17.2,28.9,63,0.3,0,8.3,,1018.6,,
2022-05-23,24.1,19.4,31.7,67,0.0,0,7.2,,1015.0,,
2022-05-24,26.3,16.1,31.7,61,25.4,0,11.9,,1006.3,,
2022-05-25,21.4,16.7,28.9,60,4.8,0,7.6,,1010.4,,
2022-05-26,25.6,14.4,36.7,47,0.0,0,3.6,,1013.5,,0
2022-05-27,28.6,21.7,36.7,50,0.0,0,3.2,,1014.2,,0
2022-05-28,28.9,22.2,36.1,54,0.0,0,9.7,,1010.3,,
2022-05-29,28.9,23.3,36.7,58,0.0,0,14.0,,1005.5,,
2022-05-30,29.0,24.4,36.1,59,0.0,0,15.5,,1006.0,,
2022-05-31,29.7,24.4,37.2,60,0.0,0,12.6,,1009.6,,
2022-06-01,29.2,25.0,36.1,66,0.0,0,9.7,,1011.7,,
2022-06-02,27.7,22.8,33.3,64,0.0,0,5.0,,1013.0,,
2022-06-03,27.9,22.2,33.9,58,0.0,0,5.8,,1012.0,,
2022-06-04,27.0,20.0,33.9,65,15.2,0,5.8,,1009.4,,
2022-06-05,29.0,21.7,37.2,60,0.0,0,10.8,,1005.8,,0
2022-06-06,30.5,24.4,39.4,61,0.0,0,15.1,,1004.5,,
2022-06-07,30.6,25.0,39.4,60,0.0,0,13.7,,1007.3,,
2022-06-08,30.3,24.4,38.3,60,0.0,0,8.3,,1010.5,,
2022-06-09,30.7,24.4,38.3,60,0.0,0,5.0,,1013.3,,1
2022-06-10,31.7,25.0,39.4,55,0.0,0,6.1,,1010.9,,0
2022-06-11,32.6,25.0,40.0,51,0.0,0,8.3,,1008.9,,0
2022-06-12,32.2,25.0,40.6,57,0.0,0,10.4,,1009.1,,1
2022-06-13,31.0,25.0,38.9,58,0.0,0,13.7,,1011.8,,
2022-06-14,30.9,25.6,38.3,58,0.0,0,13.7,,1012.2,,
2022-06-15,30.4,26.1,36.7,61,0.0,0,11.5,,1013.6,,
2022-06-16,31.4,24.4,39.4,54,0.0,0,8.6,,1016.2,,
2022-06-17,31.1,23.9,37.8,52,0.0,0,5.8,,1015.1,,0
2022-06-18,31.1,23.9,37.8,51,0.0,0,9.0,,1014.2,,0
2022-06-19,31.6,23.9,38.9,53,0.0,0,6.1,,1014.9,,0
2022-06-20,31.6,23.3,39.4,49,0.0,0,7.6,,1015.8,,0
2022-06-21,32.1,25.6,38.3,52,0.0,0,8.6,,1017.6,,1
2022-06-22,31.3,24.4,38.3,56,0.0,0,5.4,,1017.5,,1
2022-06-23,32.6,25.0,40.0,44,0.0,0,4.7,,1013.7,,0
2022-06-24,32.0,24.4,39.4,48,0.0,0,7.6,,1011.7,,0
2022-06-25,31.4,23.9,39.4,50,0.0,0,8.6,,1013.3,,0
2022-06-26,31.5,23.3,39.4,50,0.0,0,4.7,,1016.3,,0
2022-06-27,28.7,21.1,38.9,65,42.7,0,7.9,,1018.0,,
2022-06-28,27.1,22.2,34.4,72,0.0,0,4.7,,1018.7,,
2022-06-29,29.2,20.6,37.2,46,0.0,0,3.6,,1017.8,,0
2022-06-30,30.2,24.4,37.2,59,0.0,0,6.1,,1015.0,,0
2022-07-01,29.9,23.9,36.1,61,0.0,0,6.1,,1012.5,,
2022-07-02,31.3,26.1,38.3,61,0.0,0,9.0,,1011.7,,
2022-07-03,31.2,25.6,38.3,60,0.0,0,9.7,,1014.0,,1
2022-07-04,31.1,25.0,38.3,59,0.0,0,11.5,,1015.1,,
2022-07-05,31.2,25.6,38.3,59,0.0,0,10.1,,1014.1,,
2022-07-06,31.6,25.0,38.9,57,0.0,0,10.4,,1012.9,,
2022-07-07,31.8,25.0,38.9,56,0.0,0,7.9,,1013.2,,
2022-07-08,32.4,26.1,40.0,55,0.0,0,8.3,,1014.7,,
2022-07-09,33.4,26.1,41.1,47,0.0,0,6.1,,1015.4,,0
2022-07-10,33.9,25.6,43.3,43,0.0,0,2.9,,1012.3,,1
2022-07-11,33.6,26.7,42.8,47,0.0,0,4.3,,1008.6,,0
2022-07-12,33.8,26.1,42.8,48,0.0,0,5.8,,1009.7,,1
2022-07-13,33.8,26.7,42.2,49,0.0,0,6.8,,1012.5,,
2022-07-14,31.2,24.4,39.4,56,0.0,0,6.1,,1014.9,,0
2022-07-15,29.5,23.9,37.2,64,0.0,0,5.0,,1016.0,,1
2022-07-16,30.7,24.4,38.9,60,0.0,0,6.8,,1014.5,,
2022-07-17,32.2,24.4,40.0,45,0.0,0,8.3,,1012.7,,0
2022-07-18,32.5,25.0,41.1,49,0.0,0,9.7,,1012.5,,0
2022-07-19,32.3,25.0,41.1,53,0.0,0,10.4,,1011.7,,0
2022-07-20,32.3,25.0,41.1,58,0.0,0,10.1,,1011.2,,
2022-07-21,32.0,25.6,40.6,57,0.0,0,9.7,,1011.9,,
2022-07-22,31.6,25.0,39.4,56,0.0,0,9.7,,1013.8,,1
2022-07-23,31.6,25.6,40.0,57,0.0,0,10.8,,1014.6,,
2022-07-24,32.0,25.6,40.6,57,0.0,0,9.4,,1014.8,,1
2022-07-25,31.8,25.0,40.0,56,0.0,0,8.6,,1014.3,,0
2022-07-26,31.7,24.4,40.0,56,0.0,0,9.0,,1014.0,,0
2022-07-27,31.4,25.0,39.4,56,0.0,0,9.7,,1013.8,,0
2022-07-28,31.8,24.4,39.4,55,0.0,0,10.1,,1013.6,,
2022-07-29,31.4,25.6,40.0,59,0.0,0,10.4,,1014.5,,1
2022-07-30,32.1,25.0,40.0,53,0.0,0,8.6,,1016.3,,1
2022-07-31,32.0,25.6,39.4,52,0.0,0,9.7,,1016.8,,
2022-08-01,31.6,25.0,39.4,54,0.0,0,7.9,,1016.0,,
2022-08-02,32.4,25.0,40.6,52,0.0,0,12.2,,1014.1,,0
2022-08-03,32.2,25.6,41.1,55,0.0,0,12.2,,1011.4,,
2022-08-04,32.4,26.1,41.1,55,0.0,0,9.7,,1012.0,,
2022-08-05,31.7,25.6,40.0,55,0.0,0,10.1,,1013.6,,
2022-08-06,30.1,26.1,37.2,60,0.0,0,8.3,,1015.1,,
2022-08-07,30.5,25.6,38.9,60,0.0,0,9.7,,1016.8,,
2022-08-08,30.9,25.6,38.9,59,0.0,0,7.2,,1016.2,,
2022-08-09,31.4,24.4,38.9,56,0.0,0,6.1,,1015.3,,
2022-08-10,31.3,25.6,40.0,56,0.0,0,6.8,,1016.2,,1
2022-08-11,31.0,25.0,38.9,55,0.0,0,3.2,,1014.6,,1
2022-08-12,31.0,24.4,40.0,56,0.0,0,4.7,,1013.8,,1
2022-08-13,32.0,25.6,38.9,53,0.0,0,7.2,,1013.5,,1
2022-08-14,29.2,25.6,34.4,64,0.0,0,7.9,,1013.1,,2
2022-08-15,30.3,24.4,38.9,60,0.0,0,9.0,,1012.4,,2
2022-08-16,30.9,25.0,38.3,61,0.0,0,6.1,,1012.6,,1
2022-08-17,32.3,25.6,39.4,54,0.0,0,5.0,,1013.0,,0
2022-08-18,28.4,22.8,39.4,73,16.8,0,4.7,,1012.9,,2
2022-08-19,25.5,22.8,35.0,88,7.9,0,4.0,,1012.8,,3
2022-08-20,29.8,25.0,38.3,68,0.0,0,10.1,,1014.0,,3
2022-08-21,29.1,25.6,35.0,70,0.0,0,10.1,,1014.0,,4
2022-08-22,27.2,22.8,36.7,82,94.7,0,5.0,,1011.8,,6
2022-08-23,26.6,22.8,33.3,82,2.5,0,2.2,,1011.1,,4
2022-08-24,28.2,23.3,34.4,75,0.8,0,4.3,,1012.2,,4
2022-08-25,29.1,23.3,36.1,62,0.0,0,4.3,,1014.1,,1
2022-08-26,30.1,23.9,36.7,60,0.0,0,5.0,,1013.3,,1
2022-08-27,29.8,24.4,37.2,65,0.8,0,6.1,,1010.7,,2
2022-08-28,30.1,25.0,36.7,66,0.0,0,7.9,,1009.4,,3
2022-08-29,29.3,25.6,37.2,70,0.0,0,8.3,,1010.7,,2
2022-08-30,25.8,23.9,30.6,90,7.9,0,5.0,,1014.5,,5
2022-08-31,26.5,21.7,33.3,82,14.0,0,2.2,,1016.4,,4
2022-09-01,27.5,22.8,34.4,75,0.0,0,3.2,,1014.8,,1
2022-09-02,28.2,23.3,35.0,71,0.0,0,4.0,,1014.0,,1
2022-09-03,26.8,23.3,32.2,80,0.8,0,1.8,,1016.7,,2
2022-09-04,26.1,21.7,33.3,77,1.8,0,5.0,,1015.5,,0
2022-09-05,26.6,19.4,34.4,71,0.0,0,4.3,,1013.7,,0
2022-09-06,28.3,21.7,35.6,66,0.0,0,4.7,,1015.9,,0
2022-09-07,27.4,22.2,35.0,74,9.4,0,3.2,,1015.2,,0
2022-09-08,27.6,21.7,35.0,68,0.0,0,4.7,,1010.2,,1
2022-09-09,28.0,21.7,34.4,60,0.0,0,4.0,,1007.2,,1
2022-09-10,28.7,23.3,35.0,62,0.0,0,4.3,,1012.0,,2
2022-09-11,28.2,22.2,33.3,57,0.0,0,5.8,,1017.7,,1
2022-09-12,27.2,20.6,33.3,54,0.0,0,2.5,,1016.3,,0
2022-09-13,27.9,22.2,34.4,57,0.0,0,4.3,,1013.1,,1
2022-09-14,27.4,22.2,33.9,62,0.0,0,4.3,,1014.5,,1
2022-09-15,26.2,18.9,33.3,61,0.0,0,6.1,,1016.1,,2
2022-09-16,28.8,23.9,35.6,67,0.0,0,7.9,,1015.0,,2
2022-09-17,29.4,25.0,36.7,68,0.0,0,9.4,,1014.1,,3
2022-09-18,29.1,23.9,36.1,64,0.0,0,6.8,,1014.4,,2
2022-09-19,29.4,24.4,36.7,64,0.0,0,5.4,,1014.8,,2
2022-09-20,29.7,24.4,36.7,65,0.0,0,4.3,,1015.3,,1
2022-09-21,29.3,22.8,36.7,59,0.0,0,3.2,,1014.7,,0
2022-09-22,29.0,21.1,37.2,50,0.0,0,3.2,,1014.6,,0
2022-09-23,29.7,22.2,36.7,47,0.0,0,5.8,,1014.3,,0
2022-09-24,28.5,21.7,35.0,62,0.0,0,5.4,,1014.7,,1
2022-09-25,29.0,22.8,36.1,60,0.0,0,2.2,,1013.6,,1
2022-09-26,28.1,20.0,33.9,36,0.0,0,9.7,,1016.2,,0
2022-09-27,24.4,16.1,33.3,36,0.0,0,2.5,,1019.2,,0
2022-09-28,24.8,17.8,33.3,35,0.0,0,2.5,,1022.0,,0
2022-09-29,24.9,16.1,34.4,41,0.0,0,3.2,,1020.3,,0
2022-09-30,23.8,17.2,31.7,38,0.0,0,5.0,,1016.3,,0
2022-10-01,22.4,13.3,31.7,43,0.0,0,1.8,,1016.0,,0
2022-10-02,21.8,12.8,30.0,44,0.0,0,2.5,,1019.4,,0
2022-10-03,22.5,14.4,32.2,40,0.0,0,1.4,,1019.6,,0
2022-10-04,24.0,16.1,33.3,39,0.0,0,3.6,,1017.3,,0
2022-10-05,24.3,15.0,32.2,44,0.0,0,1.1,,1017.5,,0
2022-10-06,25.2,17.2,33.3,46,0.0,0,2.5,,1019.5,,0
2022-10-07,24.6,19.4,31.1,50,0.0,0,1.1,,1021.5,,0
2022-10-08,24.9,16.7,32.2,43,0.0,0,6.1,,1023.3,,0
2022-10-09,24.9,18.3,32.2,46,0.0,0,4.0,,1022.6,,0
2022-10-10,25.0,17.8,32.2,56,0.0,0,6.1,,1020.3,,1
2022-10-11,25.3,18.3,32.2,58,0.0,0,7.9,,1016.9,,2
2022-10-12,27.4,22.2,36.7,64,0.0,0,5.8,,1012.8,,2
2022-10-13,26.2,21.7,32.2,40,0.0,0,10.1,,1013.6,,0
2022-10-14,25.0,17.8,32.8,42,0.0,0,5.4,,1014.3,,1
2022-10-15,27.3,22.8,35.0,65,0.0,0,9.7,,1014.1,,3
2022-10-16,26.7,18.9,33.9,68,14.7,0,8.3,,1013.9,,4
2022-10-17,19.4,15.6,24.4,66,3.8,0,11.9,,1018.1,,5
2022-10-18,16.1,9.4,21.1,35,0.0,0,7.6,,1023.8,,1
2022-10-19,14.3,5.6,24.4,47,0.0,0,2.5,,1025.8,,0
2022-10-20,19.7,10.0,30.6,44,0.0,0,4.7,,1017.6,,0
2022-10-21,21.7,13.3,31.1,49,0.0,0,6.5,,1014.2,,0
2022-10-22,23.8,17.8,31.7,62,0.0,0,12.2,,1011.5,,2
2022-10-23,24.6,20.0,31.7,69,0.0,0,12.2,,1010.2,,4
2022-10-24,24.3,16.1,30.0,82,21.8,0,10.8,,1007.3,,6
2022-10-25,17.9,10.0,25.0,44,0.0,0,7.9,,1015.0,,0
2022-10-26,16.0,7.8,24.4,54,0.0,0,2.9,,1017.3,,0
2022-10-27,18.9,10.6,27.8,62,0.0,0,6.8,,1014.3,,2
2022-10-28,17.2,14.4,18.9,84,14.2,0,9.0,,1015.0,,7
2022-10-29,16.5,13.3,22.2,70,0.0,0,7.9,,1018.1,,4
2022-10-30,17.2,11.1,25.6,70,0.0,0,4.3,,1016.1,,0
2022-10-31,18.5,12.2,26.1,67,0.8,0,2.9,,1016.1,,0
2022-11-01,17.3,13.3,21.1,88,0.5,0,4.3,,1020.2,,4
2022-11-02,19.6,15.6,25.6,82,0.0,0,5.4,,1021.5,,5
2022-11-03,23.8,21.1,28.9,80,0.0,0,10.1,,1016.0,,6
2022-11-04,23.8,16.7,30.0,82,13.2,0,10.1,,1009.7,,5
2022-11-05,16.7,10.0,22.2,51,0.0,0,5.0,,1012.9,,0
2022-11-06,20.1,11.7,28.9,79,0.0,0,3.2,,1012.9,,2
2022-11-07,24.9,23.3,28.9,84,0.3,0,6.5,,1018.9,,5
2022-11-08,22.4,18.9,25.6,86,1.3,0,4.7,,1021.9,,4
2022-11-09,22.8,20.6,27.8,82,0.0,0,8.3,,1019.2,,4
2022-11-10,23.0,19.4,27.8,80,0.0,0,6.1,,1011.8,,5
2022-11-11,15.5,6.7,26.1,80,25.4,0,10.8,,1012.5,,6
2022-11-12,7.6,3.3,14.4,49,0.0,0,11.2,,1025.0,,0
2022-11-13,8.1,1.7,15.0,50,0.0,0,6.5,,1023.5,,1
2022-11-14,9.8,8.9,12.2,81,2.8,0,7.2,,1016.6,,6
2022-11-15,6.7,3.3,11.1,72,0.0,0,8.3,,1027.1,,2
2022-11-16,8.5,5.0,13.9,60,0.0,0,5.8,,1031.7,,2
2022-11-17,10.3,5.6,15.0,56,0.0,0,3.2,,1030.2,,2
2022-11-18,11.1,8.9,13.3,59,0.3,0,2.5,,1027.0,,7
2022-11-19,5.1,2.8,8.9,83,6.1,0,10.4,,1030.0,,8
2022-11-20,5.7,3.3,8.3,68,0.5,0,3.6,,1031.6,,7
2022-11-21,6.5,4.4,7.8,88,4.1,0,1.4,,1029.6,,8
2022-11-22,9.9,7.2,12.8,90,0.8,0,0.7,,1026.6,,8
2022-11-23,14.3,11.1,17.8,81,8.1,0,2.9,,1019.2,,8
2022-11-24,17.1,15.6,20.0,97,6.6,0,5.0,,1013.5,,8
2022-11-25,14.2,13.3,16.7,93,8.1,0,9.7,,1018.6,,8
2022-11-26,11.1,7.2,16.1,79,27.2,0,9.4,,1013.2,,4
2022-11-27,14.1,8.3,22.8,64,0.0,0,2.9,,1012.9,,0
2022-11-28,14.9,5.0,25.0,74,0.0,0,5.4,,1013.8,,1
2022-11-29,22.4,18.3,28.9,76,0.0,0,7.9,,1007.9,,4
2022-11-30,9.6,5.0,18.9,46,0.0,0,12.2,,1025.9,,0
2022-12-01,8.3,2.8,11.7,68,0.3,0,2.5,,1027.1,,4
2022-12-02,15.2,10.6,20.0,96,1.8,0,4.7,,1020.4,,7
2022-12-03,15.8,12.2,18.9,72,0.0,0,9.4,,1026.8,,6
2022-12-04,13.0,11.7,15.0,74,0.0,0,2.5,,1023.9,,8
2022-12-05,18.5,13.3,25.6,86,0.0,0,4.3,,1013.9,,6
2022-12-06,21.9,17.8,26.7,84,0.0,0,6.1,,1013.6,,6
2022-12-07,23.3,20.6,27.8,78,0.0,0,9.0,,1019.8,,6
2022-12-08,23.3,20.6,27.8,78,0.0,0,6.1,,1020.1,,6
2022-12-09,22.4,18.3,26.7,80,0.0,0,6.8,,1018.2,,4
2022-12-10,22.3,18.9,25.0,82,0.3,0,5.0,,1016.7,,7
2022-12-11,17.6,15.6,19.4,80,0.3,0,6.5,,1018.3,,6
2022-12-12,17.9,14.4,21.7,92,0.3,0,10.1,,1013.0,,8
2022-12-13,20.9,16.7,25.6,73,0.8,0,9.0,,1006.0,,6
2022-12-14,15.1,6.1,20.0,41,0.3,0,7.6,,1010.6,,3
2022-12-15,9.9,2.2,18.3,56,0.0,0,2.9,,1016.9,,0
2022-12-16,8.4,5.0,12.8,62,0.0,0,8.3,,1018.9,,4
2022-12-17,9.1,3.3,15.0,40,0.0,0,4.0,,1023.1,,0
2022-12-18,7.3,-0.5,12.8,45,0.0,0,5.4,,1024.8,,3
2022-12-19,8.3,6.1,10.0,83,45.7,0,4.7,,1021.8,,8
2022-12-20,9.2,6.7,10.6,90,0.0,0,8.3,,1027.3,,6
2022-12-21,6.6,3.9,9.4,86,0.0,0,3.6,,1023.4,,3
2022-12-22,2.4,-8.2,15.0,76,0.0,0,13.7,,1021.8,,3
2022-12-23,-5.2,-9.3,0.0,36,0.0,0,13.7,,1040.3,,0
2022-12-24,-1.8,-7.7,5.0,35,0.0,0,4.7,,1037.3,,0
2022-12-25,3.1,-4.3,12.2,40,0.0,0,4.0,,1030.7,,0
2022-12-26,7.8,-1.0,18.3,35,0.0,0,3.6,,1024.9,,0
2022-12-27,7.5,0.0,15.0,50,0.0,0,5.4,,1025.0,,0
2022-12-28,14.7,5.6,25.0,64,0.0,0,7.9,,1013.4,,1
2022-12-29,19.5,15.0,25.0,75,0.0,0,5.4,,1012.8,,6
2022-12-30,14.2,10.0,20.0,66,0.0,0,3.2,,1015.0,,2
2022-12-31,15.3,5.6,25.6,64,0.0,0,5.8,,1013.6,,0
2023-01-01,17.7,10.0,26.1,75,0.0,0,7.6,,1012.4,,2
2023-01-02,23.3,20.6,28.3,78,0.8,0,10.4,,1007.7,,5
2023-01-03,17.9,12.2,23.3,43,1.0,0,6.5,,1011.3,,2
2023-01-04,14.1,5.6,23.3,46,0.0,0,4.0,,1017.9,,0
2023-01-05,12.4,5.0,20.6,50,0.0,0,3.2,,1024.1,,0
2023-01-06,16.3,6.7,26.1,68,0.0,0,6.5,,1020.6,,2
2023-01-07,19.4,15.0,25.0,77,0.0,0,5.0,,1020.4,,7
2023-01-08,14.1,8.3,20.6,45,0.0,0,6.8,,1024.6,,2
2023-01-09,14.1,6.1,23.3,62,0.0,0,2.5,,1022.2,,0
2023-01-10,20.0,13.9,28.9,70,0.0,0,5.4,,1016.4,,1
2023-01-11,19.0,13.3,25.6,79,0.0,0,5.4,,1012.3,,0
2023-01-12,15.2,10.0,20.6,36,0.0,0,14.8,,1022.8,,0
2023-01-13,10.7,5.0,17.8,40,0.0,0,5.4,,1029.7,,0
2023-01-14,10.2,1.1,18.9,50,0.0,0,6.8,,1024.3,,0
2023-01-15,15.6,7.8,23.3,71,0.0,0,11.5,,1013.2,,0
2023-01-16,19.5,14.4,25.6,70,0.0,0,2.2,,1008.6,,3
2023-01-17,18.4,10.0,27.8,73,0.0,0,6.1,,1007.9,,1
2023-01-18,20.2,13.9,25.0,52,0.0,0,8.6,,1008.4,,3
2023-01-19,14.5,7.8,20.6,31,0.0,0,3.6,,1018.7,,0
2023-01-20,12.4,10.0,14.4,46,0.0,0,4.7,,1021.8,,6
2023-01-21,12.0,7.8,18.3,73,0.3,0,4.0,,1016.0,,5
2023-01-22,10.0,5.6,16.7,46,0.0,0,8.6,,1017.4,,0
2023-01-23,9.3,0.6,15.6,46,0.0,0,7.9,,1022.3,,2
2023-01-24,9.2,5.6,12.8,78,20.8,0,10.8,,1013.4,,6
2023-01-25,8.1,3.9,13.3,60,0.0,0,9.0,,1021.2,,1
2023-01-26,7.1,1.7,14.4,62,0.0,0,2.9,,1029.2,,0
2023-01-27,7.3,0.6,13.3,68,0.0,0,4.3,,1026.5,,3
2023-01-28,12.6,8.9,15.6,96,2.0,0,2.9,,1018.1,,8
2023-01-29,15.3,5.0,23.9,88,5.3,0,6.1,,1016.4,,6
2023-01-30,0.7,-1.0,5.0,89,0.3,0,12.2,,1024.3,,8
2023-01-31,-1.1,-1.6,0.0,94,1.5,0,12.6,,1026.7,,8
2023-02-01,-0.3,-1.6,0.0,95,26.4,0,10.8,,1027.2,,8
2023-02-02,1.8,0.0,4.4,96,5.1,0,10.1,,1027.1,,8
2023-02-03,5.8,0.0,10.0,82,0.0,0,4.0,,1034.1,,1
2023-02-04,8.9,1.7,17.2,81,0.0,0,3.6,,1028.5,,2
2023-02-05,13.7,5.0,23.9,78,0.0,0,3.2,,1022.0,,1
2023-02-06,18.2,12.8,24.4,79,0.0,0,14.0,,1015.4,,5
2023-02-07,18.3,10.0,21.1,92,8.9,0,11.9,,1013.8,,8
2023-02-08,9.4,4.4,15.6,88,2.3,0,7.9,,1017.8,,5
2023-02-09,13.6,4.4,23.9,62,0.0,0,5.0,,1018.8,,0
2023-02-10,9.7,3.3,13.3,49,0.0,0,15.5,,1027.5,,2
2023-02-11,7.6,1.7,15.6,45,0.0,0,7.9,,1027.8,,0
2023-02-12,9.7,0.0,18.9,55,0.0,0,3.6,,1022.1,,0
2023-02-13,13.7,5.6,21.7,67,0.0,0,9.0,,1015.7,,2
2023-02-14,19.7,11.7,26.7,54,0.3,0,10.8,,1006.3,,3
2023-02-15,18.4,8.9,27.2,66,0.0,0,9.0,,1007.4,,3
2023-02-16,10.5,4.4,21.7,47,2.3,0,15.5,,1018.9,,4
2023-02-17,6.0,0.6,12.2,42,0.0,0,11.5,,1032.5,,0
2023-02-18,6.9,-0.5,14.4,56,0.0,0,5.0,,1030.0,,0
2023-02-19,15.4,7.8,25.0,66,0.0,0,5.0,,1022.3,,1
2023-02-20,20.9,13.3,28.9,71,0.0,0,9.4,,1015.8,,1
2023-02-21,21.8,15.6,28.9,77,0.0,0,12.2,,1007.4,,1
2023-02-22,24.7,20.6,32.8,52,0.0,0,9.0,,1002.7,,3
2023-02-23,20.3,13.9,26.1,57,0.0,0,12.2,,1013.8,,4
2023-02-24,12.1,10.0,13.9,61,0.0,0,9.4,,1022.7,,8
2023-02-25,12.5,7.2,18.3,75,0.0,0,6.5,,1023.6,,6
2023-02-26,18.5,11.7,27.2,80,0.0,0,9.4,,1013.5,,7
2023-02-27,21.3,13.3,28.3,35,0.0,0,7.9,,1009.8,,2
2023-02-28,20.4,12.2,28.9,55,0.0,0,6.1,,1009.8,,0
2023-03-01,23.7,21.1,29.4,79,0.0,0,9.0,,1006.8,,6
2023-03-02,21.8,12.2,27.8,83,27.7,0,13.0,,1001.4,,6
2023-03-03,15.9,10.0,23.3,38,0.0,0,7.2,,1008.0,,1
2023-03-04,17.4,7.2,27.8,56,0.0,0,6.1,,1013.4,,0
2023-03-05,18.9,11.7,26.7,69,0.0,0,9.0,,1016.1,,0
2023-03-06,20.9,15.0,27.2,77,0.0,0,6.1,,1015.2,,3
2023-03-07,22.5,18.9,27.8,84,0.0,0,8.6,,1014.6,,6
2023-03-08,22.2,16.7,27.8,75,0.0,0,7.6,,1016.2,,5
2023-03-09,21.8,15.6,30.0,68,0.0,0,8.3,,1015.5,,6
2023-03-10,18.1,13.3,24.4,73,0.0,0,9.0,,1017.5,,5
2023-03-11,23.7,16.7,32.2,71,0.0,0,10.1,,1007.3,,2
2023-03-12,19.6,13.9,24.4,65,0.0,0,12.2,,1009.5,,1
2023-03-13,14.8,10.0,20.6,45,0.0,0,9.7,,1020.3,,1
2023-03-14,14.0,9.4,20.6,48,0.0,0,6.1,,1023.2,,3
2023-03-15,16.0,9.4,24.4,62,0.0,0,11.2,,1020.8,,4
2023-03-16,20.6,11.7,27.2,84,3.6,0,11.2,,1009.8,,6
2023-03-17,10.0,5.0,15.0,50,1.5,0,14.4,,1019.9,,4
2023-03-18,9.9,7.2,12.2,42,0.0,0,5.8,,1027.0,,5
2023-03-19,9.6,3.9,16.1,49,0.0,0,5.8,,1031.7,,1
2023-03-20,9.8,4.4,13.9,65,0.5,0,8.3,,1024.8,,5
2023-03-21,15.7,11.1,20.6,98,5.6,0,8.6,,1016.7,,8
2023-03-22,22.4,20.0,26.7,82,0.0,0,12.6,,1015.8,,7
2023-03-23,24.0,21.7,28.9,76,0.0,0,13.3,,1012.4,,7
2023-03-24,23.7,14.4,30.6,62,1.8,0,7.6,,1006.6,,4
2023-03-25,20.2,10.6,28.3,29,0.0,0,6.8,,1010.9,,0
2023-03-26,20.0,11.1,27.8,58,0.0,0,4.3,,1009.6,,1
2023-03-27,20.8,14.4,26.7,56,0.0,0,8.6,,1014.4,,4
2023-03-28,18.3,14.4,21.1,39,0.0,0,13.3,,1022.5,,4
2023-03-29,17.2,12.8,23.3,47,0.0,0,9.7,,1021.2,,6
2023-03-30,19.8,15.6,23.9,85,1.0,0,10.8,,1014.2,,8
2023-03-31,24.6,16.1,32.2,69,0.0,0,9.7,,1011.5,,3
2023-04-01,20.5,11.1,28.9,37,0.0,0,5.0,,1018.7,,0
2023-04-02,22.9,17.2,30.0,62,0.0,0,7.6,,1011.8,,4
2023-04-03,26.0,21.7,33.9,74,0.0,0,10.4,,1005.9,,3
2023-04-04,25.6,22.8,32.8,75,0.0,0,12.6,,1002.5,,6
2023-04-05,21.2,15.0,25.0,52,0.0,0,14.8,,1012.0,,5
2023-04-06,10.9,8.3,16.1,84,50.0,0,11.2,,1021.0,,7
2023-04-07,10.9,10.0,12.2,94,14.2,0,8.6,,1022.4,,8
2023-04-08,14.1,11.7,16.7,86,0.0,0,5.0,,1021.1,,7
2023-04-09,18.1,12.8,23.3,78,0.0,0,3.6,,1021.3,,5
2023-04-10,17.7,12.8,23.3,80,0.0,0,2.2,,1023.0,,3
2023-04-11,18.1,11.7,25.0,70,0.0,0,3.6,,1022.6,,1
2023-04-12,18.5,10.6,26.1,63,0.0,0,4.0,,1017.4,,1
2023-04-13,19.7,12.8,27.2,65,0.0,0,7.6,,1010.4,,1
2023-04-14,20.7,16.1,27.2,81,0.0,0,10.1,,1007.0,,4
2023-04-15,24.7,16.7,34.4,61,0.0,0,9.0,,1009.9,,2
2023-04-16,19.0,13.3,24.4,37,0.0,0,10.4,,1022.5,,0
2023-04-17,18.6,9.4,26.1,49,0.0,0,7.9,,1018.9,,1
2023-04-18,20.8,16.7,26.7,73,0.3,0,11.9,,1011.6,,6
2023-04-19,23.2,21.1,27.2,78,0.0,0,12.2,,1010.8,,7
2023-04-20,24.2,18.3,31.1,81,6.1,0,9.0,,1011.4,,6
2023-04-21,21.3,17.2,27.8,72,0.0,0,5.4,,1013.3,,4
2023-04-22,20.3,13.9,27.2,58,0.0,0,9.4,,1013.0,,2
2023-04-23,14.9,11.1,20.0,76,0.0,0,12.6,,1015.9,,7
2023-04-24,16.0,12.2,21.7,78,0.0,0,8.3,,1017.5,,6
2023-04-25,19.2,16.7,23.9,94,0.3,0,5.8,,1012.3,,7
2023-04-26,23.7,17.8,30.0,89,21.6,0,9.7,,1008.6,,6
2023-04-27,21.0,16.1,27.8,70,0.0,0,6.5,,1010.3,,3
2023-04-28,20.3,13.9,30.0,81,13.7,0,10.8,,1007.9,,2
2023-04-29,17.8,12.2,25.0,50,0.0,0,12.2,,1014.9,,0
2023-04-30,22.1,11.1,32.8,44,0.0,0,5.8,,1011.9,,0
2023-05-01,22.2,14.4,28.9,50,0.0,0,4.3,,1010.4,,0
2023-05-02,22.9,20.0,27.8,73,0.0,0,6.8,,1011.7,,4
2023-05-03,23.6,17.8,30.0,67,0.0,0,6.5,,1012.8,,0
2023-05-04,23.9,20.0,29.4,79,0.0,0,8.3,,1011.2,,4
2023-05-05,27.7,18.9,34.4,72,0.0,0,9.7,,1010.2,,4
2023-05-06,25.4,19.4,32.8,74,0.0,0,9.7,,1012.1,,4
2023-05-07,25.6,23.3,31.1,70,0.0,0,10.1,,1012.9,,4
2023-05-08,25.9,22.2,33.9,72,0.0,0,9.0,,1011.6,,4
2023-05-09,22.4,20.6,24.4,85,3.8,0,5.0,,1012.3,,6
2023-05-10,23.0,19.4,27.8,83,1.3,0,6.5,,1010.9,,6
2023-05-11,26.7,22.2,33.3,78,0.0,0,10.8,,1008.3,,5
2023-05-12,26.7,23.9,31.1,78,0.0,0,11.5,,1010.6,,7
2023-05-13,20.3,17.8,25.6,91,54.1,0,5.0,,1014.5,,6
2023-05-14,22.9,18.3,30.0,82,0.5,0,2.2,,1017.5,,4
2023-05-15,23.8,19.4,30.0,81,24.1,0,4.0,,1019.9,,3
2023-05-16,23.3,19.4,29.4,81,0.0,0,3.2,,1016.7,,3
2023-05-17,25.0,18.3,32.2,65,0.0,0,2.9,,1011.9,,1
2023-05-18,25.7,18.3,32.8,66,0.0,0,3.6,,1012.0,,0
2023-05-19,26.9,20.0,33.3,67,1.5,0,7.2,,1014.1,,0
2023-05-20,23.6,20.0,28.9,71,0.0,0,7.9,,1019.2,,4
2023-05-21,21.4,18.3,23.3,74,0.8,0,3.6,,1018.5,,4
2023-05-22,23.5,17.2,30.6,71,0.0,0,3.2,,1015.0,,3
2023-05-23,26.2,19.4,33.3,68,0.0,0,6.8,,1012.8,,2
2023-05-24,23.0,18.3,30.0,76,22.9,0,7.9,,1013.3,,2
2023-05-25,24.1,19.4,29.4,71,0.0,0,4.0,,1013.1,,1
2023-05-26,25.2,18.3,31.7,64,0.0,0,3.2,,1014.8,,1
2023-05-27,24.8,19.4,30.6,67,0.0,0,5.0,,1015.4,,1
2023-05-28,25.2,21.7,30.0,66,0.0,0,6.1,,1014.0,,2
2023-05-29,24.9,21.1,31.1,70,0.3,0,5.0,,1012.7,,2
2023-05-30,25.8,19.4,31.7,66,0.0,0,5.0,,1011.8,,1
2023-05-31,26.4,20.6,32.8,66,0.0,0,6.8,,1011.4,,1
2023-06-01,26.7,22.2,32.8,68,0.0,0,9.7,,1010.9,,2
2023-06-02,27.0,21.7,32.8,66,0.0,0,8.6,,1011.2,,2
2023-06-03,26.9,20.0,33.9,55,1.3,0,6.5,,1009.1,,1
2023-06-04,23.3,19.4,28.3,72,0.0,0,2.9,,1010.8,,1
2023-06-05,24.3,19.4,31.1,74,17.0,0,4.0,,1012.2,,2
2023-06-06,25.1,19.4,31.7,69,0.0,0,2.2,,1012.2,,1
2023-06-07,26.9,21.1,32.8,63,0.0,0,2.2,,1010.4,,1
2023-06-08,26.7,21.7,31.7,67,0.0,0,4.7,,1009.5,,0
2023-06-09,29.2,21.7,37.8,64,0.0,0,4.3,,1009.2,,0
2023-06-10,29.2,19.4,36.7,64,5.3,0,10.8,,1007.5,,0
2023-06-11,29.7,23.3,37.8,61,0.0,0,10.1,,1008.4,,1
2023-06-12,30.1,25.0,36.7,66,0.0,0,10.1,,1008.9,,2
2023-06-13,29.6,25.6,34.4,70,0.0,0,10.1,,1007.8,,4
2023-06-14,30.2,26.7,35.6,68,0.0,0,8.3,,1005.4,,4
2023-06-15,31.3,27.8,38.3,69,0.0,0,10.1,,1005.7,,3
2023-06-16,31.6,22.8,39.4,66,1.5,0,9.7,,1008.0,,2
2023-06-17,30.7,25.6,36.1,71,0.0,0,7.9,,1009.2,,2
2023-06-18,32.5,26.7,41.1,62,0.0,0,10.4,,1006.2,,2
2023-06-19,32.1,26.7,40.0,64,0.0,0,9.4,,1007.1,,1
2023-06-20,32.6,26.7,41.1,62,0.0,0,9.0,,1006.5,,1
2023-06-21,30.7,22.8,39.4,69,1.5,0,9.0,,1006.7,,1
2023-06-22,28.4,23.9,34.4,67,2.8,0,6.1,,1009.0,,0
2023-06-23,30.8,25.6,37.2,66,0.0,0,10.1,,1011.3,,1
2023-06-24,31.6,26.1,39.4,62,0.0,0,11.5,,1012.1,,1
2023-06-25,31.8,26.7,39.4,61,0.0,0,12.6,,1011.5,,1
2023-06-26,32.0,25.6,40.6,60,0.0,0,10.8,,1010.8,,0
2023-06-27,32.1,25.0,40.6,58,0.0,0,10.1,,1010.4,,0
2023-06-28,31.6,24.4,39.4,57,0.0,0,11.2,,1011.6,,0
2023-06-29,31.4,26.1,38.3,58,0.0,0,11.2,,1012.6,,1
2023-06-30,31.3,25.0,38.9,57,0.0,0,11.5,,1013.0,,2
2023-07-01,30.8,25.6,38.9,62,0.0,0,8.6,,1013.3,,2
2023-07-02,30.5,26.1,36.7,55,0.0,0,4.3,,1012.2,,1
2023-07-03,31.2,25.6,37.2,55,0.0,0,7.9,,1012.2,,0
2023-07-04,30.0,25.6,36.1,62,0.0,0,9.0,,1013.8,,0
2023-07-05,30.6,26.1,37.2,64,0.0,0,10.4,,1014.5,,2
2023-07-06,28.7,25.6,33.3,70,0.8,0,8.6,,1014.8,,3
2023-07-07,28.5,23.9,35.0,67,0.0,0,8.3,,1013.0,,2
2023-07-08,31.5,25.0,38.9,59,0.0,0,7.9,,1011.7,,2
2023-07-09,32.2,25.6,40.0,56,0.0,0,10.8,,1010.7,,1
2023-07-10,32.7,26.1,40.6,56,0.0,0,8.6,,1011.8,,1
2023-07-11,32.4,26.1,40.6,58,0.0,0,10.8,,1012.0,,0
2023-07-12,33.2,26.7,42.2,55,0.0,0,12.2,,1010.8,,1
2023-07-13,33.1,26.7,41.7,57,0.0,0,11.9,,1010.0,,2
2023-07-14,32.9,26.7,41.7,56,0.0,0,11.9,,1010.4,,1
2023-07-15,33.0,26.1,41.7,53,0.0,0,10.1,,1012.2,,1
2023-07-16,32.7,25.6,41.1,52,0.0,0,7.9,,1014.1,,1
2023-07-17,33.4,25.0,42.2,43,0.0,0,9.0,,1014.4,,0
2023-07-18,33.4,25.6,41.7,50,0.0,0,10.4,,1014.6,,0
2023-07-19,32.9,25.6,41.1,52,0.0,0,10.8,,1015.5,,0
2023-07-20,32.8,26.7,41.1,51,0.0,0,9.0,,1015.7,,1
2023-07-21,32.2,25.0,40.0,50,0.0,0,6.8,,1013.5,,0
2023-07-22,32.3,25.0,40.6,50,0.3,0,5.0,,1012.7,,1
2023-07-23,33.3,26.7,41.1,46,0.0,0,4.0,,1014.0,,0
2023-07-24,32.2,23.9,40.6,49,0.0,0,5.4,,1016.8,,0
2023-07-25,32.1,25.0,40.0,53,0.0,0,6.5,,1017.3,,0
2023-07-26,32.2,26.1,39.4,54,0.0,0,9.0,,1015.9,,1
2023-07-27,31.8,25.6,39.4,52,0.0,0,9.7,,1015.5,,1
2023-07-28,31.8,25.0,38.9,49,0.0,0,7.2,,1016.2,,0
2023-07-29,31.9,24.4,40.0,45,0.0,0,6.8,,1017.2,,0
2023-07-30,32.6,25.0,40.0,47,0.0,0,5.8,,1016.6,,0
2023-07-31,33.6,26.1,41.7,45,0.0,0,7.2,,1015.4,,0
2023-08-01,32.2,25.6,41.1,51,0.0,0,6.5,,1015.6,,1
2023-08-02,33.3,26.1,40.6,44,0.0,0,8.3,,1014.9,,0
2023-08-03,32.3,25.6,40.0,54,0.0,0,10.4,,1013.8,,0
2023-08-04,32.7,26.1,40.6,53,0.0,0,10.1,,1012.2,,0
2023-08-05,32.9,25.6,41.1,49,0.0,0,10.4,,1012.6,,0
2023-08-06,32.4,25.6,40.6,54,0.0,0,10.4,,1013.0,,0
2023-08-07,32.9,25.6,41.1,53,0.0,0,10.8,,1013.4,,0
2023-08-08,32.5,25.6,41.1,55,0.0,0,11.5,,1012.5,,0
2023-08-09,32.5,25.0,42.2,57,0.0,0,13.7,,1009.3,,0
2023-08-10,32.9,25.6,41.7,55,0.0,0,12.2,,1008.6,,1
2023-08-11,32.9,26.1,42.2,55,0.0,0,13.3,,1010.0,,1
2023-08-12,32.7,26.7,41.1,57,0.0,0,13.7,,1011.8,,1
2023-08-13,32.7,26.1,41.1,56,0.0,0,11.5,,1012.8,,2
2023-08-14,32.5,25.0,41.1,51,0.0,0,6.5,,1014.6,,0
2023-08-15,32.1,26.7,38.9,39,0.0,0,7.6,,1016.5,,0
2023-08-16,31.9,22.8,40.0,31,0.0,0,4.7,,1014.1,,0
2023-08-17,33.3,25.0,43.3,40,0.0,0,6.5,,1011.0,,0
2023-08-18,33.1,25.0,41.1,42,0.0,0,7.6,,1011.9,,0
2023-08-19,32.0,23.9,40.0,50,0.0,0,6.8,,1013.1,,0
2023-08-20,33.1,25.6,41.7,47,0.0,0,3.2,,1014.2,,1
2023-08-21,33.5,26.7,40.6,40,0.0,0,7.6,,1013.8,,0
2023-08-22,30.2,25.6,37.2,62,2.8,0,7.6,,1014.2,,1
2023-08-23,31.1,25.6,38.3,60,0.0,0,10.1,,1014.7,,1
2023-08-24,32.9,26.1,40.6,48,0.0,0,4.3,,1013.8,,1
2023-08-25,33.6,26.7,41.7,42,0.0,0,5.8,,1012.3,,0
2023-08-26,32.9,25.0,41.7,46,0.0,0,5.4,,1012.0,,0
2023-08-27,32.1,25.0,42.8,48,0.0,0,4.7,,1009.8,,0
2023-08-28,30.1,23.9,37.8,55,0.0,0,6.8,,1010.1,,1
2023-08-29,30.8,24.4,37.2,47,0.0,0,6.5,,1011.1,,1
2023-08-30,30.2,21.1,38.3,40,0.0,0,5.4,,1010.7,,1
2023-08-31,31.0,21.7,38.9,36,0.0,0,5.4,,1010.2,,0
2023-09-01,30.8,22.8,37.8,44,0.0,0,4.7,,1013.4,,0
2023-09-02,31.1,23.3,38.3,43,0.0,0,4.7,,1014.5,,0
2023-09-03,31.4,24.4,38.9,46,0.0,0,6.5,,1012.7,,0
2023-09-04,31.4,25.0,38.9,57,0.0,0,11.2,,1009.5,,2
2023-09-05,32.1,26.1,40.0,57,0.0,0,11.9,,1010.2,,2
2023-09-06,32.0,25.6,39.4,55,0.0,0,6.1,,1013.0,,1
2023-09-07,33.2,25.6,40.6,49,0.0,0,6.5,,1011.8,,0
2023-09-08,33.8,25.0,41.7,41,0.0,0,6.8,,1011.3,,0
2023-09-09,32.2,25.0,40.0,47,0.0,0,8.3,,1013.5,,0
2023-09-10,31.3,26.1,37.2,43,0.0,0,7.9,,1015.0,,0
2023-09-11,29.7,23.9,36.7,44,0.0,0,6.8,,1014.2,,1
2023-09-12,29.1,25.0,34.4,52,0.0,0,7.6,,1013.9,,1
2023-09-13,25.9,22.2,31.7,70,4.3,0,6.5,,1014.3,,2
2023-09-14,25.3,20.6,34.4,84,5.6,0,4.0,,1012.6,,4
2023-09-15,25.8,22.8,31.7,81,0.5,0,4.3,,1014.1,,3
2023-09-16,24.6,20.0,29.4,81,10.7,0,3.6,,1015.8,,2
2023-09-17,26.5,20.6,34.4,67,0.0,0,4.3,,1016.5,,1
2023-09-18,27.5,19.4,35.6,51,0.0,0,4.3,,1015.0,,0
2023-09-19,28.9,22.2,36.7,53,0.0,0,9.7,,1012.1,,1
2023-09-20,29.3,22.2,37.2,58,0.0,0,10.1,,1010.7,,0
2023-09-21,29.6,24.4,36.1,64,0.0,0,9.4,,1012.9,,2
2023-09-22,30.2,23.3,37.2,62,0.0,0,9.4,,1012.4,,2
2023-09-23,31.0,25.6,38.3,62,0.0,0,10.1,,1010.5,,1
2023-09-24,31.0,22.2,39.4,62,19.0,0,11.9,,1009.2,,1
2023-09-25,28.9,24.4,35.6,72,0.0,0,4.7,,1013.3,,2
2023-09-26,28.8,22.2,35.6,59,0.0,0,4.0,,1015.4,,0
2023-09-27,28.5,21.7,35.6,58,0.0,0,3.2,,1013.6,,0
2023-09-28,28.3,22.2,35.0,61,0.0,0,4.7,,1012.9,,0
2023-09-29,28.6,22.2,35.0,59,0.0,0,5.8,,1013.4,,0
2023-09-30,28.3,22.8,35.0,60,0.0,0,6.1,,1015.2,,1
2023-10-01,27.7,22.2,34.4,56,0.0,0,6.1,,1016.3,,1
2023-10-02,27.7,22.2,34.4,52,0.0,0,7.6,,1015.4,,0
2023-10-03,27.1,21.1,35.0,64,0.0,0,6.5,,1012.9,,2
2023-10-04,29.3,24.4,36.7,70,0.0,0,9.0,,1010.4,,5
2023-10-05,23.2,19.4,26.7,86,38.1,0,4.3,,1014.6,,6
2023-10-06,24.5,19.4,30.6,62,0.0,0,6.5,,1018.6,,0
2023-10-07,20.3,15.6,24.4,41,0.0,0,10.8,,1023.4,,0
2023-10-08,18.6,10.6,26.7,44,0.0,0,3.2,,1020.4,,0
2023-10-09,20.8,12.2,29.4,55,0.0,0,5.4,,1013.6,,0
2023-10-10,21.8,18.3,27.2,69,0.0,0,6.8,,1010.6,,3
2023-10-11,20.0,18.9,21.7,86,0.0,0,6.8,,1006.6,,5
2023-10-12,21.9,17.8,29.4,82,0.0,0,8.6,,1005.2,,5
2023-10-13,25.5,20.6,33.9,66,0.0,0,7.9,,1011.0,,4
2023-10-14,20.0,15.6,26.1,35,0.0,0,10.1,,1019.8,,1
2023-10-15,18.0,13.3,23.9,39,0.0,0,11.2,,1023.2,,0
2023-10-16,16.3,10.0,23.9,47,0.0,0,7.9,,1024.9,,0
2023-10-17,16.0,7.2,25.0,50,0.0,0,3.6,,1020.8,,0
2023-10-18,19.5,10.6,28.9,51,0.0,0,7.2,,1015.3,,0
2023-10-19,22.0,14.4,31.1,54,0.0,0,5.4,,1015.2,,0
2023-10-20,23.9,13.9,36.1,36,0.0,0,4.3,,1013.5,,0
2023-10-21,24.6,13.9,34.4,42,0.0,0,4.0,,1011.8,,0
2023-10-22,24.7,19.4,31.7,70,0.0,0,8.6,,1012.2,,1
2023-10-23,22.7,20.0,28.3,92,30.5,0,7.9,,1012.5,,6
2023-10-24,23.2,21.7,26.1,92,19.6,0,13.0,,1012.4,,7
2023-10-25,24.7,22.2,29.4,86,0.8,0,12.2,,1013.2,,6
2023-10-26,23.6,21.7,26.1,95,65.3,0,7.6,,1013.5,,6
2023-10-27,25.4,22.8,31.1,89,10.9,0,9.0,,1016.1,,7
2023-10-28,25.5,22.8,30.6,85,0.0,0,9.7,,1015.1,,6
2023-10-29,16.3,5.0,25.6,92,6.1,0,12.6,,1016.8,,8
2023-10-30,5.9,3.9,8.9,79,10.4,0,14.0,,1026.8,,7
2023-10-31,9.6,5.6,16.1,48,0.0,0,10.8,,1029.4,,3
2023-11-01,9.0,3.3,15.6,54,0.0,0,4.7,,1030.8,,0
2023-11-02,9.8,1.7,19.4,62,0.0,0,2.9,,1027.1,,0
2023-11-03,15.4,7.8,24.4,72,0.0,0,3.6,,1023.2,,1
2023-11-04,19.0,14.4,26.1,80,0.0,0,4.7,,1021.0,,2
2023-11-05,19.6,15.0,26.7,80,0.0,0,4.3,,1019.1,,2
2023-11-06,21.5,17.8,26.7,78,0.0,0,7.6,,1015.4,,3
2023-11-07,22.7,17.2,29.4,74,0.0,0,10.8,,1013.2,,1
2023-11-08,22.8,20.6,27.2,81,0.0,0,9.7,,1012.1,,4
2023-11-09,19.3,11.7,23.3,93,11.7,0,8.6,,1014.0,,8
2023-11-10,12.3,11.1,13.3,95,8.9,0,10.1,,1020.2,,8
2023-11-11,13.7,11.7,16.1,87,0.0,0,6.1,,1022.8,,8
2023-11-12,14.3,12.2,16.1,89,3.0,0,5.8,,1025.0,,8
2023-11-13,14.8,11.7,18.3,80,1.0,0,7.9,,1025.8,,7
2023-11-14,16.6,12.2,22.2,66,0.0,0,4.7,,1023.3,,3
2023-11-15,15.9,10.6,23.3,76,0.0,0,3.2,,1021.2,,0
2023-11-16,13.3,10.6,16.7,91,0.0,0,3.2,,1018.3,,3
2023-11-17,18.2,12.8,27.2,79,0.0,0,7.9,,1014.1,,3
2023-11-18,17.0,15.0,21.1,81,0.0,0,5.0,,1017.9,,6
2023-11-19,16.3,13.3,18.3,96,2.0,0,4.3,,1011.3,,6
2023-11-20,20.5,15.6,27.8,76,0.0,0,7.6,,1008.0,,4
2023-11-21,13.0,8.3,15.6,59,0.0,0,15.1,,1023.1,,3
2023-11-22,10.8,3.9,18.9,48,0.0,0,5.4,,1024.4,,0
2023-11-23,10.0,5.6,14.4,70,0.0,0,3.6,,1018.9,,2
2023-11-24,11.4,4.4,18.3,73,0.0,0,2.5,,1021.1,,0
2023-11-25,11.8,7.8,15.0,71,0.0,0,3.6,,1019.1,,6
2023-11-26,10.2,5.6,13.3,62,0.0,0,10.1,,1022.5,,3
2023-11-27,8.4,2.2,13.3,49,0.0,0,5.0,,1028.4,,1
2023-11-28,10.9,7.2,16.1,45,0.0,0,1.8,,1028.7,,2
2023-11-29,12.1,6.1,17.2,63,0.0,0,6.1,,1021.9,,6
2023-11-30,17.0,13.3,22.8,95,4.1,0,6.1,,1008.8,,5
2023-12-01,15.1,10.0,21.7,70,0.0,0,5.8,,1011.9,,0
2023-12-02,12.9,7.2,20.0,68,0.0,0,3.2,,1014.5,,0
2023-12-03,14.3,7.8,22.8,49,0.0,0,5.4,,1016.9,,0
2023-12-04,13.6,6.7,20.0,40,0.0,0,5.8,,1020.9,,0
2023-12-05,12.5,3.9,22.8,59,0.0,0,0.7,,1024.8,,0
2023-12-06,12.5,5.6,20.0,59,0.0,0,1.4,,1027.8,,0
2023-12-07,14.9,7.8,21.7,75,0.0,0,7.9,,1019.0,,4
2023-12-08,18.8,16.1,22.2,85,0.0,0,8.6,,1010.6,,4
2023-12-09,18.5,10.0,23.9,67,0.0,0,10.8,,1016.2,,3
2023-12-10,8.8,3.3,15.0,35,0.0,0,8.3,,1027.4,,0
2023-12-11,8.8,-0.5,18.3,47,0.0,0,5.0,,1023.7,,0
2023-12-12,12.6,3.9,20.0,65,0.0,0,7.6,,1026.5,,3
2023-12-13,11.9,10.0,13.3,66,1.8,0,6.1,,1029.0,,8
2023-12-14,14.1,8.9,19.4,62,0.3,0,7.6,,1027.4,,6
2023-12-15,14.4,10.6,17.2,92,11.4,0,6.5,,1022.4,,8
2023-12-16,11.1,6.1,18.3,70,0.0,0,9.0,,1023.3,,0
2023-12-17,11.5,2.8,21.7,59,0.0,0,3.2,,1019.8,,0
2023-12-18,12.4,6.1,20.0,59,0.0,0,5.8,,1023.1,,0
2023-12-19,11.3,3.3,19.4,62,0.0,0,7.2,,1023.8,,0
2023-12-20,15.6,10.0,22.2,79,0.0,0,7.6,,1022.3,,6
2023-12-21,15.7,15.0,16.7,97,4.6,0,6.8,,1022.9,,8
2023-12-22,17.1,15.6,21.7,93,2.0,0,4.3,,1021.5,,6
2023-12-23,17.6,16.1,20.6,96,8.9,0,8.3,,1016.5,,8
2023-12-24,17.1,11.7,22.2,82,32.5,0,6.8,,1010.8,,4
2023-12-25,8.7,4.4,13.9,61,0.0,0,7.2,,1019.3,,0
2023-12-26,7.4,0.6,15.0,69,0.0,0,4.0,,1018.1,,0
2023-12-27,10.3,3.3,17.2,59,0.0,0,7.9,,1018.8,,0
2023-12-28,9.0,3.3,15.6,63,0.0,0,5.4,,1021.8,,0
2023-12-29,7.5,1.1,15.0,61,0.0,0,6.1,,1025.1,,0
2023-12-30,11.0,3.9,20.6,48,0.0,0,4.3,,1022.4,,0
2023-12-31,12.9,3.9,22.2,58,0.0,0,3.2,,1018.9,,0
2024-01-01,9.9,5.6,15.0,67,0.0,0,10.4,,1024.9,,2
2024-01-02,7.5,4.4,10.6,79,32.5,0,5.8,,1022.9,,7
2024-01-03,8.0,6.1,10.6,89,0.0,0,6.1,,1021.6,,7
2024-01-04,9.1,3.9,13.3,87,2.5,0,4.7,,1019.2,,5
2024-01-05,11.7,7.8,17.8,76,0.3,0,4.0,,1012.2,,3
2024-01-06,9.4,3.3,17.2,71,0.0,0,2.5,,1015.0,,0
2024-01-07,10.0,1.1,17.8,72,0.0,0,8.6,,1018.4,,1
2024-01-08,13.9,8.9,21.1,68,5.6,0,17.3,,1004.5,,5
2024-01-09,7.8,0.6,13.3,39,0.0,0,13.0,,1013.9,,0
2024-01-10,9.3,0.0,19.4,52,0.0,0,5.4,,1011.5,,0
2024-01-11,14.1,6.7,22.8,80,0.0,0,7.6,,1005.2,,1
2024-01-12,10.4,1.1,19.4,43,0.0,0,13.0,,1012.2,,1
2024-01-13,7.8,0.6,16.7,54,0.0,0,5.4,,1017.7,,0
2024-01-14,-3.8,-8.2,1.7,70,0.0,0,14.0,,1023.8,,7
2024-01-15,-6.7,-8.8,-4.3,83,0.0,0,14.4,,1025.5,,6
2024-01-16,-4.4,-8.2,1.1,41,0.0,0,10.4,,1032.2,,0
2024-01-17,-0.7,-8.8,7.2,48,0.0,0,6.5,,1026.2,,0
2024-01-18,12.6,2.8,25.0,50,0.0,0,5.8,,1015.7,,1
2024-01-19,5.4,-1.0,12.8,40,0.0,0,16.9,,1029.2,,0
2024-01-20,0.8,-3.8,5.6,38,0.0,0,9.0,,1034.0,,2
2024-01-21,3.0,2.2,3.9,68,1.0,0,6.8,,1028.0,,8
2024-01-22,9.0,2.8,12.8,100,79.0,0,3.2,,1017.5,,8
2024-01-23,12.4,11.1,15.0,100,4.8,0,2.2,,1014.5,,8
2024-01-24,11.0,10.0,12.2,99,26.4,0,3.6,,1016.6,,8
2024-01-25,12.0,8.3,17.2,88,2.0,0,4.7,,1017.8,,3
2024-01-26,11.5,9.4,14.4,92,0.0,0,5.4,,1016.9,,6
2024-01-27,12.6,8.9,17.8,69,0.0,0,10.1,,1023.5,,3
2024-01-28,11.6,5.6,20.0,61,0.0,0,5.0,,1029.4,,0
2024-01-29,13.7,5.0,22.8,54,0.0,0,2.9,,1026.8,,0
2024-01-30,14.9,7.8,24.4,49,0.0,0,3.2,,1023.5,,0
2024-01-31,15.2,7.8,23.9,50,0.0,0,2.9,,1022.8,,0
2024-02-01,15.9,9.4,22.8,66,0.0,0,6.1,,1017.9,,1
2024-02-02,17.5,14.4,20.0,90,7.9,0,11.2,,1009.6,,7
2024-02-03,16.0,8.3,21.7,66,1.0,0,4.7,,1003.6,,3
2024-02-04,15.5,8.3,20.6,42,0.0,0,13.7,,1005.2,,1
2024-02-05,13.8,10.6,18.3,61,0.0,0,12.6,,1018.1,,3
2024-02-06,14.0,6.7,21.7,54,0.0,0,3.2,,1020.9,,0
2024-02-07,14.7,8.3,21.1,68,0.0,0,10.8,,1015.1,,2
2024-02-08,18.3,15.6,22.8,68,0.0,0,2.2,,1014.6,,5
2024-02-09,20.0,16.1,24.4,73,0.0,0,5.8,,1013.1,,6
2024-02-10,17.1,14.4,19.4,91,16.3,0,5.8,,1009.8,,8
2024-02-11,12.8,7.8,15.0,85,0.0,0,10.8,,1009.3,,5
2024-02-12,10.0,5.0,16.7,54,0.0,0,12.2,,1019.5,,2
2024-02-13,11.4,2.8,20.6,60,0.0,0,5.8,,1021.9,,0
2024-02-14,13.7,5.6,19.4,70,0.0,0,6.1,,1021.0,,3
2024-02-15,17.6,15.0,21.7,78,0.0,0,3.6,,1019.8,,5
2024-02-16,18.5,11.1,25.0,67,0.0,0,10.8,,1015.2,,4
2024-02-17,6.9,3.9,11.1,53,0.0,0,15.8,,1024.2,,2
2024-02-18,6.7,0.6,14.4,41,0.0,0,4.7,,1025.4,,0
2024-02-19,11.4,2.8,20.6,53,0.0,0,5.8,,1021.4,,0
2024-02-20,16.9,7.2,26.7,62,0.0,0,7.2,,1022.0,,0
2024-02-21,19.7,16.7,25.0,76,0.0,0,14.8,,1017.6,,4
2024-02-22,22.9,18.3,31.1,51,0.0,0,10.8,,1010.6,,4
2024-02-23,19.1,13.3,25.6,36,0.0,0,7.6,,1017.4,,0
2024-02-24,18.5,10.6,27.2,39,0.0,0,6.5,,1020.5,,0
2024-02-25,20.7,12.8,29.4,61,0.0,0,10.4,,1015.7,,0
2024-02-26,20.9,15.0,29.4,79,0.0,0,8.6,,1012.2,,1
2024-02-27,22.4,19.4,27.2,78,0.0,0,7.6,,1007.0,,4
2024-02-28,13.8,8.3,21.7,48,0.0,0,14.8,,1020.2,,0
2024-02-29,8.1,6.7,9.4,55,0.0,0,6.1,,1025.6,,6
2024-03-01,13.1,7.2,21.1,70,0.0,0,4.7,,1019.5,,2
2024-03-02,18.5,8.9,28.3,70,0.0,0,7.6,,1015.6,,0
2024-03-03,21.2,17.2,27.2,74,0.0,0,11.2,,1011.7,,5
2024-03-04,23.5,19.4,28.9,71,0.0,0,7.2,,1009.6,,5
2024-03-05,23.7,16.1,32.8,51,0.0,0,4.0,,1009.1,,0
2024-03-06,21.0,13.3,28.9,60,0.0,0,7.6,,1010.5,,0
2024-03-07,21.2,19.4,23.9,79,0.0,0,11.9,,1007.1,,8
2024-03-08,20.9,10.6,28.9,64,4.8,0,10.1,,1007.6,,3
2024-03-09,12.0,7.8,17.2,51,0.0,0,13.7,,1021.3,,2
2024-03-10,14.0,6.1,20.6,46,0.0,0,5.0,,1024.5,,0
2024-03-11,17.6,12.2,23.9,48,0.0,0,6.1,,1022.0,,2
2024-03-12,19.3,14.4,26.1,75,0.0,0,8.6,,1016.5,,6
2024-03-13,22.7,19.4,28.9,75,0.0,0,11.9,,1009.3,,6
2024-03-14,23.4,21.1,26.7,80,0.3,0,12.2,,1007.8,,8
2024-03-15,21.0,17.8,24.4,80,0.5,0,9.7,,1013.4,,6
2024-03-16,18.7,16.7,23.3,86,1.5,0,6.1,,1014.1,,8
2024-03-17,17.0,14.4,18.9,89,18.8,0,10.1,,1013.7,,8
2024-03-18,15.5,11.1,18.9,46,0.0,0,9.0,,1022.7,,3
2024-03-19,13.4,7.8,20.0,48,0.0,0,5.8,,1023.3,,2
2024-03-20,15.2,10.0,19.4,68,0.0,0,4.7,,1017.6,,6
2024-03-21,16.2,14.4,17.8,91,3.3,0,3.2,,1013.0,,7
2024-03-22,18.3,12.8,26.7,75,0.0,0,8.3,,1011.8,,2
2024-03-23,17.1,11.1,22.8,73,0.0,0,5.0,,1017.4,,2
2024-03-24,18.5,15.0,22.8,76,0.0,0,14.4,,1005.6,,6
2024-03-25,19.8,13.9,25.6,59,3.0,0,7.9,,1000.3,,4
2024-03-26,14.8,7.8,21.1,42,0.0,0,7.6,,1012.5,,1
2024-03-27,12.5,8.9,20.0,70,1.8,0,3.2,,1018.2,,2
2024-03-28,16.5,7.2,26.1,68,0.0,0,5.4,,1021.5,,2
2024-03-29,19.2,13.3,26.7,70,0.0,0,11.2,,1016.2,,5
2024-03-30,20.5,17.2,25.6,78,0.0,0,8.6,,1013.5,,6
2024-03-31,22.1,19.4,26.1,81,0.0,0,11.2,,1010.2,,7
2024-04-01,24.1,19.4,28.3,78,0.0,0,11.5,,1005.3,,6
2024-04-02,19.4,13.9,24.4,49,1.5,0,10.1,,1010.9,,2
2024-04-03,18.4,10.0,28.9,40,0.0,0,9.4,,1015.3,,0
2024-04-04,20.7,8.9,31.7,41,0.0,0,4.0,,1014.3,,0
2024-04-05,22.4,11.7,31.1,36,0.0,0,9.7,,1014.9,,0
2024-04-06,20.8,17.2,26.1,77,0.0,0,12.6,,1011.5,,6
2024-04-07,22.4,16.1,28.3,51,1.5,0,5.4,,1011.8,,3
2024-04-08,22.0,16.1,26.7,78,4.1,0,6.5,,1009.4,,7
2024-04-09,22.5,17.8,28.9,90,39.1,0,10.1,,1003.8,,6
2024-04-10,17.8,13.9,21.7,69,4.3,0,13.0,,1008.1,,4
2024-04-11,20.0,12.2,28.9,48,0.0,0,8.3,,1017.1,,0
2024-04-12,20.1,10.6,28.3,56,0.0,0,8.6,,1022.5,,0
2024-04-13,21.9,17.2,28.3,66,0.0,0,12.2,,1020.7,,2
2024-04-14,22.7,18.3,29.4,74,0.0,0,9.7,,1015.5,,5
2024-04-15,23.8,21.1,28.9,78,0.0,0,14.0,,1010.2,,7
2024-04-16,23.4,21.1,27.2,84,0.8,0,6.1,,1009.7,,7
2024-04-17,24.7,22.2,28.3,82,0.0,0,7.9,,1012.2,,7
2024-04-18,26.1,22.2,31.1,74,0.0,0,8.6,,1011.9,,5
2024-04-19,21.9,17.8,24.4,72,0.0,0,7.9,,1015.6,,6
2024-04-20,18.0,12.2,22.2,86,17.5,0,9.4,,1016.6,,8
2024-04-21,15.2,10.6,21.7,67,0.0,0,11.5,,1023.9,,4
2024-04-22,16.7,9.4,23.9,57,0.0,0,7.2,,1022.7,,0
2024-04-23,18.9,12.8,23.9,76,0.0,0,8.3,,1017.0,,4
2024-04-24,23.8,20.6,28.9,77,0.0,0,10.8,,1016.6,,6
2024-04-25,23.7,21.1,28.3,80,0.5,0,15.1,,1013.1,,8
2024-04-26,24.8,22.2,28.9,75,0.0,0,13.0,,1007.2,,7
2024-04-27,25.5,23.9,28.3,77,0.0,0,17.3,,1007.5,,7
2024-04-28,22.8,18.3,26.7,73,19.0,0,5.8,,1008.0,,5
2024-04-29,26.0,21.7,31.7,70,0.0,0,6.1,,1010.4,,3
2024-04-30,25.1,20.0,29.4,72,0.0,0,9.4,,1011.6,,5
2024-05-01,23.1,20.6,25.6,89,41.1,0,10.8,,1009.2,,7
2024-05-02,22.8,20.0,25.0,89,1.3,0,6.1,,1007.2,,7
2024-05-03,22.9,21.7,24.4,92,1.3,0,7.9,,1010.0,,6
2024-05-04,23.5,21.7,26.7,85,0.0,0,8.3,,1011.0,,6
2024-05-05,22.5,17.8,27.8,84,29.2,0,7.9,,1011.4,,5
2024-05-06,25.8,23.3,30.6,80,0.0,0,11.9,,1007.4,,5
2024-05-07,26.9,22.8,31.7,76,0.0,0,6.1,,1005.1,,4
2024-05-08,27.2,24.4,31.7,79,0.0,0,7.9,,1002.5,,5
2024-05-09,28.1,22.8,33.9,73,0.0,0,7.6,,1004.8,,4
2024-05-10,24.7,21.1,30.0,57,0.0,0,11.5,,1012.4,,2
2024-05-11,22.9,20.0,28.3,61,0.0,0,7.9,,1013.3,,4
2024-05-12,21.2,20.0,23.9,84,0.0,0,5.0,,1008.5,,7
2024-05-13,22.1,19.4,27.2,88,3.6,0,2.2,,1006.8,,4
2024-05-14,25.2,16.7,34.4,58,0.0,0,4.3,,1008.8,,0
2024-05-15,26.6,18.3,34.4,51,0.0,0,7.9,,1008.1,,0
2024-05-16,22.6,18.3,27.8,83,37.3,0,9.4,,1006.0,,6
2024-05-17,22.8,16.7,30.6,71,0.0,0,5.0,,1008.3,,1
2024-05-18,27.2,20.0,35.0,66,0.0,0,6.1,,1010.1,,1
2024-05-19,28.0,22.8,33.9,66,0.0,0,10.8,,1011.8,,2
2024-05-20,27.7,21.1,34.4,65,0.0,0,10.1,,1009.0,,1
2024-05-21,28.8,25.0,35.0,70,0.0,0,11.5,,1007.4,,5
2024-05-22,29.0,25.6,34.4,70,0.0,0,11.2,,1008.1,,6
2024-05-23,28.5,25.6,33.9,72,0.0,0,13.7,,1007.9,,5
2024-05-24,29.2,25.0,35.6,73,0.0,0,7.9,,1006.0,,5
2024-05-25,30.4,26.1,37.2,66,0.0,0,12.6,,1006.4,,2
2024-05-26,29.3,25.6,35.6,71,0.0,0,6.5,,1006.2,,3
2024-05-27,30.5,26.1,37.2,70,0.0,0,8.6,,1010.0,,2
2024-05-28,28.2,21.7,30.6,65,5.8,0,11.2,,1014.5,,3
2024-05-29,27.0,21.1,33.9,66,0.5,0,6.8,,1015.4,,3
2024-05-30,28.6,25.0,33.9,71,0.0,0,9.7,,1011.9,,5
2024-05-31,25.5,17.8,33.3,74,37.3,0,6.5,,1011.8,,4
2024-06-01,27.7,22.2,33.3,71,0.0,0,6.8,,1012.5,,2
2024-06-02,29.1,25.6,34.4,72,0.0,0,11.9,,1010.4,,4
2024-06-03,29.6,26.7,35.0,71,0.0,0,13.0,,1006.3,,6
2024-06-04,30.6,27.2,36.1,70,0.0,0,13.7,,1003.6,,4
2024-06-05,28.0,21.1,33.3,71,0.0,0,7.2,,1006.8,,3
2024-06-06,29.2,21.7,37.2,63,0.0,0,2.9,,1010.1,,0
2024-06-07,29.3,21.7,36.7,61,0.0,0,6.5,,1012.0,,0
2024-06-08,29.8,23.9,36.7,60,0.0,0,10.4,,1011.1,,0
2024-06-09,29.5,23.3,36.1,62,0.0,0,8.3,,1009.9,,2
2024-06-10,29.5,25.6,36.1,64,0.0,0,5.0,,1009.7,,2
2024-06-11,26.6,23.3,35.6,75,5.8,0,4.3,,1010.9,,2
2024-06-12,27.2,23.3,33.9,75,0.0,0,4.0,,1012.9,,4
2024-06-13,29.5,24.4,36.1,65,0.0,0,2.5,,1012.3,,1
2024-06-14,30.4,25.6,36.7,58,0.0,0,5.8,,1012.5,,2
2024-06-15,30.1,25.0,36.7,60,0.0,0,7.6,,1011.3,,2
2024-06-16,30.4,25.0,36.7,61,0.0,0,10.8,,1009.6,,2
2024-06-17,30.0,25.6,36.7,66,0.0,0,15.1,,1008.4,,4
2024-06-18,28.6,23.9,36.1,65,0.0,0,13.3,,1009.5,,3
2024-06-19,25.0,23.3,28.3,81,31.8,0,8.6,,1013.9,,6
2024-06-20,27.0,23.9,32.8,80,7.9,0,7.6,,1017.3,,5
2024-06-21,28.4,24.4,33.9,71,0.0,0,6.1,,1018.3,,3
2024-06-22,29.0,23.9,35.0,66,0.0,0,4.0,,1016.3,,2
2024-06-23,29.7,23.9,35.6,58,0.0,0,5.4,,1013.7,,0
2024-06-24,30.3,25.6,36.1,67,0.0,0,6.5,,1012.5,,1
2024-06-25,30.7,26.7,36.7,66,0.0,0,8.3,,1011.9,,2
2024-06-26,30.7,26.1,36.1,65,0.0,0,9.0,,1011.0,,2
2024-06-27,31.6,25.6,37.8,62,0.0,0,6.8,,1009.2,,1
2024-06-28,31.7,26.1,37.8,60,0.0,0,10.4,,1008.0,,1
2024-06-29,31.9,27.2,38.3,61,0.0,0,12.2,,1012.9,,4
2024-06-30,31.2,26.1,37.8,61,0.0,0,6.8,,1018.4,,3
2024-07-01,31.7,25.0,38.3,55,0.0,0,6.1,,1016.1,,0
2024-07-02,32.0,25.0,38.9,51,0.0,0,9.0,,1012.6,,0
2024-07-03,31.4,25.6,38.3,57,0.0,0,9.4,,1013.1,,1
2024-07-04,31.8,26.1,38.3,58,0.0,0,10.8,,1011.9,,2
2024-07-05,30.9,25.6,38.3,57,0.0,0,7.9,,1012.3,,1
2024-07-06,27.4,23.9,37.2,68,8.6,0,4.7,,1013.7,,1
2024-07-07,28.0,23.3,35.0,73,0.0,0,5.8,,1010.7,,1
2024-07-08,28.7,25.6,35.6,63,0.0,0,10.8,,1008.7,,4
2024-07-09,29.6,23.3,36.7,58,0.0,0,3.6,,1013.0,,1
2024-07-10,30.4,24.4,37.8,55,0.0,0,4.7,,1014.7,,1
2024-07-11,29.7,22.8,37.8,55,0.0,0,5.8,,1015.3,,1
2024-07-12,27.1,23.3,33.9,70,0.0,0,5.4,,1017.2,,1
2024-07-13,27.1,23.3,34.4,73,0.0,0,4.7,,1020.1,,3
2024-07-14,28.9,25.6,35.6,67,0.0,0,6.5,,1019.1,,3
2024-07-15,30.7,24.4,37.8,60,0.0,0,9.4,,1015.4,,1
2024-07-16,30.8,23.9,38.3,58,0.0,0,9.4,,1013.4,,0
2024-07-17,31.1,25.0,38.3,58,0.0,0,6.5,,1014.0,,1
2024-07-18,29.6,22.8,36.7,63,16.3,0,6.1,,1015.4,,2
2024-07-19,29.5,23.9,36.7,61,0.0,0,5.4,,1015.4,,2
2024-07-20,29.9,24.4,36.7,56,0.0,0,5.4,,1015.4,,1
2024-07-21,27.7,23.3,36.7,74,15.7,0,3.6,,1014.6,,1
2024-07-22,26.3,23.9,31.1,83,7.1,0,3.6,,1014.6,,3
2024-07-23,25.0,22.8,27.2,87,26.4,0,2.5,,1016.5,,5
2024-07-24,27.2,23.3,33.3,73,0.0,0,4.7,,1018.1,,3
2024-07-25,26.7,23.3,32.8,77,0.3,0,4.3,,1017.6,,2
2024-07-26,26.0,23.3,31.1,78,0.0,0,5.0,,1015.3,,3
2024-07-27,26.2,23.3,30.0,77,0.0,0,9.0,,1014.0,,3
2024-07-28,27.0,25.0,31.7,79,2.5,0,9.4,,1015.0,,5
2024-07-29,29.8,26.1,36.1,70,0.0,0,10.4,,1014.9,,3
2024-07-30,29.8,26.1,35.6,68,0.0,0,11.2,,1014.1,,4
2024-07-31,29.9,25.6,35.6,65,0.0,0,12.2,,1014.5,,2
2024-08-01,29.6,24.4,36.7,64,0.0,0,7.6,,1017.6,,2
2024-08-02,30.6,24.4,37.8,65,0.0,0,4.3,,1017.4,,0
2024-08-03,31.0,24.4,37.8,62,0.0,0,4.0,,1013.8,,0
2024-08-04,28.8,22.2,36.7,70,24.1,0,2.2,,1012.8,,1
2024-08-05,29.5,23.3,36.1,64,0.0,0,3.6,,1014.8,,0
2024-08-06,30.6,24.4,36.7,60,0.0,0,4.0,,1015.1,,0
2024-08-07,31.7,24.4,38.9,57,0.0,0,4.7,,1010.7,,0
2024-08-08,31.5,25.0,38.3,56,0.0,0,5.0,,1009.4,,0
2024-08-09,30.7,24.4,37.2,61,0.0,0,4.0,,1013.8,,1
2024-08-10,30.2,24.4,37.2,64,0.0,0,5.0,,1017.3,,1
2024-08-11,30.8,25.6,37.2,63,0.0,0,6.8,,1016.1,,1
2024-08-12,30.9,24.4,37.8,63,0.0,0,8.3,,1014.7,,2
2024-08-13,30.9,25.6,37.8,64,0.0,0,7.9,,1015.1,,1
2024-08-14,31.0,25.0,38.3,63,0.0,0,7.9,,1014.7,,1
2024-08-15,31.4,26.1,38.9,61,0.0,0,9.4,,1013.5,,1
2024-08-16,31.7,26.1,38.3,59,0.0,0,7.9,,1013.9,,1
2024-08-17,31.5,25.0,38.3,59,0.0,0,5.4,,1014.0,,0
2024-08-18,32.0,26.1,38.9,55,0.0,0,5.8,,1014.3,,0
2024-08-19,32.1,24.4,40.0,52,0.0,0,3.2,,1014.8,,0
2024-08-20,33.1,26.1,41.1,42,0.0,0,6.1,,1014.4,,0
2024-08-21,34.0,26.1,42.8,46,0.0,0,5.4,,1013.3,,0
2024-08-22,33.8,26.1,41.7,50,0.0,0,10.1,,1012.8,,0
2024-08-23,31.1,26.1,38.9,61,0.0,0,9.0,,1015.3,,0
2024-08-24,30.5,25.0,37.2,62,0.0,0,9.0,,1016.8,,1
2024-08-25,30.3,24.4,37.2,57,0.0,0,5.8,,1017.4,,1
2024-08-26,27.4,23.9,33.9,71,0.3,0,4.7,,1018.2,,2
2024-08-27,26.1,22.8,33.3,78,13.7,0,5.0,,1017.6,,2
2024-08-28,27.5,23.3,36.1,74,0.3,0,4.7,,1016.4,,2
2024-08-29,27.7,22.8,34.4,70,0.0,0,5.0,,1015.1,,2
2024-08-30,28.6,23.9,34.4,68,0.0,0,5.4,,1014.3,,2
2024-08-31,28.9,23.9,35.6,64,0.0,0,5.4,,1013.6,,1
2024-09-01,29.1,24.4,35.0,64,0.0,0,6.5,,1012.7,,2
2024-09-02,28.6,25.0,33.3,68,0.0,0,6.5,,1013.3,,3
2024-09-03,27.1,23.3,31.1,76,8.4,0,7.9,,1013.8,,4
2024-09-04,26.4,23.3,32.2,76,0.0,0,10.8,,1015.7,,3
2024-09-05,25.7,23.9,31.7,77,1.0,0,9.7,,1016.0,,5
2024-09-06,27.3,23.3,33.3,68,0.0,0,13.0,,1014.7,,4
2024-09-07,26.8,21.7,32.8,54,0.0,0,12.2,,1015.5,,1
2024-09-08,24.4,18.9,31.1,41,0.0,0,9.4,,1016.6,,0
2024-09-09,23.9,15.6,32.2,39,0.0,0,7.6,,1017.1,,0
2024-09-10,26.4,17.8,33.9,46,0.0,0,6.1,,1012.8,,1
2024-09-11,27.3,23.3,32.8,64,0.0,0,6.1,,1009.1,,3
2024-09-12,27.2,21.7,34.4,64,0.0,0,3.6,,1008.6,,2
2024-09-13,28.3,20.6,37.2,62,0.0,0,4.0,,1010.4,,1
2024-09-14,30.2,23.9,37.2,61,0.0,0,5.8,,1010.6,,0
2024-09-15,30.3,25.0,37.8,57,0.0,0,5.0,,1011.0,,0
2024-09-16,29.5,23.3,36.7,54,0.0,0,5.0,,1012.0,,1
2024-09-17,29.7,23.3,36.7,56,0.0,0,4.0,,1011.5,,1
2024-09-18,30.4,24.4,37.2,61,0.0,0,9.4,,1010.0,,2
2024-09-19,30.4,25.6,37.2,64,0.0,0,6.5,,1010.5,,2
2024-09-20,30.6,25.0,37.2,63,0.0,0,5.0,,1010.3,,2
2024-09-21,29.9,25.0,36.7,61,0.0,0,8.6,,1010.4,,2
2024-09-22,29.5,24.4,36.7,63,0.0,0,7.9,,1010.6,,3
2024-09-23,28.5,24.4,33.9,65,0.0,0,5.8,,1011.6,,3
2024-09-24,27.9,23.3,35.0,66,0.0,0,2.9,,1011.1,,2
2024-09-25,26.8,21.7,35.0,65,0.0,0,8.6,,1010.8,,1
2024-09-26,24.9,17.8,31.7,51,0.0,0,5.4,,1011.6,,0
2024-09-27,25.4,17.2,35.0,45,0.0,0,5.8,,1010.2,,0
2024-09-28,26.1,18.9,35.0,44,0.0,0,5.4,,1012.4,,0
2024-09-29,26.3,18.3,34.4,41,0.0,0,5.0,,1013.3,,0
2024-09-30,27.1,18.9,36.1,46,0.0,0,4.0,,1013.2,,0
2024-10-01,27.9,19.4,36.1,47,0.0,0,6.1,,1016.1,,1
2024-10-02,27.7,21.1,34.4,46,0.0,0,4.7,,1015.1,,0
2024-10-03,27.5,20.0,35.0,50,0.0,0,4.0,,1012.6,,1
2024-10-04,26.9,18.3,34.4,43,0.0,0,5.8,,1016.0,,0
2024-10-05,27.6,20.6,34.4,51,0.0,0,3.6,,1015.9,,1
2024-10-06,27.2,20.0,34.4,58,0.0,0,4.0,,1015.8,,1
2024-10-07,27.5,20.0,34.4,47,0.0,0,3.6,,1015.8,,1
2024-10-08,26.7,20.0,34.4,47,0.0,0,4.0,,1014.0,,0
2024-10-09,25.1,16.1,33.9,37,0.0,0,2.2,,1015.7,,0
2024-10-10,25.9,16.7,35.0,41,0.0,0,4.7,,1017.2,,0
2024-10-11,25.8,17.8,34.4,48,0.0,0,4.7,,1019.5,,0
2024-10-12,26.1,16.7,36.7,52,0.0,0,5.4,,1018.2,,0
2024-10-13,27.9,18.9,38.3,49,0.0,0,5.4,,1016.6,,0
2024-10-14,26.7,17.8,36.1,35,0.0,0,4.0,,1018.1,,0
2024-10-15,26.3,16.7,37.2,44,0.0,0,2.5,,1015.7,,0
2024-10-16,19.8,14.4,25.6,35,0.0,0,7.6,,1023.3,,0
2024-10-17,17.7,11.7,24.4,36,0.0,0,6.1,,1023.6,,1
2024-10-18,20.1,13.3,28.3,57,0.3,0,9.0,,1022.0,,3
2024-10-19,22.4,17.2,30.0,59,0.0,0,5.8,,1024.6,,2
2024-10-20,22.5,15.0,30.0,54,0.0,0,4.3,,1025.0,,0
2024-10-21,22.2,13.3,30.6,60,0.0,0,4.0,,1021.0,,0
2024-10-22,24.5,19.4,31.7,67,0.0,0,4.7,,1019.0,,2
2024-10-23,25.0,18.3,32.8,64,0.0,0,4.0,,1019.0,,0
2024-10-24,25.5,20.0,32.2,61,0.0,0,8.6,,1016.0,,2
2024-10-25,25.8,21.7,32.8,61,0.0,0,5.0,,1017.9,,2
2024-10-26,25.0,17.8,32.8,60,0.0,0,1.8,,1022.3,,1
2024-10-27,26.2,18.3,33.9,56,0.0,0,5.4,,1020.6,,1
2024-10-28,25.2,18.9,32.8,63,0.0,0,9.7,,1017.4,,2
2024-10-29,26.2,22.8,32.2,68,0.0,0,16.2,,1014.2,,5
2024-10-30,27.0,23.3,33.9,67,0.0,0,12.2,,1013.3,,5
2024-10-31,25.1,21.1,29.4,62,0.0,0,7.9,,1015.4,,5
2024-11-01,22.3,20.0,25.0,75,0.0,0,5.0,,1017.4,,7
2024-11-02,23.4,21.7,27.2,83,1.5,0,9.4,,1015.0,,6
2024-11-03,25.7,22.8,31.1,72,0.0,0,14.0,,1007.4,,6
2024-11-04,25.1,16.1,30.6,76,45.5,0,13.7,,1005.1,,7
2024-11-05,17.1,11.1,22.8,70,3.8,0,4.7,,1011.3,,4
2024-11-06,17.8,8.9,26.7,62,0.0,0,3.6,,1013.1,,1
2024-11-07,24.1,20.0,30.0,71,0.0,0,7.6,,1014.0,,6
2024-11-08,22.9,17.8,31.7,75,0.0,0,10.8,,1013.0,,6
2024-11-09,19.7,14.4,26.7,43,0.0,0,5.8,,1015.4,,2
2024-11-10,21.9,15.0,30.0,53,0.0,0,1.8,,1015.1,,1
2024-11-11,21.3,15.0,28.9,58,0.0,0,3.2,,1016.3,,0
2024-11-12,21.0,13.9,28.3,60,0.0,0,4.3,,1014.1,,0
2024-11-13,21.6,15.6,31.1,56,0.0,0,7.2,,1014.8,,0
2024-11-14,17.3,10.0,24.4,40,0.0,0,4.7,,1020.2,,0
2024-11-15,15.5,5.6,24.4,50,0.0,0,5.4,,1016.9,,0
2024-11-16,19.9,11.1,28.3,68,0.0,0,8.3,,1011.8,,0
2024-11-17,23.4,18.9,30.0,76,0.3,0,10.4,,1008.6,,7
2024-11-18,20.5,11.7,26.1,70,6.4,0,8.3,,1003.8,,5
2024-11-19,17.2,7.8,27.8,53,0.0,0,6.1,,1010.2,,2
2024-11-20,14.3,6.1,20.0,40,0.0,0,10.1,,1025.0,,2
2024-11-21,12.7,5.0,22.2,48,0.0,0,2.9,,1025.5,,1
2024-11-22,14.6,7.2,24.4,51,0.0,0,1.8,,1022.1,,0
2024-11-23,16.1,6.1,25.6,59,0.0,0,5.8,,1018.1,,0
2024-11-24,20.2,13.3,28.3,71,0.0,0,7.6,,1013.7,,0
2024-11-25,18.0,8.9,28.9,70,0.0,0,9.4,,1018.5,,0
2024-11-26,12.4,6.1,18.9,58,0.0,0,6.1,,1022.9,,1
2024-11-27,19.2,10.6,27.2,65,0.0,0,8.6,,1011.4,,1
2024-11-28,12.0,7.2,15.6,45,0.0,0,13.7,,1020.4,,0
2024-11-29,8.9,3.9,15.0,45,0.0,0,7.6,,1027.7,,0
2024-11-30,11.7,6.7,18.3,51,0.0,0,3.2,,1024.7,,3
2024-12-01,13.9,7.8,21.1,70,0.0,0,1.8,,1024.3,,4
2024-12-02,13.3,6.1,20.6,58,0.0,0,3.6,,1028.5,,0
2024-12-03,12.6,7.2,18.3,57,0.8,0,3.6,,1030.4,,6
2024-12-04,13.2,11.1,15.0,89,6.4,0,1.8,,1022.0,,8
2024-12-05,13.4,10.0,15.6,78,0.0,0,9.7,,1024.6,,6
2024-12-06,8.6,5.6,10.6,48,0.5,0,9.0,,1029.3,,7
2024-12-07,7.0,5.6,8.9,86,10.7,0,4.3,,1026.4,,8
2024-12-08,10.6,7.2,15.6,96,0.0,0,2.9,,1017.2,,5
2024-12-09,16.2,8.3,28.9,69,0.0,0,4.0,,1011.2,,0
2024-12-10,11.1,5.6,15.6,60,0.0,0,13.0,,1020.1,,2
2024-12-11,8.5,2.8,17.8,49,0.0,0,6.5,,1030.2,,0
2024-12-12,11.0,1.1,18.9,50,0.0,0,7.6,,1026.6,,2
2024-12-13,15.3,12.8,18.9,90,5.1,0,6.5,,1022.4,,8
2024-12-14,21.1,18.9,26.1,89,3.3,0,4.7,,1020.9,,7
2024-12-15,21.5,20.0,25.0,90,0.8,0,8.6,,1019.0,,8
2024-12-16,21.9,18.9,26.7,80,0.3,0,6.1,,1018.9,,6
2024-12-17,21.3,17.8,26.7,80,0.0,0,4.7,,1020.5,,4
2024-12-18,17.4,9.4,20.0,65,0.8,0,8.6,,1024.6,,3
2024-12-19,11.9,4.4,20.0,57,0.0,0,3.6,,1026.2,,0
2024-12-20,12.5,5.6,20.0,56,0.0,0,4.7,,1028.4,,0
2024-12-21,9.5,2.2,17.2,52,0.0,0,5.8,,1027.4,,0
2024-12-22,14.2,7.8,21.7,63,0.0,0,7.9,,1024.3,,5
2024-12-23,18.5,13.3,25.6,73,0.0,0,11.2,,1019.4,,7
2024-12-24,19.8,15.0,24.4,82,0.5,0,8.3,,1017.1,,6
2024-12-25,14.1,12.8,15.6,85,0.3,0,6.1,,1015.8,,6
2024-12-26,16.9,10.0,25.6,79,0.3,0,4.0,,1011.4,,4
2024-12-27,16.0,6.1,27.8,68,0.0,0,4.3,,1011.3,,0
2024-12-28,21.1,14.4,27.2,59,1.0,0,9.4,,1008.4,,4
2024-12-29,16.7,9.4,25.0,48,0.0,0,6.5,,1014.4,,0
2024-12-30,19.4,10.0,31.7,38,0.0,0,4.0,,1008.6,,0
2024-12-31,15.4,10.0,20.6,33,0.0,0,10.1,,1017.0,,0
2025-01-01,10.1,5.0,15.6,57,0.0,0,6.1,,1025.8,,0
2025-01-02,12.0,3.9,18.3,67,0.0,0,2.9,,1024.9,,5
2025-01-03,15.3,13.3,18.9,86,0.0,0,0.7,,1025.8,,7
2025-01-04,18.0,14.4,21.7,84,0.0,0,9.0,,1018.4,,7
2025-01-05,16.3,1.7,23.9,58,0.0,0,14.8,,1014.5,,4
2025-01-06,2.4,-2.1,8.3,42,0.0,0,13.7,,1029.4,,0
2025-01-07,3.1,-1.0,8.9,41,0.0,0,6.5,,1032.0,,1
2025-01-08,2.9,1.1,5.0,44,0.0,0,7.9,,1033.9,,6
2025-01-09,3.2,1.7,4.4,69,21.3,0,7.9,,1021.1,,8
2025-01-10,3.6,1.1,6.1,76,0.0,0,10.8,,1021.1,,5
2025-01-11,5.7,-2.7,15.6,58,0.0,0,5.0,,1017.8,,0
2025-01-12,8.6,0.0,17.2,58,0.0,0,6.8,,1015.8,,0
2025-01-13,8.2,2.2,13.9,46,0.0,0,8.3,,1026.9,,0
2025-01-14,7.2,0.6,12.8,52,0.0,0,1.8,,1029.2,,3
2025-01-15,11.6,5.6,17.2,45,0.0,0,4.0,,1029.4,,4
2025-01-16,9.8,3.3,18.3,49,0.0,0,3.2,,1028.2,,0
2025-01-17,12.1,8.3,16.1,63,0.0,0,5.8,,1014.1,,1
2025-01-18,11.0,3.9,16.1,52,0.0,0,12.6,,1015.0,,0
2025-01-19,1.2,-2.1,6.1,34,0.0,0,13.7,,1031.3,,0
2025-01-20,-1.9,-4.3,0.6,41,0.3,0,9.4,,1033.3,,4
2025-01-21,-1.3,-4.9,2.8,64,1.0,0,11.2,,1039.2,,5
2025-01-22,1.9,-6.6,11.7,58,0.0,0,6.1,,1029.6,,0
2025-01-23,6.2,-0.5,13.3,39,0.0,0,7.6,,1031.4,,0
2025-01-24,6.9,-1.6,16.1,37,0.0,0,6.1,,1031.0,,0
2025-01-25,8.0,1.1,13.9,64,0.5,0,3.6,,1023.4,,5
2025-01-26,10.7,8.9,12.8,92,2.3,0,6.8,,1023.2,,8
2025-01-27,9.5,7.2,12.2,71,0.0,0,7.6,,1024.4,,8
2025-01-28,10.0,8.3,11.7,94,0.5,0,1.8,,1020.4,,8
2025-01-29,15.3,11.1,20.6,98,1.8,0,6.5,,1014.2,,8
2025-01-30,16.9,10.6,20.0,76,23.4,0,7.2,,1010.9,,4
2025-01-31,13.4,5.6,22.2,46,0.0,0,6.5,,1019.0,,0
2025-02-01,14.7,6.7,24.4,41,0.0,0,5.0,,1021.5,,0
2025-02-02,17.3,6.1,27.8,54,0.0,0,5.8,,1018.0,,0
2025-02-03,20.9,15.0,28.9,76,0.0,0,7.9,,1016.4,,2
2025-02-04,22.7,19.4,28.3,75,0.0,0,8.6,,1018.2,,4
2025-02-05,21.2,18.9,24.4,84,0.0,0,7.9,,1016.1,,6
2025-02-06,22.0,18.9,27.8,78,0.0,0,8.6,,1014.8,,4
2025-02-07,22.5,20.0,27.2,78,0.0,0,9.4,,1015.8,,5
2025-02-08,24.2,20.0,30.6,70,0.0,0,11.5,,1013.7,,3
2025-02-09,14.1,10.0,21.7,71,0.0,0,10.4,,1020.0,,7
2025-02-10,9.0,7.8,10.0,90,0.0,0,8.3,,1022.1,,8
2025-02-11,9.3,7.8,11.1,97,31.2,0,6.1,,1013.5,,8
2025-02-12,8.4,4.4,12.2,88,5.1,0,11.2,,1009.7,,6
2025-02-13,3.7,0.0,8.3,57,0.0,0,13.3,,1028.1,,6
2025-02-14,5.9,2.2,10.0,74,1.3,0,3.6,,1025.3,,7
2025-02-15,14.9,8.3,25.0,74,0.3,0,6.5,,1011.3,,5
2025-02-16,7.4,1.7,12.8,52,0.0,0,13.0,,1024.3,,0
2025-02-17,9.2,0.6,16.7,61,0.0,0,8.6,,1022.0,,2
2025-02-18,10.5,-2.1,15.0,91,1.8,0,10.8,,1016.1,,8
2025-02-19,-4.3,-6.6,-1.6,71,0.0,0,18.4,,1031.6,,6
2025-02-20,-2.4,-7.7,1.7,52,0.0,0,10.8,,1035.4,,3
2025-02-21,0.6,-1.0,3.3,53,0.0,0,7.2,,1034.4,,8
2025-02-22,2.5,-1.0,5.6,83,1.3,0,6.1,,1030.0,,8
2025-02-23,10.3,4.4,18.3,82,0.3,0,2.9,,1021.6,,4
2025-02-24,14.3,3.9,25.0,68,0.0,0,4.3,,1017.4,,0
2025-02-25,16.4,7.8,25.6,69,0.0,0,9.4,,1014.5,,0
2025-02-26,20.7,15.6,28.3,64,0.0,0,10.4,,1011.6,,3
2025-02-27,16.9,11.7,20.6,48,0.0,0,9.0,,1021.2,,4
2025-02-28,16.4,7.2,25.6,45,0.0,0,4.0,,1019.1,,1
2025-03-01,19.7,9.4,29.4,51,0.0,0,3.2,,1015.8,,0
2025-03-02,20.4,14.4,26.7,62,0.0,0,12.2,,1014.2,,2
2025-03-03,22.0,18.9,26.1,76,0.0,0,13.0,,1009.9,,8
2025-03-04,20.4,11.7,24.4,48,7.9,0,15.1,,1003.9,,4
2025-03-05,15.6,10.0,22.2,32,0.0,0,9.7,,1018.0,,0
2025-03-06,15.3,5.6,23.9,45,0.0,0,8.6,,1015.8,,0
2025-03-07,21.3,15.6,28.9,66,0.0,0,8.3,,1009.3,,4
2025-03-08,18.4,8.3,25.6,76,0.0,0,13.3,,1010.7,,5
2025-03-09,11.6,7.2,17.8,56,0.0,0,13.7,,1020.5,,2
2025-03-10,15.1,4.4,26.1,49,0.0,0,4.7,,1019.6,,0
2025-03-11,18.7,8.3,28.9,37,0.0,0,7.9,,1013.4,,0
2025-03-12,22.2,13.9,32.2,56,0.0,0,8.6,,1009.1,,2
2025-03-13,23.4,12.2,33.9,28,0.0,0,8.6,,1008.6,,0
2025-03-14,25.5,18.9,35.6,48,0.0,0,10.8,,1000.4,,2
2025-03-15,20.7,14.4,25.0,23,2.0,0,14.4,,1001.2,,1
2025-03-16,17.6,9.4,26.7,29,0.0,0,7.2,,1016.6,,0
2025-03-17,18.1,5.0,30.0,39,0.0,0,9.0,,1022.3,,0
2025-03-18,21.0,13.9,30.6,59,0.0,0,15.1,,1013.2,,0
2025-03-19,20.7,11.7,25.6,36,0.0,0,14.8,,1014.9,,2
2025-03-20,14.2,6.7,21.7,26,0.0,0,7.9,,1026.3,,0
2025-03-21,16.4,6.1,26.7,38,0.0,0,9.0,,1018.8,,0
2025-03-22,20.6,12.2,30.0,63,0.0,0,11.9,,1014.9,,1
2025-03-23,23.4,16.7,31.7,69,10.9,0,9.7,,1011.3,,5
2025-03-24,22.0,15.0,29.4,39,0.0,0,4.7,,1015.5,,0
2025-03-25,23.9,15.6,32.8,56,0.0,0,6.8,,1017.4,,0
2025-03-26,22.3,17.2,27.8,75,2.8,0,8.6,,1019.4,,6
2025-03-27,18.2,17.2,19.4,93,21.8,0,4.7,,1017.1,,8
2025-03-28,18.9,17.2,22.8,90,0.8,0,6.1,,1012.5,,6
2025-03-29,23.4,18.3,31.1,76,0.0,0,9.7,,1008.0,,4
2025-03-30,22.8,20.6,26.1,83,0.3,0,5.8,,1007.6,,5
2025-03-31,21.3,17.8,26.7,64,0.0,0,6.8,,1011.4,,3
2025-04-01,22.1,16.7,28.9,69,0.0,0,11.5,,1006.4,,4
2025-04-02,25.0,22.2,30.0,79,0.8,0,11.5,,1000.7,,6
2025-04-03,26.0,20.0,32.8,70,0.0,0,10.8,,1003.8,,6
2025-04-04,23.9,15.0,32.2,77,1.0,0,9.7,,1007.0,,7
2025-04-05,14.6,10.0,16.7,84,1.3,0,11.9,,1011.2,,7
2025-04-06,9.9,6.1,15.0,59,0.0,0,13.7,,1020.2,,5
2025-04-07,13.0,3.9,22.2,48,0.0,0,6.5,,1019.9,,0
2025-04-08,16.2,5.0,26.1,44,0.0,0,6.1,,1020.3,,0
2025-04-09,21.2,11.7,30.6,42,0.0,0,10.8,,1018.3,,0
2025-04-10,23.0,12.8,32.2,53,0.0,0,6.5,,1018.9,,0
2025-04-11,23.8,15.0,32.2,48,0.0,0,4.3,,1021.4,,0
2025-04-12,24.1,16.1,32.8,42,0.0,0,9.4,,1018.0,,0
2025-04-13,24.3,16.1,33.9,55,0.0,0,13.3,,1014.2,,0
2025-04-14,24.8,18.3,33.9,57,0.0,0,12.2,,1014.6,,2
2025-04-15,22.9,18.9,28.3,51,0.0,0,8.3,,1020.5,,5
2025-04-16,23.7,17.8,30.6,61,0.0,0,11.9,,1016.7,,4
2025-04-17,24.1,20.0,31.7,64,0.0,0,16.9,,1011.4,,4
2025-04-18,25.8,20.6,33.9,66,0.0,0,15.8,,1010.3,,5
2025-04-19,24.4,21.1,29.4,72,0.0,0,16.2,,1012.3,,3
2025-04-20,23.8,16.7,29.4,59,4.6,0,7.2,,1013.3,,3
2025-04-21,22.5,12.2,31.1,44,0.0,0,4.7,,1015.9,,0
2025-04-22,24.6,20.6,31.7,69,32.0,0,7.6,,1013.4,,4
2025-04-23,24.1,18.3,30.0,76,11.4,0,10.1,,1013.0,,3
2025-04-24,23.6,18.9,31.1,80,0.0,0,10.8,,1013.2,,4
2025-04-25,23.6,19.4,30.0,81,1.3,0,7.2,,1015.0,,5
2025-04-26,24.4,21.1,30.6,77,0.3,0,11.5,,1015.4,,4
2025-04-27,24.6,21.1,29.4,74,0.0,0,12.2,,1015.1,,4
2025-04-28,25.2,22.2,30.6,73,0.0,0,14.0,,1013.9,,4
2025-04-29,25.9,22.8,31.1,68,0.0,0,15.1,,1013.5,,5
2025-04-30,26.0,22.2,31.7,72,0.0,0,15.1,,1009.0,,4
2025-05-01,25.8,18.9,34.4,69,0.0,0,9.7,,1010.9,,3
2025-05-02,21.3,17.2,28.3,72,0.8,0,8.3,,1011.5,,3
2025-05-03,21.1,15.0,27.2,51,0.0,0,7.9,,1015.5,,1
2025-05-04,20.9,13.3,28.9,46,0.0,0,6.5,,1013.6,,1
2025-05-05,19.0,16.7,25.0,80,18.0,0,8.6,,1010.2,,5
2025-05-06,22.1,17.2,31.7,83,13.2,0,7.9,,1007.0,,4
2025-05-07,22.0,17.2,27.8,71,0.0,0,6.1,,1013.0,,2
2025-05-08,22.3,15.6,29.4,70,0.0,0,6.1,,1016.1,,2
2025-05-09,22.7,17.2,27.8,59,0.0,0,10.4,,1016.6,,3
2025-05-10,21.1,16.7,27.2,64,2.5,0,6.5,,1017.7,,1
2025-05-11,21.9,16.1,28.3,48,0.0,0,7.9,,1016.4,,0
2025-05-12,22.9,12.2,33.3,45,0.0,0,5.0,,1012.5,,0
2025-05-13,27.7,17.2,38.3,52,0.0,0,10.1,,1005.7,,0
2025-05-14,28.8,21.7,38.3,65,0.0,0,12.2,,1003.8,,1
2025-05-15,28.7,21.7,37.2,66,0.0,0,9.7,,1005.4,,2
2025-05-16,29.8,25.0,37.2,65,0.0,0,11.5,,1007.7,,4
2025-05-17,30.2,26.1,37.2,66,0.0,0,11.5,,1009.0,,4
2025-05-18,28.6,25.0,35.0,67,0.0,0,15.5,,1007.0,,3
2025-05-19,27.8,25.6,30.6,73,0.0,0,13.7,,1004.4,,6
2025-05-20,29.4,24.4,35.6,52,0.0,0,7.9,,1007.9,,2
2025-05-21,27.4,21.1,34.4,39,0.0,0,7.6,,1013.3,,0
2025-05-22,29.7,24.4,37.2,63,0.0,0,11.9,,1012.8,,3
2025-05-23,28.5,20.6,37.2,63,7.1,0,9.0,,1013.0,,1
2025-05-24,30.2,25.0,37.2,62,0.0,0,15.5,,1012.0,,2
2025-05-25,30.1,25.6,37.2,64,0.0,0,13.7,,1011.6,,4
2025-05-26,26.4,18.9,32.8,76,58.7,0,13.7,,1010.4,,4
2025-05-27,25.1,18.3,33.9,71,0.0,0,5.8,,1013.8,,2
2025-05-28,25.2,20.0,31.1,75,34.0,0,6.1,,1015.2,,2
2025-05-29,25.5,20.6,32.2,78,0.0,0,5.0,,1015.2,,3
2025-05-30,24.7,20.6,28.3,80,33.0,0,5.0,,1016.1,,4
2025-05-31,25.8,21.1,31.1,71,0.0,0,2.2,,1015.0,,2
2025-06-01,28.8,21.7,35.6,63,0.0,0,7.2,,1010.9,,0
2025-06-02,28.4,23.3,35.0,68,0.0,0,10.8,,1011.3,,2
2025-06-03,28.3,25.6,34.4,73,0.0,0,12.6,,1010.1,,4
2025-06-04,28.2,23.9,32.2,74,0.0,0,6.5,,1011.4,,4
2025-06-05,29.0,23.3,35.0,69,0.0,0,9.7,,1012.8,,4
2025-06-06,29.7,25.6,35.6,65,0.0,0,13.0,,1012.9,,2
2025-06-07,29.8,25.6,35.6,66,0.0,0,12.2,,1011.6,,3
2025-06-08,29.9,25.0,35.6,66,0.0,0,10.8,,1010.3,,2
2025-06-09,28.3,20.0,37.2,66,2.8,0,8.3,,1011.2,,1
2025-06-10,27.2,22.8,33.3,70,0.0,0,6.5,,1013.1,,2
2025-06-11,25.6,21.1,31.7,76,7.4,0,6.5,,1013.6,,3
2025-06-12,23.4,21.1,27.2,87,9.1,0,6.1,,1011.8,,3
2025-06-13,26.8,20.0,35.0,74,0.0,0,6.5,,1012.1,,2
2025-06-14,28.1,23.9,35.6,72,0.0,0,9.0,,1013.9,,2
2025-06-15,26.4,21.1,36.1,81,0.3,0,8.3,,1015.0,,3
2025-06-16,27.6,21.1,35.0,72,0.0,0,7.9,,1013.6,,2
2025-06-17,28.6,22.2,35.6,66,0.0,0,11.9,,1011.1,,0
2025-06-18,29.7,25.6,35.6,63,0.0,0,15.5,,1012.0,,3
2025-06-19,30.4,25.6,37.2,64,0.0,0,9.0,,1016.1,,3
2025-06-20,30.3,25.6,36.7,66,0.0,0,12.2,,1015.6,,3
2025-06-21,29.4,25.0,35.6,65,0.0,0,13.7,,1014.9,,3
2025-06-22,29.8,25.0,36.1,63,0.0,0,12.6,,1015.9,,4
2025-06-23,30.1,25.6,36.7,63,0.0,0,13.0,,1017.4,,3
2025-06-24,28.3,23.9,35.0,70,0.8,0,7.9,,1018.9,,3
2025-06-25,27.5,23.9,35.6,70,0.0,0,7.2,,1017.6,,2
2025-06-26,27.8,24.4,36.7,72,0.0,0,9.7,,1015.7,,3
2025-06-27,29.1,22.8,35.6,66,0.0,0,10.1,,1015.6,,2
2025-06-28,30.0,24.4,36.7,62,0.0,0,9.7,,1015.6,,2
2025-06-29,29.1,23.3,36.7,67,0.0,0,9.0,,1014.6,,1
2025-06-30,27.6,23.3,36.1,71,1.3,0,7.9,,1015.5,,1
2025-07-01,28.1,22.8,35.0,66,0.5,0,4.7,,1017.0,,1
2025-07-02,27.9,23.9,34.4,77,15.7,0,4.3,,1015.5,,2
2025-07-03,25.3,23.9,28.3,92,24.1,0,5.8,,1014.9,,3
2025-07-04,25.4,23.3,27.8,94,21.8,0,6.1,,1014.5,,4
2025-07-05,24.1,22.8,25.0,97,68.1,0,6.1,,1013.8,,5
2025-07-06,25.8,23.3,32.2,86,0.0,0,4.7,,1014.2,,4
2025-07-07,27.4,24.4,32.2,78,0.8,0,6.8,,1015.7,,3
2025-07-08,28.0,24.4,35.0,75,0.0,0,8.3,,1017.8,,2
2025-07-09,24.9,22.8,31.1,87,7.6,0,5.0,,1017.9,,2
2025-07-10,27.4,21.7,33.9,71,0.0,0,8.6,,1015.8,,1
2025-07-11,27.7,23.9,33.9,72,2.3,0,11.5,,1014.4,,3
2025-07-12,29.0,25.6,33.9,70,0.0,0,12.6,,1014.5,,4
2025-07-13,25.4,22.2,28.9,84,3.8,0,4.7,,1015.6,,3
2025-07-14,28.1,23.9,34.4,72,0.0,0,6.5,,1016.2,,3
2025-07-15,29.2,25.6,35.0,69,0.0,0,11.5,,1015.1,,3
2025-07-16,29.6,25.6,35.0,65,0.0,0,11.5,,1013.1,,2
2025-07-17,29.0,23.3,35.6,64,0.0,0,9.4,,1014.0,,2
2025-07-18,29.4,22.8,35.6,65,0.0,0,8.6,,1015.8,,0
2025-07-19,28.6,25.6,32.2,72,0.0,0,9.0,,1016.7,,2
2025-07-20,28.2,25.6,32.2,73,0.0,0,11.5,,1016.0,,2
2025-07-21,28.9,24.4,33.9,70,0.0,0,10.8,,1015.1,,2
2025-07-22,29.9,25.0,36.7,64,0.0,0,12.2,,1014.4,,2
2025-07-23,30.3,24.4,36.7,63,0.0,0,10.4,,1015.4,,1
2025-07-24,30.7,23.9,37.8,59,0.0,0,8.3,,1015.0,,1
2025-07-25,28.2,23.3,32.2,66,0.0,0,3.6,,1013.0,,0
2025-07-26,28.1,23.9,35.6,70,9.7,0,8.3,,1014.3,,2
2025-07-27,28.6,25.0,36.1,72,0.0,0,9.0,,1018.3,,3
2025-07-28,29.8,25.0,36.1,65,0.0,0,7.9,,1020.3,,2
2025-07-29,30.2,23.9,37.8,54,0.0,0,2.2,,1019.0,,0
2025-07-30,30.2,21.1,38.3,38,0.0,0,2.2,,1015.8,,0
2025-07-31,31.0,22.2,38.9,46,0.0,0,5.0,,1015.4,,0
2025-08-01,30.6,24.4,38.9,55,0.0,0,4.3,,1017.8,,1
2025-08-02,29.7,25.0,37.2,60,0.0,0,4.7,,1018.2,,0
2025-08-03,30.0,23.3,37.2,61,0.0,0,4.0,,1014.2,,1
2025-08-04,28.2,24.4,32.2,65,0.3,0,5.4,,1013.8,,1
2025-08-05,29.4,22.8,35.6,62,0.0,0,4.3,,1017.2,,1
2025-08-06,30.4,24.4,37.2,62,0.0,0,6.8,,1019.1,,2
2025-08-07,31.3,25.0,37.8,58,0.0,0,6.5,,1017.7,,0
2025-08-08,31.6,24.4,38.3,52,0.0,0,7.6,,1013.9,,0
2025-08-09,31.4,25.0,37.8,54,0.0,0,8.6,,1012.9,,0
2025-08-10,30.5,24.4,37.2,59,0.0,0,7.9,,1013.6,,0
2025-08-11,30.7,25.0,38.3,58,0.0,0,6.5,,1013.3,,0
2025-08-12,30.6,25.0,36.7,57,0.0,0,3.2,,1013.0,,0
2025-08-13,29.1,25.0,35.6,64,0.0,0,6.1,,1013.2,,1
2025-08-14,31.2,25.0,38.9,59,0.0,0,9.4,,1012.8,,0
2025-08-15,29.1,23.3,37.2,70,11.9,0,11.2,,1015.7,,2
2025-08-16,30.2,24.4,37.8,64,0.0,0,10.1,,1016.1,,2
2025-08-17,31.2,25.0,37.8,60,0.0,0,7.6,,1014.4,,1
2025-08-18,32.1,24.4,39.4,53,0.0,0,6.1,,1013.7,,0
2025-08-19,30.2,25.0,36.1,60,0.0,0,4.0,,1014.4,,0
2025-08-20,29.0,22.8,38.3,64,0.0,0,4.3,,1013.5,,1
2025-08-21,26.3,22.2,35.6,74,15.2,0,4.0,,1012.8,,1
2025-08-22,27.3,22.2,35.0,72,0.0,0,5.0,,1013.3,,1
2025-08-23,28.7,22.2,34.4,61,0.0,0,5.0,,1014.4,,1
2025-08-24,29.9,22.8,37.2,53,0.0,0,4.3,,1014.3,,1
2025-08-25,30.3,22.8,36.7,51,0.0,0,4.7,,1016.0,,1
2025-08-26,28.6,22.8,36.7,65,1.8,0,2.9,,1018.7,,2
2025-08-27,29.0,24.4,36.7,68,0.0,0,4.7,,1019.4,,4
2025-08-28,31.6,25.6,38.9,58,0.0,0,8.6,,1016.0,,2
2025-08-29,30.6,25.6,39.4,62,0.0,0,8.6,,1014.5,,2
2025-08-30,30.2,25.0,38.3,66,0.0,0,6.1,,1013.9,,3
2025-08-31,27.1,23.9,32.2,78,0.3,0,5.0,,1016.0,,5
2025-09-01,26.9,21.1,33.3,72,0.0,0,2.2,,1016.9,,6
2025-09-02,28.8,22.2,36.1,60,0.0,0,4.3,,1016.0,,2
2025-09-03,29.6,22.8,37.2,48,0.0,0,4.7,,1014.5,,1
2025-09-04,29.8,19.4,40.0,44,0.0,0,4.0,,1011.9,,0
2025-09-05,31.2,24.4,38.9,53,0.0,0,9.7,,1012.2,,2
2025-09-06,26.3,23.9,28.3,75,1.0,0,6.8,,1017.2,,5
2025-09-07,23.5,22.2,25.0,85,1.0,0,4.3,,1019.8,,6
2025-09-08,26.0,21.1,32.8,56,0.0,0,5.0,,1019.2,,3
2025-09-09,25.8,16.7,33.9,46,0.0,0,2.9,,1017.0,,0
2025-09-10,27.3,18.9,36.1,46,0.0,0,4.0,,1018.2,,0
2025-09-11,28.3,20.0,36.1,56,0.0,0,5.4,,1019.3,,2
2025-09-12,29.2,22.2,36.7,58,0.0,0,7.6,,1019.2,,1
2025-09-13,28.3,21.1,36.1,57,0.0,0,6.8,,1017.0,,2
2025-09-14,28.7,21.7,36.7,56,0.0,0,7.6,,1015.2,,2
2025-09-15,28.5,22.2,35.6,55,0.0,0,6.1,,1017.3,,2
2025-09-16,28.4,21.1,36.1,54,0.0,0,5.0,,1019.5,,1
2025-09-17,29.0,21.1,36.1,52,0.0,0,4.3,,1017.5,,2
2025-09-18,28.6,21.7,36.1,56,0.0,0,6.1,,1015.9,,2
2025-09-19,28.8,22.8,36.1,56,0.0,0,5.8,,1016.3,,2
2025-09-20,28.6,21.7,36.1,56,0.0,0,6.1,,1016.2,,1
2025-09-21,29.7,23.9,37.2,60,0.0,0,9.7,,1013.3,,3
2025-09-22,30.2,24.4,37.2,63,0.0,0,9.4,,1011.5,,3
2025-09-23,30.8,25.6,38.3,63,0.0,0,9.0,,1012.4,,3
2025-09-24,27.4,23.3,32.8,70,0.0,0,7.2,,1016.6,,4
2025-09-25,27.0,21.7,32.8,58,0.0,0,5.8,,1017.4,,3
2025-09-26,25.8,18.3,33.9,46,0.0,0,3.2,,1014.5,,1
2025-09-27,26.1,16.7,34.4,44,0.0,0,2.5,,1014.8,,1
2025-09-28,26.2,18.3,33.9,45,0.0,0,4.3,,1017.7,,1
2025-09-29,26.1,17.8,32.8,45,0.0,0,3.2,,1018.2,,2
2025-09-30,27.4,19.4,34.4,41,0.0,0,2.9,,1017.2,,2
2025-10-01,27.9,18.9,36.1,42,0.0,0,2.9,,1016.7,,1
2025-10-02,28.2,20.0,36.7,43,0.0,0,2.9,,1018.7,,1
2025-10-03,28.1,21.1,35.0,49,0.0,0,3.6,,1018.8,,2
2025-10-04,27.2,20.6,33.3,54,0.0,0,5.4,,1015.4,,2
2025-10-05,27.1,20.0,34.4,53,0.0,0,4.7,,1013.0,,2
2025-10-06,27.7,20.0,34.4,54,0.0,0,4.7,,1014.0,,2
2025-10-07,28.6,23.9,34.4,59,0.0,0,4.3,,1016.6,,4
2025-10-08,28.1,21.7,35.0,54,0.0,0,7.2,,1018.4,,3
2025-10-09,27.5,22.8,33.3,56,0.0,0,6.5,,1020.2,,2
2025-10-10,26.7,20.6,33.3,49,0.0,0,4.0,,1020.2,,0
2025-10-11,25.8,16.7,33.9,44,0.0,0,4.3,,1016.2,,0
2025-10-12,26.0,17.8,33.3,50,0.0,0,6.8,,1011.6,,0
2025-10-13,25.4,18.3,32.8,52,0.0,0,5.4,,1014.7,,1
2025-10-14,25.6,18.3,33.3,54,0.0,0,4.0,,1018.9,,1
2025-10-15,25.5,17.8,33.3,45,0.0,0,2.9,,1016.7,,0
2025-10-16,24.2,17.8,31.1,61,0.0,0,7.2,,1013.2,,2
2025-10-17,26.2,19.4,33.9,62,0.0,0,7.6,,1011.6,,3
2025-10-18,28.5,23.9,36.1,58,0.0,0,7.2,,1010.2,,4
2025-10-19,23.5,16.7,30.0,36,0.0,0,7.9,,1019.1,,0
2025-10-20,25.2,15.6,35.0,49,0.0,0,7.6,,1016.3,,2
2025-10-21,26.0,21.7,31.7,52,0.0,0,9.0,,1018.0,,4
2025-10-22,23.6,17.2,30.6,39,0.0,0,6.8,,1020.2,,3
2025-10-23,26.2,21.1,33.9,62,0.0,0,8.3,,1018.0,,5
2025-10-24,25.7,17.2,31.7,70,43.7,0,12.2,,1015.8,,5
2025-10-25,19.8,16.7,26.1,87,26.4,0,5.8,,1013.8,,5
2025-10-26,21.2,16.7,27.8,80,0.0,0,2.9,,1014.6,,3
2025-10-27,23.7,16.7,32.2,72,0.0,0,4.3,,1012.4,,2
2025-10-28,23.8,16.1,30.6,68,0.0,0,13.7,,1014.8,,4
2025-10-29,15.5,11.7,20.6,30,0.0,0,13.3,,1024.8,,0
2025-10-30,14.3,7.2,22.8,38,0.0,0,4.3,,1021.0,,0
2025-10-31,15.1,6.1,24.4,50,0.0,0,4.0,,1019.2,,0
2025-11-01,14.7,10.6,20.6,73,3.0,0,5.4,,1018.3,,4
2025-11-02,15.2,10.0,22.8,72,0.0,0,1.8,,1024.3,,1
2025-11-03,17.1,8.9,26.1,57,0.0,0,3.2,,1025.4,,0
2025-11-04,18.2,9.4,26.7,64,0.0,0,4.0,,1024.1,,0
2025-11-05,20.4,12.8,28.9,68,0.0,0,4.7,,1020.6,,1
2025-11-06,21.4,14.4,28.9,68,0.0,0,6.8,,1016.3,,1
2025-11-07,23.5,16.7,33.9,59,0.0,0,7.6,,1009.9,,1
2025-11-08,22.0,14.4,30.0,59,0.0,0,3.2,,1011.6,,0
2025-11-09,17.0,10.6,21.1,32,0.0,0,15.5,,1026.6,,1
2025-11-10,10.0,5.0,16.1,35,0.0,0,6.1,,1034.0,,0
2025-11-11,13.9,4.4,23.3,40,0.0,0,6.8,,1025.0,,0
2025-11-12,19.6,11.1,27.8,66,0.0,0,7.2,,1020.5,,1
2025-11-13,21.8,14.4,29.4,69,0.0,0,7.9,,1020.4,,3
2025-11-14,22.7,19.4,28.9,70,0.0,0,9.0,,1018.6,,4
2025-11-15,23.0,19.4,29.4,69,0.0,0,8.6,,1014.7,,4
2025-11-16,23.7,19.4,30.6,72,0.0,0,5.4,,1011.6,,4
2025-11-17,24.9,21.7,30.6,73,0.0,0,9.7,,1012.0,,6
2025-11-18,24.6,21.7,29.4,75,0.0,0,7.2,,1015.8,,4
2025-11-19,25.1,22.2,30.0,76,0.0,0,7.6,,1018.3,,5
2025-11-20,23.2,18.3,28.9,80,10.4,0,9.0,,1015.2,,4
2025-11-21,20.1,17.2,23.9,86,0.0,0,1.4,,1015.3,,6
2025-11-22,18.5,13.9,25.0,65,0.0,0,6.1,,1021.1,,2
2025-11-23,17.1,13.3,21.1,68,0.0,0,4.7,,1019.7,,6
2025-11-24,19.7,14.4,24.4,89,1.0,0,6.8,,1012.9,,5
2025-11-25,19.1,11.7,27.8,61,0.0,0,4.0,,1016.8,,1
2025-11-26,14.5,11.1,18.9,46,0.0,0,10.1,,1026.7,,2
2025-11-27,12.6,7.8,17.2,48,0.0,0,3.2,,1029.1,,5
2025-11-28,15.0,9.4,20.0,57,0.0,0,11.2,,1025.0,,6
2025-11-29,19.2,14.4,26.1,80,0.3,0,7.2,,1016.8,,6
2025-11-30,9.1,6.7,14.4,50,0.0,0,15.1,,1024.4,,7
2025-12-01,5.8,4.4,6.7,78,0.3,0,8.3,,1021.0,,7
2025-12-02,6.5,1.1,12.8,59,0.0,0,5.0,,1020.6,,2
2025-12-03,10.0,3.9,15.0,84,0.0,0,4.0,,1016.2,,6
2025-12-04,9.1,6.7,12.2,85,1.5,0,12.2,,1020.9,,7
2025-12-05,8.4,5.6,11.7,76,0.0,0,4.7,,1018.9,,6
2025-12-06,14.7,6.1,25.0,68,0.0,0,4.3,,1013.0,,2
2025-12-07,13.7,8.3,22.2,74,0.0,0,8.3,,1016.9,,2
2025-12-08,8.1,2.2,16.1,62,0.0,0,4.0,,1025.9,,1
2025-12-09,10.4,0.6,20.6,56,0.0,0,6.1,,1019.5,,0
2025-12-10,14.8,8.3,22.2,53,0.0,0,8.6,,1017.4,,1
2025-12-11,13.1,5.6,21.7,40,0.0,0,4.3,,1018.6,,0
2025-12-12,15.7,8.9,24.4,83,0.0,0,1.4,,1015.5,,5
2025-12-13,19.2,15.6,26.7,84,0.0,0,3.6,,1017.4,,5
2025-12-14,7.4,2.2,18.3,67,0.0,0,14.8,,1031.4,,7
2025-12-15,6.4,0.0,12.2,46,0.0,0,4.3,,1029.6,,3
2025-12-16,10.9,5.0,15.6,68,2.8,0,3.2,,1020.1,,6
2025-12-17,15.8,14.4,18.3,96,3.0,0,3.2,,1015.0,,7
2025-12-18,17.8,10.0,23.9,61,0.3,0,9.4,,1013.1,,3
2025-12-19,13.0,3.9,20.6,36,0.0,0,7.6,,1020.5,,0
2025-12-20,17.0,9.4,23.9,81,0.0,0,6.1,,1014.1,,3
2025-12-21,15.5,10.0,22.8,70,0.0,0,4.7,,1019.6,,3
2025-12-22,18.3,12.2,25.0,81,0.0,0,2.5,,1022.5,,6
2025-12-23,22.4,20.0,26.7,79,0.0,0,7.6,,1023.4,,4
2025-12-24,21.0,17.8,27.2,76,0.0,0,5.4,,1024.2,,4
2025-12-25,20.2,17.2,25.0,81,0.0,0,4.7,,1021.0,,5
2025-12-26,22.9,16.7,30.0,76,0.0,0,6.8,,1016.4,,5
2025-12-27,22.7,20.0,27.8,76,0.0,0,10.4,,1014.0,,6
2025-12-28,20.8,11.7,26.1,73,0.0,0,9.4,,1016.0,,5
2025-12-29,7.2,4.4,11.7,32,0.0,0,16.2,,1032.5,,7
2025-12-30,8.4,2.8,15.0,31,0.0,0,7.6,,1032.3,,2
2025-12-31,11.0,1.1,22.2,36,0.0,0,4.0,,1024.8,,1
2026-01-01,13.5,3.9,24.4,38,0.0,0,4.0,,1017.4,,2
2026-01-02,20.8,12.8,31.1,37,0.0,0,4.7,,1009.1,,1
2026-01-03,20.2,13.9,24.4,44,0.0,0,10.4,,1015.0,,1
2026-01-04,14.7,6.1,21.7,58,0.0,0,5.0,,1019.0,,1
2026-01-05,16.7,13.3,25.0,82,0.0,0,5.0,,1015.0,,5
2026-01-06,20.6,12.8,28.9,62,0.0,0,4.3,,1014.6,,4
2026-01-07,18.2,11.1,27.2,60,0.0,0,7.6,,1013.0,,3
2026-01-08,22.4,19.4,26.1,70,0.0,0,10.8,,1008.8,,4
2026-01-09,19.2,13.9,22.8,61,0.0,0,4.0,,1014.2,,5
2026-01-10,12.1,5.0,14.4,45,0.0,0,14.0,,1029.0,,2
2026-01-11,8.8,2.2,16.7,34,0.0,0,5.4,,1034.5,,2
2026-01-12,10.5,5.0,18.3,45,0.0,0,1.8,,1030.5,,3
2026-01-13,10.6,7.8,15.6,61,1.0,0,3.6,,1023.4,,6
2026-01-14,13.0,6.7,20.0,47,0.0,0,13.7,,1020.5,,1
2026-01-15,11.2,3.3,19.4,46,0.0,0,6.1,,1021.7,,0
2026-01-16,14.3,7.8,23.3,39,0.0,0,9.0,,1015.5,,1
2026-01-17,9.4,2.2,12.8,25,0.0,0,11.9,,1027.0,,2
2026-01-18,6.7,-0.6,18.3,33,0.0,0,6.8,,1027.0,,0
2026-01-19,10.2,0.6,20.0,34,0.0,0,4.0,,1024.8,,1
2026-01-20,9.7,3.9,15.0,44,0.0,0,7.6,,1027.2,,6
2026-01-21,16.1,12.8,23.3,81,1.5,0,2.9,,1020.3,,5
2026-01-22,15.1,11.1,20.0,82,0.0,0,5.8,,1019.6,,6
2026-01-23,16.1,7.2,18.3,97,4.3,0,6.8,,1017.8,,8
2026-01-24,3.2,-4.4,7.2,92,18.5,0,14.8,,1019.0,,7
2026-01-25,-4.6,-7.2,-2.2,80,11.2,2,14.8,,1023.6,,7
2026-01-26,-3.9,-7.8,2.8,65,0.0,2,7.2,,1036.7,,2
2026-01-27,-0.6,-6.7,9.4,68,0.0,0,3.2,,1032.4,,2
2026-01-28,4.5,-2.2,15.0,68,0.0,0,3.2,,1029.2,,1
2026-01-29,8.6,0.0,22.2,59,0.0,0,7.2,,1020.9,,2
2026-01-30,8.2,2.8,12.8,56,0.0,0,6.5,,1027.9,,2
2026-01-31,4.2,-0.6,7.2,49,0.0,0,10.8,,1034.0,,1
2026-02-01,3.1,-3.9,15.0,50,0.0,0,4.0,,1031.5,,1
2026-02-02,9.9,1.7,20.6,74,0.0,0,7.6,,1024.4,,4
2026-02-03,17.8,13.9,21.7,71,0.0,0,10.1,,1020.2,,6
2026-02-04,13.6,7.2,18.3,48,0.0,0,10.1,,1028.9,,2
2026-02-05,11.7,4.4,20.6,52,0.0,0,5.8,,1027.8,,0
2026-02-06,15.5,10.0,28.3,31,0.0,0,7.6,,1021.8,,0
2026-02-07,18.1,8.9,28.3,33,0.0,0,4.3,,1022.5,,1
2026-02-08,18.3,9.4,27.2,49,0.0,0,4.7,,1021.8,,2
2026-02-09,19.4,11.7,30.0,61,0.0,0,6.1,,1019.3,,4
2026-02-10,19.4,16.7,20.6,73,0.5,0,7.6,,1015.6,,6
2026-02-11,17.7,12.8,23.9,63,0.0,0,6.1,,1016.8,,3
2026-02-12,17.4,9.4,27.2,62,0.0,0,4.7,,1017.7,,3
2026-02-13,21.2,16.1,27.2,69,0.0,0,10.1,,1017.8,,5
2026-02-14,19.3,12.2,21.7,92,10.7,0,7.6,,1017.6,,5
2026-02-15,16.3,11.7,23.3,68,0.0,0,9.0,,1018.1,,5
2026-02-16,15.9,8.3,25.6,68,0.0,0,6.1,,1017.7,,2
2026-02-17,20.1,15.0,29.4,71,0.0,0,13.0,,1013.3,,5
2026-02-18,21.5,17.8,26.1,74,0.0,0,6.1,,1009.7,,5
2026-02-19,22.5,18.3,30.0,58,0.0,0,6.1,,1005.9,,4
2026-02-20,18.2,13.3,19.4,48,0.0,0,6.1,,1009.3,,6
2026-02-21,16.7,10.0,21.1,42,0.0,0,12.6,,1020.1,,4
2026-02-22,11.5,5.6,17.2,36,0.0,0,10.8,,1024.3,,0
2026-02-23,10.2,1.1,18.9,37,0.0,0,2.9,,1025.9,,0
2026-02-24,12.8,4.4,23.9,48,0.0,0,9.0,,1021.8,,1
2026-02-25,19.9,13.9,31.1,61,0.0,0,11.2,,,,2
2026-02-26,21.5,13.3,29.4,63,0.0,0,6.5,,1007.0,,1
2026-02-27,23.1,13.9,30.6,42,0.0,0,4.3,,1013.8,,1
2026-02-28,21.5,13.3,31.1,54,0.0,0,9.4,,1014.9,,2
2026-03-01,22.8,18.3,30.0,62,0.0,0,12.6,,1016.9,,4
2026-03-02,23.1,18.3,30.6,65,0.0,0,11.9,,1017.2,,3
2026-03-03,24.2,19.4,31.7,65,0.0,0,14.4,,1015.9,,5
2026-03-04,24.7,21.7,31.1,68,0.0,0,15.1,,1015.9,,5
2026-03-05,24.1,20.6,30.6,70,1.5,0,16.2,,1013.4,,5
2026-03-06,24.7,21.1,28.9,71,0.0,0,15.1,,1011.7,,5
2026-03-07,18.7,10.6,24.4,84,15.7,0,12.2,,1015.5,,6
2026-03-08,15.4,10.6,21.1,76,0.3,0,6.5,,1018.3,,7
2026-03-09,20.4,16.7,25.0,89,0.5,0,3.6,,1015.5,,6
2026-03-10,23.8,21.7,29.4,77,0.3,0,14.4,,1012.7,,6
2026-03-11,20.5,15.0,27.8,66,17.8,0,10.4,,1015.4,,4
2026-03-12,13.9,7.8,20.0,35,0.0,0,10.8,,1027.1,,0
2026-03-13,17.5,7.8,27.2,41,0.0,0,9.0,,1016.5,,0
2026-03-14,21.0,14.4,30.0,68,0.0,0,13.7,,1012.2,,4
2026-03-15,23.2,11.1,36.1,51,0.0,0,18.4,,1007.3,,5
2026-03-16,8.3,3.9,12.2,25,0.0,0,16.2,,1026.0,,2
2026-03-17,10.0,-0.6,20.6,34,0.0,0,7.6,,1025.3,,1
2026-03-18,16.1,6.1,25.6,48,0.0,0,9.0,,1022.0,,1
2026-03-19,20.4,11.1,30.0,56,0.0,0,8.6,,1021.5,,1
2026-03-20,22.8,12.8,32.2,52,0.0,0,9.4,,1018.4,,0
2026-03-21,24.0,14.4,33.9,55,0.0,0,8.6,,1015.2,,1
2026-03-22,24.3,15.0,33.9,46,0.0,0,10.8,,1013.4,,1
2026-03-23,23.2,16.1,31.1,57,0.0,0,6.5,,1018.0,,2
2026-03-24,23.7,17.2,31.7,58,0.0,0,10.1,,1018.0,,3
2026-03-25,25.0,20.6,31.7,63,0.0,0,12.6,,1017.2,,4
2026-03-26,24.8,20.0,32.2,58,0.0,0,14.4,,1016.1,,5
2026-03-27,22.0,15.0,30.6,65,0.0,0,12.2,,1020.1,,6
2026-03-28,17.0,14.4,21.7,53,0.0,0,7.2,,1028.7,,7
2026-03-29,20.7,10.6,29.4,57,0.0,0,9.7,,1019.9,,3
2026-03-30,23.8,18.9,32.2,61,0.0,0,13.0,,,,4
2026-03-31,24.4,19.4,32.8,64,0.0,0,14.4,,1014.1,,4
2026-04-01,25.5,21.7,33.9,63,0.0,,16.6,,1011.4,,5
2026-04-02,23.8,17.8,30.6,74,19.6,0,10.8,,1010.3,,5
2026-04-03,24.5,22.2,28.9,72,0.0,0,14.4,,1011.1,,4
2026-04-04,19.6,14.4,23.3,78,18.5,0,11.2,,1014.5,,5
2026-04-05,15.1,12.2,18.3,51,0.0,0,10.1,,1021.7,,4
2026-04-06,16.6,11.1,23.3,46,0.0,0,6.1,,1022.6,,1
2026-04-07,17.2,9.4,24.4,46,0.0,0,5.0,,1020.8,,2
2026-04-08,20.6,13.3,27.8,55,0.0,0,6.5,,1019.9,,4
2026-04-09,21.3,18.3,27.8,79,9.7,0,10.4,,1017.6,,5
2026-04-10,21.6,18.3,28.3,83,1.0,0,8.3,,,,5
2026-04-11,23.0,20.0,28.9,81,3.3,0,11.5,,1019.1,,5
2026-04-12,22.0,20.6,25.6,90,8.1,0,12.6,,1016.3,,6
2026-04-13,24.9,21.1,31.1,77,0.0,0,11.2,,1015.9,,5
2026-04-14,24.5,21.7,31.7,74,0.0,0,12.6,,1014.1,,5
2026-04-15,24.3,21.1,28.3,73,0.0,,10.8,,1012.1,,5
2026-04-16,25.0,20.0,32.2,70,0.0,0,11.5,,1012.3,,4
2026-04-17,25.3,21.1,31.7,69,0.0,0,14.8,,1010.6,,6
2026-04-18,17.1,9.4,22.8,78,2.3,0,12.6,,1012.0,,6
2026-04-19,15.9,10.0,22.2,51,0.8,0,8.3,,1015.8,,4
2026-04-20,14.5,12.2,17.2,85,16.0,0,3.2,,1018.8,,5
2026-04-21,15.8,12.2,17.8,96,25.9,0,7.6,,,,8
2026-04-22,21.3,17.2,28.9,87,0.5,0,7.2,,1014.5,,6
2026-04-23,23.6,20.6,28.3,79,0.0,0,10.8,,1008.9,,5
2026-04-24,26.7,22.2,32.8,73,0.0,0,9.4,,1005.9,,5
2026-04-25,26.8,23.3,31.7,75,0.0,0,9.4,,1006.6,,5
2026-04-26,25.8,23.3,31.1,80,0.0,0,10.4,,1005.8,,5
2026-04-27,27.3,23.9,32.2,75,0.0,0,10.4,,1007.9,,5
2026-04-28,27.7,25.0,31.1,76,0.0,0,8.6,,1010.3,,6
2026-04-29,22.7,16.7,27.2,89,1.3,0,7.6,,1012.6,,7
2026-04-30,17.9,15.6,21.1,94,19.3,0,7.6,,1011.6,,7
2026-05-01,15.0,11.1,17.2,84,40.1,0,10.1,,1012.8,,8
2026-05-02,17.3,10.0,24.4,57,0.0,0,4.0,,1020.1,,2
2026-05-03,20.0,11.1,27.2,53,0.0,0,5.4,,1017.0,,1
2026-05-04,22.0,15.0,28.9,69,0.0,0,10.8,,1013.6,,4
2026-05-05,24.4,21.1,30.0,81,0.0,0,10.8,,1010.0,,7
2026-05-06,21.5,16.7,26.1,83,1.3,0,10.4,,1009.1,,6
2026-05-07,17.1,15.0,20.6,73,0.0,0,9.0,,1015.0,,6
2026-05-08,21.7,16.7,27.2,75,0.0,0,5.4,,1011.5,,6
2026-05-09,25.7,21.7,32.2,78,0.3,0,6.1,,1009.1,,5
2026-05-10,25.6,17.8,32.2,72,11.2,0,10.1,,1012.0,,4
2026-05-11,21.9,17.8,27.8,75,0.0,0,8.6,,1019.1,,4
2026-05-12,22.9,16.1,29.4,68,0.0,0,2.9,,1017.2,,2
2026-05-13,25.1,16.1,32.2,65,0.0,0,3.6,,1014.1,,0
2026-05-14,25.8,18.3,32.2,59,0.0,0,9.4,,1014.3,,1
2026-05-15,25.9,20.6,32.2,68,0.0,0,13.7,,1012.2,,4
2026-05-16,26.2,21.1,32.8,68,0.0,0,13.7,,,,4
2026-05-17,26.8,24.4,31.1,77,0.0,0,14.8,,,,5
2026-05-18,28.3,25.0,33.9,73,0.0,0,16.9,,1008.8,,4
2026-05-19,28.0,18.3,34.4,72,14.7,0,13.0,,1012.8,,6
2026-05-20,23.4,19.4,30.0,78,4.6,0,8.3,,1015.2,,6
2026-05-21,23.1,18.9,27.8,83,12.7,0,6.5,,1013.6,,4
2026-05-22,25.0,17.8,30.6,78,0.0,0,8.3,,1011.8,,4
2026-05-23,24.1,19.4,30.0,73,0.3,0,6.5,,1012.0,,5
2026-05-24,25.4,18.9,31.7,70,0.0,0,4.7,,1013.2,,3
2026-05-25,24.5,18.9,31.7,68,0.5,0,3.6,,1012.9,,2
2026-05-26,24.0,17.8,31.7,77,27.2,0,7.6,,1012.9,,4
2026-05-27,20.4,17.2,25.6,89,2.5,0,3.6,,,,4
2026-05-28,24.7,17.2,32.8,72,0.0,0,3.2,,,,2
2026-05-29,27.4,22.2,32.8,71,0.0,0,7.6,,1011.0,,2
2026-05-30,26.6,22.2,31.1,74,0.0,0,9.7,,1009.7,,3
2026-05-31,27.1,21.7,32.2,74,0.0,0,8.3,,1010.9,,3
2026-06-01,28.3,23.3,33.9,71,0.0,0,5.8,,1012.7,,3
2026-06-02,27.8,21.7,34.4,76,32.0,0,5.0,,1014.0,,3
2026-06-03,24.4,20.6,30.6,83,0.8,0,4.7,,1014.8,,5
2026-06-04,25.2,21.7,30.6,85,0.5,0,6.1,,1012.9,,5
2026-06-05,25.4,23.3,29.4,89,20.3,0,4.7,,1010.6,,4
2026-06-06,27.2,22.8,32.8,82,13.0,0,6.1,,1010.9,,4
2026-06-07,28.5,25.6,32.8,80,0.0,0,11.5,,,,4
2026-06-08,27.8,25.0,32.8,81,0.0,0,11.5,,,,4
2026-06-09,28.0,25.0,33.3,76,0.0,0,10.8,,1014.5,,4
2026-06-10,28.8,25.0,33.9,74,0.0,0,10.8,,1011.5,,4
2026-06-11,28.9,25.6,34.4,76,0.0,0,13.7,,1009.4,,4
2026-06-12,29.0,25.6,34.4,76,2.0,0,9.0,,1011.4,,4
2026-06-13,28.3,24.4,33.9,75,0.0,0,9.0,,1011.1,,3
2026-06-14,28.5,24.4,33.9,80,0.0,0,8.3,,1011.0,,4
2026-06-15,25.1,21.7,29.4,87,82.3,0,3.6,,1011.1,,5
2026-06-16,27.0,22.2,32.8,80,0.0,0,6.1,,1010.5,,4
2026-06-17,27.1,22.8,32.2,82,0.0,0,6.1,,1010.9,,4
2026-06-18,29.7,25.0,36.1,80,0.0,0,10.4,,,,4
2026-06-19,28.1,25.0,31.1,78,2.8,0,8.3,,,,4
2026-06-20,26.5,22.2,32.2,83,11.4,0,7.2,,1012.1,,5
2026-06-21,27.7,23.3,33.3,82,0.0,0,9.7,,1009.1,,5
2026-06-22,29.5,26.1,34.4,74,0.0,0,12.6,,1011.9,,5
2026-06-23,29.3,26.1,34.4,72,0.0,0,9.7,,1016.6,,4
2026-06-24,28.8,25.0,33.9,70,0.0,0,12.2,,1017.0,,3
2026-06-25,27.9,23.3,33.9,73,0.0,0,11.9,,1015.1,,4
2026-06-26,28.8,25.0,34.4,72,0.0,0,14.8,,1013.5,,4
2026-06-27,29.0,24.4,35.6,71,0.0,0,13.3,,1013.1,,3
2026-06-28,29.4,25.6,34.4,70,0.0,0,14.4,,1013.3,,4
2026-06-29,29.9,25.6,36.1,66,0.0,0,14.4,,,,3
2026-06-30,29.4,25.0,35.0,68,0.0,0,11.9,,1014.7,,4
2026-07-01,29.8,25.6,36.1,68,0.0,0,11.5,,1014.3,,4
2026-07-02,29.2,24.4,36.1,69,0.0,0,9.7,,1014.7,,3
2026-07-03,30.1,24.4,36.7,66,0.0,0,9.4,,1015.4,,2
2026-07-04,30.4,25.0,36.1,64,0.0,0,9.4,,1014.2,,2
2026-07-05,29.9,25.0,36.1,65,0.0,0,7.2,,1013.0,,2
2026-07-06,29.6,24.4,36.7,64,0.0,0,4.7,,1013.8,,1
2026-07-07,30.1,23.9,36.7,63,0.0,0,6.1,,1015.5,,1
2026-07-08,30.7,24.4,37.8,62,0.0,0,9.0,,1015.3,,2
2026-07-09,30.3,23.9,37.2,59,0.0,0,10.1,,1014.9,,1
2026-07-10,28.4,23.3,36.1,71,1.3,0,7.9,,,,2
2026-07-11,26.1,23.9,32.8,87,36.1,0,8.3,,1015.9,,4
2026-07-12,28.8,25.0,35.6,75,0.0,0,7.6,,1017.2,,4
2026-07-13,27.4,24.4,34.4,81,1.5,0,5.4,,1018.0,,4
2026-07-14,24.6,22.8,26.1,95,20.1,0,4.7,,1017.2,,5
2026-07-15,23.8,21.7,25.6,95,30.5,0,5.8,,1017.7,,5
2026-07-16,25.5,21.1,31.1,92,16.5,0,4.7,,1017.6,,5
2026-07-17,28.6,25.6,34.4,74,0.0,0,11.9,,1018.2,,4
2026-07-18,29.3,25.6,34.4,71,0.0,0,11.5,,1017.1,,3
2026-07-19,29.3,24.4,35.0,71,0.0,0,10.4,,1015.1,,2
2026-07-20,29.6,23.3,36.1,65,0.0,0,5.8,,1014.8,,2
2026-07-21,30.5,23.3,37.8,61,0.0,0,3.2,,,,1
2026-07-22,32.8,25.6,39.4,54,0.0,0,3.2,,1011.1,,1
2026-07-23,32.3,27.8,36.7,57,0.0,0,8.3,,1012.0,,2
2026-07-24,29.5,24.4,35.0,72,1.8,0,11.5,,1013.6,,4
2026-07-25,29.3,24.4,35.6,67,0.0,0,8.3,,1015.4,,2
2026-07-26,29.6,23.3,36.1,64,0.0,0,7.9,,1014.8,,1
2026-07-27,29.9,24.4,36.7,65,0.0,0,8.6,,1012.6,,1
2026-07-28,30.0,25.0,36.7,66,0.0,0,9.7,,1011.6,,3
2026-07-29,30.2,25.0,36.7,66,0.0,0,9.4,,1012.5,,2
2026-07-30,30.8,25.0,37.8,63,0.0,0,9.0,,1013.5,,2
2026-07-31,30.6,24.4,37.8,63,0.0,0,8.6,,1013.8,,2
2026-08-01,28.9,25.0,34.4,72,0.0,0,6.8,,,,1
2026-08-02,31.0,23.9,37.8,48,0.0,0,3.6,,1011.5,,0
2026-08-03,31.2,22.2,38.9,49,0.0,0,4.7,,1010.9,,0
2026-08-04,31.3,26.1,38.3,62,0.0,0,10.1,,1011.9,,2
2026-08-05,30.9,25.6,38.3,61,0.0,0,10.8,,1014.2,,3
2026-08-06,31.1,26.1,38.3,63,0.0,0,10.4,,1016.2,,3
2026-08-07,30.9,25.6,38.3,61,0.0,0,9.0,,1017.1,,2
2026-08-08,30.4,23.9,37.8,62,0.0,0,7.2,,1016.2,,1
2026-08-09,30.0,24.4,37.8,64,0.0,0,7.9,,1015.2,,2
2026-08-10,30.3,25.6,37.8,66,0.0,0,10.4,,1014.8,,3
2026-08-11,31.0,26.1,38.9,62,0.0,0,11.9,,1015.1,,3
2026-08-12,31.6,26.1,38.9,60,0.0,0,11.9,,,,2
2026-08-13,31.5,25.6,40.0,59,0.0,0,13.3,,1012.5,,3
2026-08-14,30.4,26.7,37.2,65,0.0,0,11.2,,1015.8,,3
2026-08-15,31.5,26.7,39.4,60,0.0,0,12.2,,1018.5,,3
2026-08-16,30.8,24.4,38.9,57,0.0,0,5.4,,1018.4,,2
2026-08-17,31.8,23.3,40.0,54,0.0,0,7.2,,1017.5,,0
2026-08-18,31.7,23.9,39.4,55,0.0,0,6.8,,1016.2,,0
2026-08-19,32.0,25.6,40.0,52,0.0,0,9.0,,1014.2,,0
2026-08-20,31.9,25.0,40.0,58,0.0,0,7.9,,1013.6,,1
2026-08-21,32.5,25.6,40.0,54,0.0,0,6.1,,1014.0,,0
2026-08-22,33.0,25.0,41.7,45,0.0,0,4.7,,1013.4,,0
2026-08-23,33.4,25.0,41.7,39,0.0,0,6.1,,1014.1,,0
2026-08-24,32.5,24.4,40.6,42,0.0,0,8.6,,1013.6,,0
2026-08-25,31.7,23.3,39.4,49,0.0,0,8.6,,1014.3,,0
2026-08-26,32.1,24.4,40.6,52,0.0,0,5.4,,1013.7,,0
2026-08-27,30.3,24.4,41.1,60,8.6,0,4.3,,1013.8,,2
2026-08-28,28.4,23.9,37.8,71,1.5,0,4.0,,1015.2,,1
2026-08-29,29.6,22.2,37.8,64,0.0,0,5.4,,1015.4,,1
2026-08-30,30.7,23.9,37.8,59,0.0,0,8.3,,1014.5,,2
2026-08-31,31.3,25.0,37.8,59,0.0,0,7.9,,1013.6,,2
2026-09-01,31.4,24.4,38.3,58,0.0,,5.8,,1013.7,,1
2026-09-02,31.6,24.4,39.4,55,0.0,,4.0,,1014.0,,1
2026-09-03,30.9,26.7,38.9,64,0.0,0,13.3,,,,3
2026-09-04,29.2,26.7,35.6,71,0.0,0,9.4,,1011.9,,3
2026-09-05,31.0,25.0,38.9,62,0.0,0,7.6,,1012.1,,3
2026-09-06,29.4,25.6,36.1,68,3.0,0,4.3,,1011.7,,2
2026-09-07,31.2,25.0,38.9,60,0.0,0,5.8,,1012.4,,2
2026-09-08,32.0,25.6,38.9,57,0.0,0,7.9,,1015.0,,2
2026-09-09,30.6,26.1,38.3,65,0.0,0,8.6,,1017.4,,2
2026-09-10,30.4,25.6,38.3,64,0.0,0,9.7,,1016.4,,2
2026-09-11,30.1,25.6,40.0,67,0.0,0,7.6,,1014.3,,3
2026-09-12,30.5,25.6,38.3,66,0.0,0,10.4,,1013.1,,2
2026-09-13,30.9,26.1,38.9,66,0.0,0,12.2,,1014.0,,3
2026-09-14,31.5,26.1,38.3,63,0.0,0,10.8,,,,3
2026-09-15,31.7,26.1,39.4,58,0.0,0,10.8,,1015.7,,2
2026-09-16,31.0,26.1,38.3,62,0.0,0,8.3,,1018.8,,3
2026-09-17,30.1,25.0,36.7,66,0.0,0,6.8,,1019.5,,2
2026-09-18,29.6,23.3,37.2,64,0.0,0,6.8,,1017.3,,2
2026-09-19,29.6,23.3,36.7,59,0.0,0,5.8,,1013.4,,2
2026-09-20,29.8,23.3,37.2,60,0.0,0,6.5,,1011.5,,2
2026-09-21,29.5,23.9,38.3,61,5.3,0,4.0,,1012.1,,2
2026-09-22,30.1,23.9,37.2,60,0.0,0,4.3,,1013.3,,2
2026-09-23,28.6,23.9,37.2,69,3.6,0,2.9,,1014.8,,2
2026-09-24,29.5,23.3,36.7,66,0.0,0,4.3,,1015.4,,2
2026-09-25,30.0,25.0,36.7,58,,,2.5,,,,2
2026-09-26,28.0,22.7,33.0,56,,,4.7,,1014.5,,1
2026-09-27,29.3,22.5,36.6,55,,,4.4,,1012.5,,1
2026-09-28,29.7,24.2,36.8,60,,,6.1,,1011.3,,2
